collected_at,keyword,title,link,published,source
2026-05-11 05:57:10,Toyota supply chain disruption,Toyota Still Sets the Standard for Supply Chain Resilience - Logistics Viewpoints,https://news.google.com/rss/articles/CBMipAFBVV95cUxQZ3pEN1NBMFFjbVVlN1ZIVW1YQjROdXRBMGtzZ2JSTEV6SUdQZnJNSkxOeG15NHlIeEQ3cHVKbG00WkR6TGNmbFpCcWc3Z09OVjhjRUtza3FkdTZFYjFwWFR6cm5iZFdhUXBnV0d2cW40bHFRUFRLcVBvTU1pLTB0VWFQRzVjM1B2SW5pbFNSUVdrdjVSTFdYUWtQd2c2RmhTQ1MtNw?oc=5,"Tue, 21 Apr 2026 12:43:16 GMT",Logistics Viewpoints
2026-05-11 05:57:10,Toyota supply chain disruption,"Turning supply chain disruption into competitive advantage at GM, Schaeffler, and Toyota - Automotive Logistics",https://news.google.com/rss/articles/CBMi4gFBVV95cUxNZ3RJMTB6REVHVUZuN1JPN01ZcGg1WERYZE9ZeUlGcnlTV1NIblFlZWhEbkdVZ3FmZTFaLUQ3V3V1ZVhKUU80amdjdVMyejhHZ3ZEU0J4SDZBdXRkMm1yS1V1OHRGaXkwdDhna09lRk9IQTFBRHRfWDU2eHc3ZVVxY2xIU09LOWdWSUlFSFFmNVZhMWI5ckRkcXVqYXp4RFgyT211SzBRMm40Nnl1WkZuZWhqRlBfVy1rbWRzb2Nha2t0S3JtUk5wVXJYVmJfR19VU3VHQVZ3b1pLNEJBRnFiZ2R3?oc=5,"Wed, 18 Mar 2026 07:00:00 GMT",Automotive Logistics
2026-05-11 05:57:10,Toyota supply chain disruption,Toyota suppliers feeling profit pressure from Iran war - Reuters,https://news.google.com/rss/articles/CBMitgFBVV95cUxQLXhXRm42aXJqZFRHN29tT3Z0TGZtbkRPSDFqbVBhdFEteW5ESEhJOFQzRXFqUF9RRjFDMmY2NC15TzhOa19pWk54U1FLWm5uS2cwS0FjZTdhVzBiWFpxVTNNaVVDaTM1UFZTWkFhMnZBeVJGbkhrUWQ2UHRmOFF3XzVXQTVqbDlaOThyeDZUem1JNUZ2dTZrMHZWSjdvcnZQQk9KLTRpQUExU2VNVWNPeER1bUF6QQ?oc=5,"Tue, 28 Apr 2026 07:00:00 GMT",Reuters
2026-05-11 05:57:10,Toyota supply chain disruption,"Iran war disrupts Japan’s auto supply chain as Toyota, Nissan trim production - Automotive News",https://news.google.com/rss/articles/CBMirAFBVV95cUxNMDNpRmZkbU5GYkJOTUl0ZHVLOFYySlkzX3ZmSXpHLTJQQklFNF82T1c4c19RVXJoZzRrbE5zRF93QzJXN2o4Rk9reWZzbzgzTTdnQTJ0cWNrSEFHREo1VmVJWnZlM2JwN29HcmZnVVU0SGxXb0RlS3FqQk5LdlI0aVk4VDh3blZJVGljc2o1SGF0bmJOVUJBVno0YTFsRmJWbTBvWkhJcnpMOTdL?oc=5,"Thu, 19 Mar 2026 07:00:00 GMT",Automotive News
2026-05-11 05:57:10,Toyota supply chain disruption,Toyota: Building Manufacturing Resilience with More Products - Manufacturing Digital,https://news.google.com/rss/articles/CBMingFBVV95cUxQUGdxS1FxdG9MZExTN0d4c1BmMHBOcUZsc0tVYkVXVWNHT0hKWWhYMGZiWFBHSDlncHRZWWJJTUUyV0JVUXFqcklrd0R0YWdjNzljMzZIbEo1cjFOYVRzT3F3eWxKb2YxaDZQazZxU1RnM09JV2Q3TWN6Z241TU5RYXVEdFI5emxoazVXZnhGa2dibHFkSmdmMzBmZWt4QQ?oc=5,"Wed, 18 Feb 2026 08:00:00 GMT",Manufacturing Digital
2026-05-11 05:57:10,Toyota supply chain disruption,Supply Chains & Stability: Why Toyota is Looking Beyond BEVs - EV Magazine,https://news.google.com/rss/articles/CBMijgFBVV95cUxQcHMtNHRWTE9nblU2UUxydllaT0VNZ3RQQmpiVmtEdzVzT1pZZFJYVWdMcWd3a2JiY0MtM1VRU0EyOXdFZVlOZVFkRVpDcWEtSEFxRlBZZ0tJTWFpcmg1S0FYa2UwT3hNTG9US2dSY2NGQWc0b3B1aUNfd09oV2l4YXhhZ3VQenNkVXpabWVn?oc=5,"Thu, 19 Feb 2026 08:00:00 GMT",EV Magazine
2026-05-11 05:57:10,Toyota supply chain disruption,Beyond resilience: How AI and digital twins are rewriting the rules of supply chain recovery - Supply Chain Management Review,https://news.google.com/rss/articles/CBMipAFBVV95cUxPemxCRWxUMFlHVzd0djVfNUdPaHd2MlowRjRfbEl4UkhrRWwzbHFvd25SZ0dpdXVjcjZTVVJCcFRpaVNjZUFwLTFWZXFlZVE2YlJWeWJEVjJDQTdFRjY4MjNId3JqNWxzUFhVcGtYamdXWHM5b3hHUEctWDgtUmZXcDJnOXVuOUt2M3hZMS1UZnhMUDMtaUhUTHZ0ZWlxQU84TlZaZA?oc=5,"Mon, 03 Nov 2025 08:00:00 GMT",Supply Chain Management Review
2026-05-11 05:57:10,Toyota supply chain disruption,Rising oil costs hit Toyota supply chain - Business Day,https://news.google.com/rss/articles/CBMilgFBVV95cUxOY08zSFl0V3dFdE5kLUVtV19zX3FFbU5UcWNXcXhCSlFXSXVVdGgxZjZHM1V6MzZwYk4zUjJpamZsQko3eDNvR0JmNjlIUUR4aGcwQVJaRUdNSmZBMmpDRjVXR2RUZzFleTJVdHhjUHRLYUo2U3BwWDF5MEV4aFhzX2hZYk01enJ1UXJVMnhKZ2llS1Q3WFE?oc=5,"Tue, 28 Apr 2026 07:00:00 GMT",Business Day
2026-05-11 05:57:10,Toyota supply chain disruption,Iran Conflict Turns Into £3bn Hit for Toyota - EasternEye,https://news.google.com/rss/articles/CBMib0FVX3lxTE9jN0xkQktRWjhhV0ZSV3ZOejBnaEEtalUtbVNNNUE1aEprOGpCbVZWdWxWSDBsRzNZYjdITVp3VUZybUV4Y0I0UEt4eU40V2Z3NWsxYnlJeTV0RDFHNDdkSmpBS2ZrNWc4TUNIc0lGQQ?oc=5,"Fri, 08 May 2026 16:40:51 GMT",EasternEye
2026-05-11 05:57:10,Toyota supply chain disruption,Middle East conflict could disrupt these automakers - CBT News,https://news.google.com/rss/articles/CBMiggFBVV95cUxPQ3NUamxzY25qVDJ6anBoWm5VWlBsTm1aZFhSYk5aSEFDZTBTemNpaUVUeW1IMFFHeW92VU5KSTFjdGhBZy1rNWRrTWJYb0hwWGdaVGdnS0Y2MW5wY0EyVU1zNll1VTVSUmV1dkstT1hlYjhVYUxDZS1oTmZxMVROSE93?oc=5,"Mon, 09 Mar 2026 07:00:00 GMT",CBT News
2026-05-11 05:57:10,Toyota supply chain disruption,"Toyota, Honda, Nissan face aluminium supply disruptions for Middle East conflict - alcircle",https://news.google.com/rss/articles/CBMitgFBVV95cUxPUUtQblZ1SWw2dFlsQVBGWDE4eEpwMUVfMXVTZjFiZ1k4alNvcXI3X1h1Q1gwNllRVVkyRHoxNVZXZEZaM0N2NS1aTlRjNGN6WExTc3MxVDZ1MXhxdmJwVl9CWGYyQVNuUGZtRkZ2cG5UVnV1UDZva001X215VzVlZDF3SF9yTWN4VWlqaS16Q2NtRGxDZE1xR2M4RmFnTkZHbzY2c2RielFJSmExRTNsMVBPQUlPdw?oc=5,"Sat, 21 Mar 2026 07:00:00 GMT",alcircle
2026-05-11 05:57:10,Toyota supply chain disruption,"Toyota’s top 5 risks as new CEO Kenta Kon reports first earnings amid mounting tariff, war and supply disruption - Automotive News",https://news.google.com/rss/articles/CBMisgFBVV95cUxOZmhwVXJmZm1hMktLaVFQaWdkX2p1ZjBMRlEycVF4aUUyWnR3NXpTRHczdWFTUzZkOHBfeEZCMEdGRjhJekZHX1p3RVJ3c2RwWVBzNm9QWTg5V2VrdVYxd1puanVoRzFLeG5tLWpxN29KSEtTUDhpWThUamVpOGRudEtrV0VUc1ZkNWR4djU0NGNvZjVUdnhOeEZoX0FZSWdxTXhWZFdYTnJwd0hraXFFdFh3?oc=5,"Mon, 04 May 2026 10:29:00 GMT",Automotive News
2026-05-11 05:57:10,Toyota supply chain disruption,"Toyota, suppliers weather Nexperia chip export halt with minimal disruption - digitimes",https://news.google.com/rss/articles/CBMinwFBVV95cUxQVXIwMmVnYS1EU1BRZTFUTlJEZWkwOEQ2TVYwZkUyanpBeVI0RVJocWpyNV9oTFFvVUYxeXgzYnQ5UXlialZoLVlzNHd5ZGFZWkJodTg1OWxFRE5PMFlENlZEanREaUhsb0pSa2NBV3R2VjhUZUx2V0dqOFJOSFhXRFN5MmRtWEl6YTF4QW1PaWNkVDkwM0M1RG9fSXh0MTQ?oc=5,"Mon, 03 Nov 2025 08:00:00 GMT",digitimes
2026-05-11 05:57:10,Toyota supply chain disruption,How Toyota is rethinking its supply chain for a post-pandemic world - Supply Chain Dive,https://news.google.com/rss/articles/CBMingFBVV95cUxPMWtZZmFVcFNEZ1BJZ1VhMkIxWTdUUzFTNlU5SU9LeEtmRTNyaGVITFB4aWJHRlhIcnNpZmVkb3pSa1RDVjNtX0JGTWE1b1BWcTFwR1cxRW8yeTF0ZDdPdjRHa29xTDRtYU1DYndKZ1FWdGp4WWJtTG5BMVZXYUh2S2Z4VGtkemZIZm5Ua1hpUnU2ZmFQOEx1Q192X0tGQQ?oc=5,"Mon, 22 May 2023 07:00:00 GMT",Supply Chain Dive
2026-05-11 05:57:10,Toyota supply chain disruption,Behind the Toyota Supply Chain - Thomasnet,https://news.google.com/rss/articles/CBMidEFVX3lxTE1lSXhkU0VpNVRHSHRHdUZXaUZfekZIODZGb1ZUM21rTTlwMHBVcWluRHpBQUlKQkRZSkdEaUZucHRQZThudVVEMjRCQ2kyMVZUc0J4Q0lhZ1g5TFBmNzcwUXZVRTl2ZVFJVkpYY25JWmI5S3lm?oc=5,"Wed, 04 Sep 2024 07:00:00 GMT",Thomasnet
2026-05-11 05:57:10,Toyota supply chain disruption,Toyota Takes its Legendary Lean Manufacturing System into the Digital Age - Automotive Manufacturing Solutions,https://news.google.com/rss/articles/CBMitwFBVV95cUxOQS1xOVV6cGRJQ1ktQUJHZC0zTUlGb0xpRVVsU1RDbzJBYWtmNjNnS3hyM2NDbGZUeWJ6aTlaSS1uWUhEOE1fSkQ1dlpNeFlsTnMzeVI2VnVQUWw5cDFaM2QySW11U3RIWmpuRjk0VnFucXgyS2lBWnFOaUlfUU40c29pRnZnTVhVaktmR1NqbzBqUmV1T3Y2akZvVDVtTDlCQXA5WTBoWGJUaTVWNlJvMW1FaFRGRGM?oc=5,"Wed, 16 Jul 2025 07:00:00 GMT",Automotive Manufacturing Solutions
2026-05-11 05:57:10,Toyota supply chain disruption,Priorities to propel the Mexican supply chain forward - Automotive Logistics,https://news.google.com/rss/articles/CBMisgFBVV95cUxPOG1PNUpaNnA0WVNYS053emNnNkh3RHlLcFNONmE5eVhKa1hjNGxFVk0zcVFyOGVNRFFYLTZacjlGUjRnc3dhaUR3Xzh0RkI3czEtZk42SDJiWGdOVHRYY2YtcDdNS1hnTW8yMVRFcjVUdFZsY3dxZ3U4UU5TenpTaURHUWlrWk9UdmxGU1B4LUhJZkNKX1hUTVNReWRSaS03bC1kWE5kU3hSc2d6ZUZySmZn?oc=5,"Tue, 02 Dec 2025 08:00:00 GMT",Automotive Logistics
2026-05-11 05:57:10,Toyota supply chain disruption,Nexperia Halts Chip Shipments Disrupt Auto Production - CBT News,https://news.google.com/rss/articles/CBMiowFBVV95cUxPY2tQYUxCOE5LMjNEMEFvNGFQcVIyMWV2VlBMQ1RQUmttZVJHWXowYl9tWFJpaEpPVWswelRvSDhPRjhYYXJrejBJSlBNaU5EX3pESldGQ0VxRmo1aEdPaDI0M3YxeW9lQWJ1ejlIcFFIQm1nUURRR1BuallGMXI0Wm93OVNIdHg3MHZuaGNsYTBnS3NtbUV0TC14bWhlTTMyMGxV?oc=5,"Fri, 17 Oct 2025 07:00:00 GMT",CBT News
2026-05-11 05:57:10,Toyota supply chain disruption,Toyota to invest $10bn in US operations over five years as battery manufacturing plant opens in North Carolina - Automotive Logistics,https://news.google.com/rss/articles/CBMi-wFBVV95cUxQUC0tcFVPSnU1Wlhjb2RiZ0xRLU45VzVLWVpDRlVxZmFwS2RHZWUyWEhhZ1NobERsU3hKWUtaM0lJTUp0dmViSzVVR2d1T1lTLVBrT0dlc3Nnd1JQZmpMU0tFLWk1dDdrQ3p0Y3p1YU10My05RGxtNS16ZGFkRVlkeHNDNVpmSFY4RFp5YWc1MEt1RDdsOEJrMExQMTdvQjdFUzVkUEZKa2dtaF8wU2xRdXhDMHFoSWJwRDdNTHNkTFVfT2xMMXNKT2FOMEE1MGRsRHRtalJpc1BfeGw3Rzh5a0tOclEzWl8wQWFIamtBZ0hDSnA0Z2NFUEZfdw?oc=5,"Thu, 13 Nov 2025 08:00:00 GMT",Automotive Logistics
2026-05-11 05:57:10,Toyota supply chain disruption,Daily 5 report for Oct. 7: Ford’s aluminum disruption brings drama to longtime Novelis partnership - Automotive News,https://news.google.com/rss/articles/CBMihgFBVV95cUxPWnZhZUQycXJ0V1hwdEV2aExsTGY5LXZJS0lZUjVmZWltVkVTWXVYTkJUZTVkME51OTlwZjBkMV94d05hQVJ6SkRxaXo4WWtPQnNld3JXZ0Vwd3lJWTVmdGZnQnpnQTdqSGRuREQtZDJUTzdOU0ZkQ0w0TWhYWTVFZ3ExTWwwQQ?oc=5,"Tue, 07 Oct 2025 07:00:00 GMT",Automotive News
2026-05-11 05:57:10,Toyota supply chain disruption,Toyota’s Canadian Aluminium Supply Chain Policy Transformation - discoveryalert.com.au,https://news.google.com/rss/articles/CBMimwFBVV95cUxOTGVOVDNSdlVWMlBqLV9KMDJJR1pYeGR1bkFyajIyNkVWQ0RyTHppR0VlamJhQ0lTazY1dVE1djBXeDhnTkhlNTB5dW1idnM4N1lyTlhPNXlPeTZwNTM2aVFzNDN2YUtJX0x2c1BpUWZpMVlOdkhic2tyaWtKWFRZNWl6cHdaM3pUc2lqWnZoT3k5M1hsTTN6aThkbw?oc=5,"Thu, 23 Apr 2026 07:00:00 GMT",discoveryalert.com.au
2026-05-11 05:57:10,Toyota supply chain disruption,What Really Makes Toyota’s Production System Resilient - Harvard Business Review,https://news.google.com/rss/articles/CBMigwFBVV95cUxOWUFNSW1ta3kzc3Z6LUJoWVF5Y05nV2VEZHNLUGMzREFhUXNzNm9STWJQWmhNaTltcHBVa01yNGotNFMzRTJKczlfS3Vsb01zYWJOVUF4bkc4VmZnY2QxR082bGthcmJLUV9mOTNjbEpud2ZBMEwzVU04LVg1dVIxY1JEUQ?oc=5,"Tue, 15 Nov 2022 08:00:00 GMT",Harvard Business Review
2026-05-11 05:57:10,Toyota supply chain disruption,How One Covid Case Upended Toyota’s Just-in-Time Supply Chain - Supply Chain Brain,https://news.google.com/rss/articles/CBMirAFBVV95cUxQaXVvakV1ODVycV84Tk5DeUJOdmE4MGN1R0hIN0RpMk5nYkhuenNPS0hOYWJHYlNQSnFZWTFTYktRSXdDUGJPMGczRU1tX2UxdTJQRks3dGs3SGFpY2FVS3M0TVNvdVA2R3NfV2tOZHZNSnBlVVlaSTVTWXFFUklNaFZUemttRXpELWtiU0xsQm5IVnNvN2VkcFhsemhjaEtoSG5VYy02QWRoREpK?oc=5,"Thu, 02 Sep 2021 07:00:00 GMT",Supply Chain Brain
2026-05-11 05:57:10,Toyota supply chain disruption,New York plant fire expected to disrupt aluminum supply for automakers into next year - repairerdrivennews.com,https://news.google.com/rss/articles/CBMizAFBVV95cUxNNi1DMW1yQXVNalVLUkFfdFVCOE9SWXBKSHYyMlRXWVE1dDRfNk9DYWM2RDRaNmtFWThCZVZRdUNZeE9EVVZKLXB1UDhnVDFIcnd2MFBqZnI5NkxMYXNhWjR3QWk4WHRVUm5abFZWOXZvWlNVdlc5a200WUJ1SjdscVFhVXFpX2RRd19nYmg2U05kWXZmLUhmaXY4RDlfR1h1VkZGb3dTNU9KaHplSXMtbGZTSmVsdVZfS0c2Z3J1bVRMMEx3ODFRWEpNSDk?oc=5,"Thu, 16 Oct 2025 07:00:00 GMT",repairerdrivennews.com
2026-05-11 05:57:10,Toyota supply chain disruption,Toyota’s tried and tested approach to disruption - Automotive Logistics,https://news.google.com/rss/articles/CBMirwFBVV95cUxQOWJQdGxsRHhyQ25QRGkzdnhseTJzbDZnYktCYkNleVYwODlMZjJ5aE9pZWhwOGhmUE44ZHQyWUhvaVktRGgyaE5fdG1kWmxlMjgzN28xekhlcENtbzl2MGk2ei1FQTBMSlZqUnNneVlOUVlUbmdoek1tYkFYM2Ixb09ZLU1JbGpnU21odHN5bVliRWtTR1BST05GY1EyVDF3RkxEMWJOVmhvMFJiQjIw?oc=5,"Fri, 06 May 2022 07:00:00 GMT",Automotive Logistics
2026-05-11 05:57:10,Toyota supply chain disruption,Nexperia chip disruption forces Honda and Nissan to cut production in Japan and overseas; Toyota unaffected - digitimes,https://news.google.com/rss/articles/CBMilAFBVV95cUxNLVNGbXp3WDZwMjNNQkxhVHB5STZDdlhYN0t6bWZDUFFtbTNpQlZXR2dxemFiNUJLaEhrdnMyUjFPSFdFaUw3QU5TanR1anZTaDhxeUpHN1EzeC1QQUh2MEFndjRsX1J3dy1ZZndRUHVqQTZ2OGNKNDdjQ0IycGxIWTVVRXVXN2s4RGZ4RHZYODAyTzVR?oc=5,"Thu, 06 Nov 2025 08:00:00 GMT",digitimes
2026-05-11 05:57:10,Toyota supply chain disruption,"Japan automakers cut output on Iran conflict, fear parts supply disruptions - Nikkei Asia",https://news.google.com/rss/articles/CBMiuwFBVV95cUxQaTI1bDNaWUMyWTlTektrbDVJUG5yd0F5WUFHY213SmNidzN3MG0wakx2QmFOMzRSTERCWjRCQXowQnR2ZmF4SFB6TzF6QWEtc2U2Nzc5WjBoRFFEMmhhWE1KbGpIV0FYN0VIaEJ4NkRqWDlDaVRVdzFYQWdGbFBnNjcxblRHWnRhdk9RcTFBRE9WUlo4MG1xcWxXbUJ5Q2hPckw3UUZpbzRwNlJaN3ZCT1ZWQlJiTGNfLVJj?oc=5,"Wed, 18 Mar 2026 07:00:00 GMT",Nikkei Asia
2026-05-11 05:57:10,Toyota supply chain disruption,Exclusive | A Devastating Fire at a Major Ford Supplier Will Disrupt Business for Months - WSJ,https://news.google.com/rss/articles/CBMigwFBVV95cUxOLXAtaDBMMnlwZ1VUQ0ZtNC1QeDhNdTNKRk9BdU5TQnNvUjVUbllzcHFuN0Y5V0Nhd1F3eUx3YkJMb1dwUkM5SVhEcTRKeF9yQWlQbW50VXNuUlQ3MjRrSVBNS3N0M01sWEdtQVl0VjFGeHUzU1NCU0NIRTVUamhfeUlJVQ?oc=5,"Tue, 07 Oct 2025 07:00:00 GMT",WSJ
2026-05-11 05:57:10,Toyota supply chain disruption,Toyota faces hybrid supply chain crunch as global demand surges - USA Today,https://news.google.com/rss/articles/CBMiqgFBVV95cUxOeXJJWDcyeGxXZnlBdG9sQzdhTGlfcDBTSnJmVkVtdXlNbm40Sm1FdGVfTnNFbERHZ3VySGM2aDdFZldiLWRJeldRa3lDNzJodjdGb1pzeHVyMXE1ekUtVERfVV9HcEQ4cWFTMWp4SjhMNno5eU53ZHJoNDZLRUI2cFJtNW52a1VqblBSdEtwUHBOTUZoS2FUckM4R2Q0eUtNMlc5QTUwREs1dw?oc=5,"Mon, 31 Mar 2025 07:00:00 GMT",USA Today
2026-05-11 05:57:10,Toyota supply chain disruption,Toyota sales slip as Japan automakers warn of Iran supply chain impact - CNBC TV18,https://news.google.com/rss/articles/CBMiugFBVV95cUxPQkxsRHRwQ2h0WXRKMDZsNjQ0NWFlNHdhVWk4b1htMmtLdXdwVHdIUzhEN3FRTGpreUVZWmxEMWlOZUdOUWVsam1FSlRVWVRmR2pMUzJEdVpaQlBkN1N0eGVHRDJ3TXpSaDJ4Slo3SjlaWjJSQzltOVRzckxWNnc4NGlLMlNiOFNLSTlTdUtKQ0h0NmJGMGcySHZDNTM0YkU3QmZXNndYdzhuV3czbDZxdEhBNk5aZ1hxaFHSAb8BQVVfeXFMTlZ2bmhuRXlKLUlhTjJFdEx3c09jUzhIOGZSNEpzejBCaU45aFQ0WkhxTmpqNTdDS0JyWkRSWEVFaFdCVC1PSHZhb2RhOEpyMFkxZXpkSml6c1U2UFRzcFp5MDJHYWI3SmF5U2hpSjNOUXhqZGVCVW91cjNjcGRHTkJFM1d5OFhNZTB4QzJBMmN1UFhjWW9yRVNqUFFPWTA3TFNwT2RlODJCNDBmaTBuZkUyZlJrU2lETVh3VzdSRTQ?oc=5,"Mon, 30 Mar 2026 07:00:00 GMT",CNBC TV18
2026-05-11 05:57:10,Toyota supply chain disruption,Toyota CEO Koji Sato Warns 484 Suppliers: Boost Productivity or Risk Survival Amid Industry Upheaval - International Business Times Australia,https://news.google.com/rss/articles/CBMiywFBVV95cUxQOHFETm5EOC1Fdi1MdnBjZFh3eU0wQkNGTjdHMjZCSENjVmtpREwxS3J6VzV0UmRVRWZLNzUyc25aaFhMaVVLZS1Na3RJVWM3M2JhWjBhclhxeVlXMnEwUWVlbEJDZVU5OW5XMlZ0RzVfWXlpdVRfVmFKaWdFMXI3dmI1MXBLckxySzNNcHVXcmxKcGhNX0RaWThyNGE0Qjl3S2hMUzVxVDhzVnE0TXJaZkd1RXVFQ3Y0dGgzM0s3dVMwTm1zaXZhUXFLNA?oc=5,"Tue, 31 Mar 2026 07:00:00 GMT",International Business Times Australia
2026-05-11 05:57:10,Toyota supply chain disruption,"Exclusive: Toyota repeatedly halted Mexico plant after suppliers hit by worker shortage, sources say - Reuters",https://news.google.com/rss/articles/CBMi2gFBVV95cUxQTXJ3TUpwMmo2U0JTdVBobUt5ckU1QUFud250bzFWaDlHeDg5bV8zSVdHZk0xam9MUVJOb2RIcE9GMURRaXBnalBYdzFUSjZlVGtDeHdsLVBpSWUwM0xwWnJ1TEJGeEs4VTZyckxzbDBKbmNRZjZDeTMxeUFneGlCNHFEbTE1SUg4bU9FODlSbkVhREtNdEhEcjVxTGNTQ05fN0dwbW04U0JKMTdTVk5Pc1ZubldmN1U3Q0JBR2pnOUJNY2ZPR1RUZnJ3eWpaa0ZKM0p6S2xYZ0FLdw?oc=5,"Fri, 17 May 2024 07:00:00 GMT",Reuters
2026-05-11 05:57:10,Toyota supply chain disruption,Toyota Honda Nissan Face Aluminium Supply Disruptions 2026 - discoveryalert.com.au,https://news.google.com/rss/articles/CBMilAFBVV95cUxNRjlJYmxoNi1tb1YtMTJRd0E0eWFRaGtfSjBzazV4bXdfamVFMnZrNU1rQWhNRHB2blQ3dDFZZVZ3Tl9sbGVWYV8yWEpuTjlvM29kcGRDSnA4NjEzMDdTZW1xNXhjNENJR0FkRThvbWhOQnRhQ3htSTJjQW5jTFF5a0xUNkplb19FOWphQUZJOFc0ZHBm?oc=5,"Sat, 21 Mar 2026 07:00:00 GMT",discoveryalert.com.au
2026-05-11 05:57:10,Toyota supply chain disruption,Toyota struggles to meet surging hybrid demand amid supply constraints - CBT News,https://news.google.com/rss/articles/CBMimwFBVV95cUxNS1haM282NGZiZ2twZmJacXZYX241N29mSHBqRlB0UVVFOHpIallDM243WHFub2dFSm5WWnoyQUxURXNKRTZyeFlVVHVCSmFoSFBPdXc5el94WGdfemRGWE96SVpNdWFEemdjYlQ1eFBSNm5uUFB5MVBndWN1QWFhcnQxUTlVdm1PRWZqVk42QUVOOG9GdFc0NFRXVQ?oc=5,"Tue, 01 Apr 2025 07:00:00 GMT",CBT News
2026-05-11 05:57:10,Toyota supply chain disruption,"Toyota, citing lessons learned from 2011 earthquake, expects no major semiconductor impact - Supply Chain Dive",https://news.google.com/rss/articles/CBMivgFBVV95cUxQSFAwQ2JGQ01lSzVVMzhjWHVZZ1AyY1NQRG5KbndrbnpqblRnVXJ1MFZtTS1Pa1ZfcTJPYmZFWDhfODIzTE5XWEJ6YmQ1Mkd0OW1mQmRVLTlaaVMwa2xnRlByVVVHYkw5Y3RYNHNiclc0a2ZvVG11S0RNV2RpWWY4c2NSMTlPd19WbEFrVXE0bV9wWThTOVNUWERvc0d4ZmhnVG9vdU90X2NScndaZjhpNmRWOUlGXzJQeWI5VU5B?oc=5,"Fri, 14 May 2021 07:00:00 GMT",Supply Chain Dive
2026-05-11 05:57:10,Toyota supply chain disruption,"Shutdowns in Asia sting Toyota, automakers and exacerbate chip shortage - Supply Chain Dive",https://news.google.com/rss/articles/CBMikwFBVV95cUxQS3pXTVVJVm8yak1IQi1XYWFuZFZXLV9iUnlBNVNtSE9XdXFCU21wdjBoMG9POEJDTGpiQnhHQUplNWlSV1BQYTVVTE95b2l1NGZudDJfZHRGYmItVUY4eTY5OWQ1eXVhUFMtUURsOVFLc1J1VjRyZ0RLbFFhbnIyZHVyQjkyMXpqdTZaT2FSYjgzQVU?oc=5,"Tue, 14 Sep 2021 07:00:00 GMT",Supply Chain Dive
2026-05-11 05:57:10,Toyota supply chain disruption,Global chip shortage: Toyota profits fall as production hit - BBC,https://news.google.com/rss/articles/CBMiVEFVX3lxTFBDeGZ1YUt6aC1LN1Q3b1FpWjhWTGNObWdJNkZkajA2cUNpLURZd2czQjVSRlEwZE00c2hNM3hrcmlDYzljUGY1QlBWcVFpd2J2SVZsNA?oc=5,"Tue, 08 Feb 2022 08:00:00 GMT",BBC
2026-05-11 05:57:10,Toyota supply chain disruption,Global supply chain: Toyota extends Japan production stoppages - BBC,https://news.google.com/rss/articles/CBMiVEFVX3lxTFBVWGhHSHhpT1lVWXAyaGZ2czB2NnFUbjVUVXZRM3M2ZVphR0gyZEFEQi1rZ0xIcjFnNzFtMGE2ZnAtbEhQQ1l3Wm1SeWp5MFdKUFc1TQ?oc=5,"Mon, 13 Dec 2021 08:00:00 GMT",BBC
2026-05-11 05:57:10,Toyota supply chain disruption,Toyota’s Output Slumps 26% on Prolonged Supply-Chain Snarls - Bloomberg.com,https://news.google.com/rss/articles/CBMiswFBVV95cUxNMDVTVXpZR0hOTnlTQ0NIVjZ3M05aQnNQOTdnY192TXFPb3RtWlRwYnZWQ25GM0tkNTJBN2VZMzE0VDZudmJaUTUwcjgycGRjMXhPN2xVLWh3d0w2djJ5QTVVVF9QTllER2ZabHVjYkJYNUlEY2xkMWRSdlJvUVI3djBUYkRjWVh0ZzlvSTBCdko5Y3Y4RU5qTnEtbkdIa0JBSThkZU1NZUI2aDRpcXN5VUR0OA?oc=5,"Sun, 28 Nov 2021 08:00:00 GMT",Bloomberg.com
2026-05-11 05:57:10,Toyota supply chain disruption,Toyota Hybrid Magnet Supply Chain Crisis & Strategy - discoveryalert.com.au,https://news.google.com/rss/articles/CBMiigFBVV95cUxQRzMycjNRU2l3OTRaYzZ6R3YtZXdVV0MtdlctaTFYaDF1d0Z3aW9ZTXQ5MjI0S0NiRk9wTXV6RDVwQ0M0blBWd25kN2swRDJjWmktdGdnZUhFbmZrNGZwQndjRWFvMmx1VFFKY3hDZ2xHWHZMNDExN09zY3luSkhWYTNHSml5ZWRSb2c?oc=5,"Thu, 08 Jan 2026 08:00:00 GMT",discoveryalert.com.au
2026-05-11 05:57:10,Toyota supply chain disruption,Toyota Indus Halts Production Due to Supply Chain Issues - Supply Chain Brain,https://news.google.com/rss/articles/CBMipwFBVV95cUxOTWYwWDI3eVM1NnBZRVNjVkxRd2ZyOE1LRm5OUFMzNllSa2o1RnBPWFJDYXdlZmFiWUlBUVlnOUo0UlotU1ZaTVVvRnR0Vm5ROXdYaFNXM1NkMVBKZURweWNHbjBOZFZIcTA3M3Z0Q0t2UzVkaWIyTnctaGJrTWVDNFhjZDVqeWY4VnhzQkNIbWVCdGdPYnhoWklTRGZfN2p0bnFLU2Rkcw?oc=5,"Tue, 06 Jun 2023 07:00:00 GMT",Supply Chain Brain
2026-05-11 05:57:10,Toyota supply chain disruption,Testing TPS resilience when dealing with disruption at Toyota - Automotive Logistics,https://news.google.com/rss/articles/CBMisAFBVV95cUxPQ0JNcjk0cWlSX0NFN3NQMDhfRDlkdGd0anE0bEpJMGJ5eDFjMlBRYXU0OUo5U2pVMnNqN0I5SlBUY2NqNmw3ZnRSQXpTZnBpQnRDaEtDWU5SZjV0c3l2UHZCSmU2eWNyVE91Rkc2eHdoTEVidURLX2FPam5aakRJVlV1UG1GRm5wNmgySlMyNVNmUzd0MjJHenExZHJKZnhsTG9OYXhaaVRCTmQtR19oRQ?oc=5,"Mon, 25 Apr 2022 07:00:00 GMT",Automotive Logistics
2026-05-11 05:57:10,Toyota supply chain disruption,Toyota In Crisis? Why CEO Koji Sato Issued Dire Warning 'We Will Not Survive' Amid Supply Chain Failures And Rising China Competition - Dailyhunt,https://news.google.com/rss/articles/CBMiwAJBVV95cUxPbXdDcENVMUpBcTFNVkh1VUpPZndrcG5BU3lqTlQ4dnQ0NlFJM0w0dXJ2ZVhXdERBcXFBcmhXckN0NHhmZGhwVm0wY0owZU5DOXpuRkVZQTlGeTZQSVJjN2hUYlV2SXp5SHNKc2JnMlFud3dPVHhrcV90VlF1VUwzYnFRMFpTTG5UNzdqZnNGRmRna3YwbXROQWpnOUlOUlVkOC1MS2tsbjRDNzhmOUQwMWZjZmJKM0VDaHBkMURZUGpvXzlGWkxuVnl0Qk1hNzJPeHdGQnBzV1B0UEJ0bktsLVhQU2R1RlV3WF96emhpeUtTbmNZZk5BLUxxNzFrVmU0Y3RmUTJxRUFOQUp4SEY1ckdWbUlJYjVRVERsTEhrU3NJcGstTUNvMXlnT0I3QVRSV0wySXEwWnlvMUZ0WFJFMA?oc=5,"Sun, 05 Apr 2026 15:31:55 GMT",Dailyhunt
2026-05-11 05:57:10,Toyota supply chain disruption,"Toyota’s Supply Chain Cyber Attack Stopped Production, Cutting Down a Third of Its Global Output - CPO Magazine",https://news.google.com/rss/articles/CBMi1AFBVV95cUxNOUtwZTBhSTBFRXNHQ09UVzFnQnhtT2k0ZEhKdHM1djBLaGdkTEtzb0g2a0pDQV85emQ1enhJdmZVS3ptd3N6amVGYXlndU9odzF2UlJmRjNlZGluSnUxbnRkcUJuLTlNWExsaF9pbW9wWnNlVjR4Y1FvVlFtTkNkMUh2MnpSTHFmYllTUlNPMUgtN2NqVUpocU1pWWg5c0F0YWFTTnNrVUFJNFVBeTdGbUpQSzhMWjVia3h2N1lYa3B3ZlBMOUFpVld4dDI2TzBvQ19CNw?oc=5,"Wed, 09 Mar 2022 08:00:00 GMT",CPO Magazine
2026-05-11 05:57:10,Toyota supply chain disruption,Closure of Toyota maker Indus shows need for supply chain risk management - Supply Chain Digital Magazine,https://news.google.com/rss/articles/CBMivAFBVV95cUxOYXoyaFN5dFZHQzY3WXpfR1B2aWhySXVYb2lkZlFyY2MxSUwwVFJZQVVVRWZhMlhuWEhZR1hrM0M3b09SVDNJZE9JSS03eDJ6dVVkWHRxc1BhcHc3aW1nQjZ5eHNndmlyRnh3SWNLU0sxbXVCclhmRm5EbWNHbEUzaEJZUTB2RUM4TXdhODZzN3ZmZUJsN1hoWUU4NWN6a3ZCSmc4SzNHa2stbEpIOUlqd1VfbnNBZmdNSC1CWQ?oc=5,"Thu, 08 Jun 2023 07:00:00 GMT",Supply Chain Digital Magazine
2026-05-11 05:57:10,Toyota supply chain disruption,Toyota’s production grinds to a halt in Japan amid system failure - Automotive Manufacturing Solutions,https://news.google.com/rss/articles/CBMiwwFBVV95cUxNMGpRNlVPOXU4SXJGQ2xNb2hEUC12TW9LcXVVaDhrOFgxY3ZkUG1SQ2VNTW1hQi03eG9QMkdxM2NMZTZ3QWxkOVY0clJiX3lwcy1Fdzl2czVBZl9yNHJtSnpPSEYxWXp4Y2tKbDA2R012VHd3ZDUtY19wMDN6ck4xRWM5SnZhcmJ5R0cxRnpTQ3lTdWN3bGZhTHpmcE9IdV9aOW9vVjYyTkQ2cktIWE84RWtpbnNKZjZKeG9FT2JxbGpJaDQ?oc=5,"Tue, 29 Aug 2023 07:00:00 GMT",Automotive Manufacturing Solutions
2026-05-11 05:57:10,Toyota supply chain disruption,Toyota plans ‘rolling pauses’ on production as Shanghai lockdowns drag - Supply Chain Dive,https://news.google.com/rss/articles/CBMimgFBVV95cUxNNVhzMk9XdXVvanl3UDI4d3lOcUxBQ3lvWnRtSi05RC1zbUlHcEtpVWpYQ3BDMkltcFVIOTlwazZOWkhhT3ZTNmZ5eHgyT3NkdUhsS3ZkT0JDQWlfRjM4cTlBZHI1TElyZ1haOFFOZzZxZlRSdTNvQ200Y3k3N0p4SDlySVlWV2pYTll5Wm9GRWx3eURZektJOXB3?oc=5,"Wed, 25 May 2022 07:00:00 GMT",Supply Chain Dive
2026-05-11 05:57:10,Toyota supply chain disruption,"Parts shortage, supply chain disruptions continue to affect new car production, parts availability; How OEMs are setting the pace - repairerdrivennews.com",https://news.google.com/rss/articles/CBMi8gFBVV95cUxPUVNlR2p1aWRtNy11TlJwQ1EySHVrSUFHWmVzaDl5d014Smx2TkxCTWJtZzI0V1k0MjZUaGhZM0JITThQMlFaUkZRUkxobkU3d3Z1U0RIU1N5TGdpWEdYTUhtMDBYa0VRSUpJdUxfLUFEemVXMjhNU0ZuTnR0QWV3aHVHbUVKVjVWbWxLQi1EZzlTU0pZeXpWa21JTVl3bGh6OGpVQzZDS04wYVlJckhIYldDQWF0cnFTUXBTUjlXbHJXbEg2X2F6Tm5Uc0RzTzhYT242WGgyeUhoamxvSmpUMFpTWV9Gci13Z1FSRl9kZGI4QQ?oc=5,"Mon, 23 Jan 2023 08:00:00 GMT",repairerdrivennews.com
2026-05-11 05:57:10,Toyota supply chain disruption,"Tariff crossfire hits Toyota, Nissan, Ford suppliers in Japan - Reuters",https://news.google.com/rss/articles/CBMivwFBVV95cUxPUkdWbkcwUHdBU052NkdWYThoNk8zdm4yTFlLZjlRNm1rY2d5dXdpOUtSSlE1ME5fYlRpZzlKdk10WERaSHVTZDZ4dmJDX2ViS3NTd1NydVdSNVdVdkc0MTJhVE50NTVJdWhaYnNKUHRUVWFKY3g1VU5rNUlPVS1mbzA2TU1oT3cwMW40Zk5rNG5jRDRRVFNHVndqX1FmeFVyeklIR0dQWHI2VU9pc2VtN295RXVnUzdzUXN6MlhBNA?oc=5,"Thu, 22 May 2025 07:00:00 GMT",Reuters
2026-05-11 05:57:10,Toyota supply chain disruption,Future-proofing the supply chain - McKinsey & Company,https://news.google.com/rss/articles/CBMimgFBVV95cUxOSm96Y1pUZVluRTRJTUpjajlXQTYxNDdOOHNjTmFYclVBUHRCejlid21JcDFzTjNlYUo2RjE4WE9NQ3F5SHIzSVNOZzNNTHNEWkVSTUljdW52MTVzdVc1b2N0akZ6MC1CV0pzb1BMampwSGJvTzY3Q0d6LTNqZ1R0bkFNZFlVeWh5ejNrakw2MXF3dGRhM0ZJSnhn?oc=5,"Tue, 14 Jun 2022 07:00:00 GMT",McKinsey & Company
2026-05-11 05:57:10,Toyota supply chain disruption,Toyota reconsiders production plans as disruptions pile up - Automotive News,https://news.google.com/rss/articles/CBMioAFBVV95cUxNQWl0SjVKaFJfenQ0OTdlTndhR1RqSm5fQlJNWkJrNjE0aEE4QjZwUFV0enZKNTFYeTBsckFyZ3BtLVptOGJHbGlyWnQwQjliV2xaZ0hoczVJdzRTdFUtSER5RzJXZ0VTRTNyendjNUNJUUNoMGd2d1JUYjlpOVdBOXF2S2F2QUQ2SDB3bmFlUnRRQlVRU2JzUklIZTZpTmtv?oc=5,"Wed, 09 Mar 2022 08:00:00 GMT",Automotive News
2026-05-11 05:57:10,Toyota supply chain disruption,Six Toyota production lines halted by supply chain disruptions; Japanese auto certification investigation may depress aluminium market - alcircle,https://news.google.com/rss/articles/CBMi_gFBVV95cUxQRE9odG14UkFJRVlXQWlOaWxDTV9yaFpNRndvZ1FLT3VVWlhpclg3ckVyRXlsWkNJT0Z2b2JEeTJZX25Nb25JcjBJZnQ4R0pDaEZyYlV4RmtHN2NZOXRQTmlzb2I5UnNUMTFSMGl1czVSOGp3bzA1SVg5c0RDandOb05ubTdHWlBYY0M3c29xempSSGZRNnVqY3B1ajhQYUxKOWFETUpvTC00RHdqcUtpc2c5U1ZhQlY0YlpfeHJBUlB1TDB4TW84RlYxdXYzYkdQZDBKVHEzT0dvQjNDaVVqb3l6emRHcGNTbVNJbTN0d0wzUXR1ZGNxNkJTU180Zw?oc=5,"Fri, 21 Jun 2024 07:00:00 GMT",alcircle
2026-05-11 05:57:10,Toyota supply chain disruption,Analyzing CVE-2022-1234: The Kojima Industries Cyberattack and Its Impact on Toyota Production - Rescana,https://news.google.com/rss/articles/CBMivwFBVV95cUxOM3ZVYzl1ano1eDFzNXZHZUNQMWgtVDZzMGcydTFLWTFGdGY2amxrdWZRVnE4YktLTmpNTEM4TkhTNWdLNE1MZ0dWd3RpRDBsR1ROOWZOOTM2aDJtcW1LZTBVVDhEWWlYUnFFeFo4ZVFvWm5mNjFPY0tBdl9FUGVqWkFBWFFka1RHMXZfbXdES3FUYWVRTzBwZVYxcjFhUGJHOUx2NTA3LTdwZ3dtS1c0VElOTGp2b1JuMFN2SS1jQQ?oc=5,"Thu, 10 Oct 2024 07:00:00 GMT",Rescana
2026-05-11 05:57:10,Toyota supply chain disruption,Technical Glitch Suspends Toyota's Japan Operations Until Wednesday - Investopedia,https://news.google.com/rss/articles/CBMijgFBVV95cUxPY2tfaDdfZldxV3Bhb1JLako4YmZJNDZFMXhNdEwtdFE2OEk2LWZoU1FwUzZreHFXZW5UdXRCc2VyYUtfMUFQcHJKak9KR2h2X0pVNEVUSHo0cVlSU0FGOW5kTGFYZURQV3VaZnI4ejJVcjNzZWVEeVU1NVRucmt1Q2JRZjRZLVpMbFYwMkdR?oc=5,"Tue, 29 Aug 2023 07:00:00 GMT",Investopedia
2026-05-11 05:57:10,Toyota supply chain disruption,Toyota cuts production target by 3% on parts and chips shortages - Reuters,https://news.google.com/rss/articles/CBMixwFBVV95cUxObDlRS21IdTdoS2p6WW5ya2lMcGtObEM2UEtiZE1KLVAxSU5ZbnRQUl8yYXBFNjlpNFNSaTUycW85cWJybjU5ZWtJc1EzQTNxXzlRQnBJT2s3SnBuOUp4ZlNUNzBKV2hoekhQYjB4OUpNNFFSbHdrMUtkcl9IV1RXSnpKSHpwZ0gtdGY0TkoxWm5qZFlhNHp3aVpCNXN0cGxqT3FteXl5YUdBR1h3YnNwd2FqR2hZSjhtVXg5U2hVUHlvYm4tWjUw?oc=5,"Fri, 10 Sep 2021 07:00:00 GMT",Reuters
2026-05-11 05:57:10,Toyota supply chain disruption,Toyota makes further cuts to output because of Covid and chip shortage - Automotive Logistics,https://news.google.com/rss/articles/CBMivAFBVV95cUxQOXJTUjFnVmlZM1I3bnpjbWhPOURVYnpqMGY5MzNTR01jRFlSMWYzWjhUdW1CX1pPQ0ROM0R4dHlWM3RZaS1KN1ZrVGdpWkVRXy00YzBnaS0tVjRCRWplLTZOamxlX3lyaVlYRktqMGhzNzV4V1VfbGptN2EtblRnTjdZZ201U0o3d1pBeGRoeUJKeDNYd2Ixck9vSmJIYS12TTNEZWFINm45eGRDTV9XVGJGNS14NXAteXJMYw?oc=5,"Mon, 13 Sep 2021 07:00:00 GMT",Automotive Logistics
2026-05-11 05:57:10,Toyota supply chain disruption,Toyota doesn’t let a good crisis go to waste - Automotive Logistics,https://news.google.com/rss/articles/CBMiowFBVV95cUxQWHFkM0ZEWlZJelByRTM5SmRxSkEtX2FuLUxSSERhOGNtaVBrTEhzODAxYmxHRUZQc3ROekI2OEhSSTU2aGU3Q080MGowTXN6YWN0X1pqTUZDTzVOUXVGalZuTUFLQllYNXJrNV9naEFTNEpYRzRYdWdrVzE4WGUwbjdxN2E3T2hXdW54U0kwUHlQbkxjRXlGSFVkLUk1UjZEREow?oc=5,"Wed, 03 Feb 2021 08:00:00 GMT",Automotive Logistics
2026-05-11 05:57:10,Toyota supply chain disruption,Toyota extends production halt following fatal supplier incident - CBT News,https://news.google.com/rss/articles/CBMikwFBVV95cUxPaEpidFpLRi1feElBeWowU1lmcWxzeTZETFMzbGM0T1hpdTE4UzZkTkNhUDRqOFlJUmJGb2l5LW80REtodnpCQTlZZy1uR1dUeTM5Z3k3ZUswS2xxVk84c1duWnc1SmUtUmtYVGlwU0J2RkNaa1ZEd2o2QjM1Mk1sdDVvODcxN1JGQno4a3VNY2RMVEU?oc=5,"Mon, 10 Mar 2025 07:00:00 GMT",CBT News
2026-05-11 05:57:10,Toyota supply chain disruption,Supply Chain Lessons from Covid-19: Time to Refocus on Resilience - Bain & Company,https://news.google.com/rss/articles/CBMic0FVX3lxTE1KYVhUR01xckRQSzhTeWhzOVhjU21MclhlOG1GeFpCcmZtWXEyTkJHSmpOV21JR3FMQlUzQUx0aVFoRGl4Umk2M01peXdKNEhsaFl6SzcyeHBKS1FEdnVveVVxOHgyTnZLMVVQQUl6Z1VoLU0?oc=5,"Mon, 27 Apr 2020 13:15:14 GMT",Bain & Company
2026-05-11 05:57:10,Toyota supply chain disruption,Why just-in-time will remain the way forward for Toyota - Automotive Logistics,https://news.google.com/rss/articles/CBMiqAFBVV95cUxQYkJmQlZwZW5lek1GbmdMX2tnWFJOZzVJaS1PSGNMN0loSWFrSXlndm9EanNfQnh5SVc5YzVvMExiQ21sR3IzRkFGNFlXdHBiQ0RZZ2dDaldMWFFSQlJTMVdzUGVFM214andQdzJvR2t2Z2tROGxKZVF3cUYwT3VnWW9wV0ZlU19ZOWVJeW5xdmViemZ4X0hsRG1fbk16LTh4cTJEYW95QnQ?oc=5,"Tue, 27 Apr 2021 07:00:00 GMT",Automotive Logistics
2026-05-11 05:57:10,Toyota supply chain disruption,Toyota's 'Quake-Proof' Supply Chain That Never Was - Forbes,https://news.google.com/rss/articles/CBMimgFBVV95cUxQeUpqVHlraWNhSklOUnVsYjk5c3dRb1JpNi1aUkFPckRZMUc2Q0FyZXhheDdTQTZQYV9qX2F1dXpwdDZweFlLb2U4dUFQcVZxUFBVbkEwWm5PcUFNOFlrLTNMa2RGRlFnV3RsZVBORkhNRHVYU0hlZmtzYzVyT0NUSnJKRzJ1aVhyVHU5ZG9wRlNZUGo3RjR4NVd3?oc=5,"Tue, 26 Apr 2016 07:00:00 GMT",Forbes
2026-05-11 05:57:10,Toyota supply chain disruption,Toyota Halts RAV4 Production in Japan Following Supplier Explosion - Assembly Magazine,https://news.google.com/rss/articles/CBMirgFBVV95cUxPUDFFblBuaTRxazBYSjdVcXQ2WllJbDl3bWRrZXhqdmNvWHFkUXZTOG1VdVQ2a2xJOC1OT1lJakowTzVoMTFmT0lJNVhrbjNndHVjYTF4WEkxaG9xSmtPTlY4N2Z6cWpDRW04UVVNc19tZEJHbDk0d1A2V2xKTHhZZHpkVkZBSWFBLUVDRTl1cWNyWDRydFZ1MTNWMC1UR1lvMFViVWQ1RmxDSVFGQ0E?oc=5,"Mon, 10 Mar 2025 07:00:00 GMT",Assembly Magazine
2026-05-11 05:57:10,Toyota supply chain disruption,"West Virginia factory is center stage in supply chain crisis, showing economy’s strains - The Washington Post",https://news.google.com/rss/articles/CBMijgFBVV95cUxPTHFvSWtLb1lnUXcta2Q2ckZzeHhuRk1hakh3VHZ1NC1qdDQ5VUluTUxpbzJJajhUQ0dIeDlQUTd6WXNjaDlKdHNIVEFfNWNDeldMMEU5dHliZk5PWUNNNWhGdDk4Uy1VbnJobDdfRmpST2Q1M0lmVEptbnBSczNoMWNKS1pZLTJnd1p6bUZB?oc=5,"Sat, 08 May 2021 07:00:00 GMT",The Washington Post
2026-05-11 05:57:10,Toyota supply chain disruption,"Toyota, other major Japanese firms hit by quake damage, supply disruptions - CNBC",https://news.google.com/rss/articles/CBMirgFBVV95cUxObXc1aTU4eHFCellVR0hmLWF4RG9IOUo0VXJqZlcwVGd0UEtFVWFDckQ1TXhiQ1VhT2diZ3JOY1VPaDV1UDBCWVZ4S2dIdTVGWXM4bnROV1JmZmllV0FxRTVaLWhranR3R1JfZjUtNWxnMkIzSERsYVRsWkNXbHdrb3AxRzFYMC0tYThhVWZYY0VfOVNKZTdaa0hLOWtpZURhTElIOThJNUIwcmZqcXfSAbMBQVVfeXFMT0dKN21YLVk1UzY4bEVUamwtREtzNE1SQUV0VkpWN1JRalBnMTFiQlhuaGMzeDlNbGJpVkxITjZwZkFvR0NyY3d2RGJnaXBzX0YtUW5fQTNEbkQwMWhtUUFsUUxqOVQwZjI4NzBPalRmNTlJUXV6Vl9ieUVybnNHRktRWXdtbEVwYURQbmN5cURYLWVaTWNLY1dqWGNzOWZPM2Y0Uzc5V25mYjF0d3JUcWtLeHM?oc=5,"Sun, 17 Apr 2016 07:00:00 GMT",CNBC
2026-05-11 05:57:10,Toyota supply chain disruption,Covid-19 pandemic: Supply chain disruptions in Southeast Asia affecting Japan and the world - ThinkChina,https://news.google.com/rss/articles/CBMiuAFBVV95cUxQaVBFOTdCaGJEUmduUllTWWM5dkJ5VEpydzdlc2VIYkU3em1Jb1RjcWhROHoySkxXNUVnY0tYbnJiRFBoVmpYUjBqT1Mwd05CUVhfNjhucFdBRWtOdGxzUjBHYzJOME5uQmp1TU5GOTktRWRHci1uWEstb0VXNGdxelp6d1N3RDVWUnY0eVBWZi1iNzNsUWJEd09ZblFnSlVPb2Mzb2FEX0xnajlPR2wwOERiLXlFSE1X?oc=5,"Mon, 27 Sep 2021 07:00:00 GMT",ThinkChina
2026-05-11 05:57:10,Toyota supply chain disruption,Cambridge Toyota plants impacted by supply chain disruption related to border blockade - CambridgeToday.ca,https://news.google.com/rss/articles/CBMi0AFBVV95cUxNaGYyQlJIZ2RJeUIwNHBaeTlYNWR6blMwcG82ZHpaYnVQQzFjNGN3bFhUZFVVQUNvQXdWLUd5UjA3M0ZFMWtyX0piMk8xMTBjeFRSTkRSY1BZZlZLdElhMWluNzFadm1DZnN3NHYzTFQzeThSZTlGN2loaGZGcnZSalRsTXgwRlltVVpsdldHRFp5aGVvTzU5QzQyZ3B4QlhUS25DeHpFUzRhUzFXWkZVWmhWQWZSSk9VU0k3VVBSRndUOGRwS1BNVWhnemZ1Z3dZ?oc=5,"Thu, 10 Feb 2022 08:00:00 GMT",CambridgeToday.ca
2026-05-11 05:57:10,Toyota supply chain disruption,A stronger supply chain since Fukushima - Automotive Logistics,https://news.google.com/rss/articles/CBMikwFBVV95cUxOY0FzQi1fTFFreHBFLWZyRExTYklCa1BjUWNLdW9fMGdOSUZnS3ExQTlXejF0ZkJiTHdtaWh6WkU2U2RiNndaRU9lM0RkYkNoX0ZfTkVwb1owTUFzdTVKaFQ5b1RBWV84YUw0N1hlZUJQSEh5RXBCVVBteEtabWZTcXpYQ3NGNkE4SzhKbTQycTk2cFE?oc=5,"Mon, 22 Mar 2021 07:00:00 GMT",Automotive Logistics
2026-05-11 05:57:10,Toyota supply chain disruption,How Toyota kept making cars when the chips were down - Fortune,https://news.google.com/rss/articles/CBMifEFVX3lxTFBIOS1HY2NxcVZiNEFJNk5mQ2RqTFFZTEdPNVB6Ml9EbW5fdFVkSWZZLXVTQUFacGxuZHdkYV80V0NLVnJwMGZ4TmhZT1c3SDRsNWh2R2VlVS1xc2dSMXEwTGo2Vjd3MEdnaU1QWnBhaDloRXRUeXJHbzhnckU?oc=5,"Mon, 02 Aug 2021 07:00:00 GMT",Fortune
2026-05-11 05:57:10,Toyota supply chain disruption,Toyota slows Tundra production in San Antonio amid semiconductor shortage - San Antonio Express-News,https://news.google.com/rss/articles/CBMipgFBVV95cUxNR3JlTnl6N2MxazdTMFBIRlQwU2VHaUtvemhLanhud1RjLUdMVUIyZXZnLU05b2JhOXBxaDN1WmRiaTNiNFNMb291YklXTFh5RXAzT1k4WmZ2SmQ4SlVwSFpyZjZwZFdYWWdfaU92ZnZ2a1Z2ZGxLY2syMzliZkpIQ09YbmxZVnZ0Y3JzU1gwZEpFZk0zYlp1THVwOEprN2J0XzJyVHBR?oc=5,"Mon, 11 Jan 2021 08:00:00 GMT",San Antonio Express-News
2026-05-11 05:57:10,Toyota supply chain disruption,Fukushima earthquake hits automotive and semiconductor supply chains - Automotive Logistics,https://news.google.com/rss/articles/CBMixAFBVV95cUxNZERWeU1jQnlLY3FETGVDNjN1MTB4ekV6aFBTTU1KNWw5M3Vsa29DazZzRzhQZm9kUG5uOGo2OUlKN29lVDB2N09QRF9YdHRacVQ2bmQ0bEpjNWFjLWl0UW00RUpLWUpZbDQ0U2pTOWdzZ1Z5MWwtRWtSVmY4TFZBSHlTZ1FhTDV6R05LZHhYMFRmZ2p2NkYtT1NKX3BfYkxVcDh2YmtxTmFyM0kyV244VnBfY183blRqWndoMTBmMEd4bTlB?oc=5,"Tue, 16 Feb 2021 08:00:00 GMT",Automotive Logistics
2026-05-11 05:57:10,Toyota supply chain disruption,"China's COVID curbs hit Toyota, Volkswagen and Apple supplier Foxconn - Reuters",https://news.google.com/rss/articles/CBMiwAFBVV95cUxNMFRnTmctaXItQ3paVXhleUE0ZjdMR0tRTERIbGhjMV9FLWRRbWNReEgySUlUNlRuelFxVmZUTkdtd3FQVFNlQjVDenNKcjhZaGlLT0NIc09nVDZOY3lMS1RyNmUwekJ2Qlg2SUVLSVJzV1U0dVdlTnhIQ3Y3b2l3cXNScDdaR0NjWjFnSXBESFVvTkFwUmFBQ3Q2ZFpTdmVOWDRfbkdfdC1maUhOUjFMQXZ3NkdwLXBHSENoOTY3cjA?oc=5,"Mon, 14 Mar 2022 07:00:00 GMT",Reuters
2026-05-11 05:57:10,Toyota supply chain disruption,Toyota’s reliance on 1 supplier drags out long shutdown - 朝日新聞,https://news.google.com/rss/articles/CBMiVkFVX3lxTE5JUVBpWlJQQ0xKWERfRnlFdWxCQmp4SHNLVHJmWGZHTjNCc0NITUdFMC1ldm5CQ0syMl8xQVBxazdGeTNhUU45VWVQSW1ZNDVibE8wZXBn?oc=5,"Fri, 27 Oct 2023 07:00:00 GMT",朝日新聞
2026-05-11 05:57:10,Toyota supply chain disruption,Five Years on: Toyota's Efforts to Build a Disaster Resilient Future - トヨタ自動車株式会社 公式企業サイト,https://news.google.com/rss/articles/CBMiUkFVX3lxTE9XZUNWaGRBZktzZC01eWN0TEpqV2pEOE5BUm9ISmpLMDEwbXBETDE2b2pPRVBSalNJTXdQZmVUMmJJWmdmbzV3bGJIZHJaS2xzemc?oc=5,"Fri, 11 Mar 2016 08:00:00 GMT",トヨタ自動車株式会社 公式企業サイト
2026-05-11 05:57:10,Toyota supply chain disruption,Russia’s invasion of Ukraine is a long-term risk for the automotive supply chain - Automotive Logistics,https://news.google.com/rss/articles/CBMizgFBVV95cUxOS3ZYX2VnQWd3aHBhM3B1Wlh6bGtTTGh5Snp6VzhfTXJSd2JDemdBa3p2S25tejN2THk5dUhMS3djbF9neVFZaFNWYktqSlF4RmpOajZHZV8tYjFXR20yYVBvU0x6ZkJBZUoxdXlka3d3U1puV3pTekhXM251TmxBY0hLZk02S2FHcmhTS1RXNkV0UndOUl96WFJlRmhaRVZkQmFxVzBJVGU4Z09iNmNtOUR1dDhMT3hmdGxfUFhHS1RQbWMzWEFpdkVQZGE4UQ?oc=5,"Tue, 08 Mar 2022 08:00:00 GMT",Automotive Logistics
2026-05-11 05:57:10,Toyota supply chain disruption,Reducing the Risk of Supply Chain Disruptions - MIT Sloan Management Review,https://news.google.com/rss/articles/CBMiigFBVV95cUxPVWE4X0lEN2JYb2NiclpEUE50Q19JTlBXNzA1eFBVdUVyVk94ZGRnWkZzQmJvd1U2MTBWZWJlR0JTY1BobHBFYklBN3JqVDlTY1RwQW4yM3g3elNqeGNrTHY4aDJIeGJCdnFFT1k3bGtnVEFxc0VKRWVWSG54UTJMMjUtZVdMVmFlbkE?oc=5,"Tue, 18 Mar 2014 07:00:00 GMT",MIT Sloan Management Review
2026-05-11 05:57:10,Toyota supply chain disruption,Toyota cuts production due to Covid lockdown in Shanghai - BBC,https://news.google.com/rss/articles/CBMiVEFVX3lxTE0xZ3N5WEJXMEthckNWVmNORmI0SV9UNk52Ukl6N3h1ejRJVEJTWmxZNDVQcHgtbTQ0RTk2M3h0SFZqVnFvVGVuV3oxN0RwdlR1VUtOVg?oc=5,"Tue, 10 May 2022 07:00:00 GMT",BBC
2026-05-11 05:57:10,Toyota supply chain disruption,How the war in Ukraine is impacting the auto industry - Automotive News,https://news.google.com/rss/articles/CBMihgFBVV95cUxNYnZ2OG9saFp1amRLX3hwaXRHREloVW1TUFlzRzdNUzNxb0ZSNWx4NkpiNUk5cHFhLTJoYTRkWWpfbFM0ZVdrY3VNakxTUHRyX0VKRmpCWmhqbERaOXpoRFl0RldQQWUyZ2Jqc2pDU1pDZTlzYk03RnVkTDI1MnQ1dzNoRXl0Zw?oc=5,"Fri, 11 Mar 2022 08:00:00 GMT",Automotive News
2026-05-11 05:57:10,Toyota supply chain disruption,Leading manufacturers Toyota and Rolls-Royce's profits hit by supply chain disruption - The Chartered Institute of Export & International Trade,https://news.google.com/rss/articles/CBMiywFBVV95cUxOd1VVT0ktSFBVeXdNREtLYTRyZ3hUU2VHa1o3OHJQNlJPUXZCWmIyX0ladXBORXhMT3RPc3NCZTMzcVZqcVg0TFhSMko5WGRYSEpOY19zdGpRNkUyYUZ3VHZMaGVWTGg2LTFOd3NNdVAwVTZpOVBLcjJLOTdTeUVucHJxd0hqMTlBRmllVDR2M1A2M3lndlpIeHFCdjM4UlEzc01neUJTS0tGNU1MMXFReU1rNWdyMkF5dXhvWGl3QXNTUkZ2SXgtNGNKOA?oc=5,"Thu, 04 Aug 2022 07:00:00 GMT",The Chartered Institute of Export & International Trade
2026-05-11 05:57:10,Toyota supply chain disruption,Toyota: Improving the Supply Chain with Lean Automation - EE Times,https://news.google.com/rss/articles/CBMihgFBVV95cUxQSFNzQnBTbmxsX1ozUmtKcFduS29uNU5ZcG1kai1NQVQwS0ZCQklMRFVTWlNvTGRaTG84NTJNaURSNDJnUEk3N09XajdEQ2xWRmZ2ck16SlExN2tzVWFGamVlQlkxc3E3NjdxZzBnS01saEpvMFNrdjZhR181MHA0Y1NnMnlnUQ?oc=5,"Wed, 02 Mar 2022 08:00:00 GMT",EE Times
2026-05-11 05:57:10,Toyota supply chain disruption,Toyota suspends domestic factory operations after suspected cyber attack - Reuters,https://news.google.com/rss/articles/CBMi2gFBVV95cUxQVFFnclpDM09qYi02eHUwUmZ5WjdUTTRsQXAtZ05EOV9RTHBOSFZqdUVsLVNWMWxSNGJGZnlBVUhmQllUdWhHSUFxV3Vtc2lIbi0zSFd6U1k5WWM4YWF4aDFQQnFPcE5zdms3NldIYklXazRGNWRKcDhjV2JVNHg4MTNsbEhMWHNsZzlQS3ZCUzcxR2lKbHNpeWlvZlVhTGU1MmNJbkpIQW1oRGlpb2tsY2xTakxYNHdqamF3SmUzLWpIdDdiTGpUZzJEeVNmU2FsX05talN5elhxZw?oc=5,"Mon, 28 Feb 2022 08:00:00 GMT",Reuters
2026-05-11 05:57:10,Toyota supply chain disruption,Toyota’s Strategy to Overcome the Daihatsu Safety Scandal - Manufacturing Today,https://news.google.com/rss/articles/CBMimgFBVV95cUxOYmxfSGw5LXh3YW9fRXJjMkdpSkdYWkwzeTU4SkwyZEVtbzRrT05rQW5fX05YYVNmUmg2TEp1QlZqTHRJejhTR2ZGZVprYVlDc1dLdGdLUXR3V05BOURtSEoxVTBRaF9OcWJoQ3JzYlNjMjlaRFQ3YVdsSUhyaUJrOFVlNU9nMENtejdjVHlHWkdPSGRHMlptVmlB?oc=5,"Wed, 04 Sep 2024 07:00:00 GMT",Manufacturing Today
2026-05-11 05:57:10,Toyota supply chain disruption,Dealing in low inventory: why dealers need maximum pipeline visibility - Automotive Logistics,https://news.google.com/rss/articles/CBMiywFBVV95cUxPVnVKRGZPLXNfSjZXejhleV84bDdMVVJlWHgzWkl1a3ZNSjdCSDQ0eFJNQnNVMkRWNW94S2djc202UldqbnRad0tMU0k5YTQyVnlwa3hEbkd2amd2aEY2S0phbURfelJIYkZPcGxJUnZwSVJrZXhvSkRWUU9kcmNkOEVtS1lrd3hZeXhFVnVFYmxFSnVDS1RSNmhBbVBhNVVSY3M4WkJwUWtPTHFZVVNBMDNMcFNjX09Ha2ZhcngzbGdsV3Q0dGZkUHk5VQ?oc=5,"Wed, 30 Jun 2021 07:00:00 GMT",Automotive Logistics
2026-05-11 05:57:10,Toyota supply chain disruption,Floods hit auto production and supply in South Africa - Automotive Logistics,https://news.google.com/rss/articles/CBMiqgFBVV95cUxQZVpzZ3pMaXJObXo2ZFJ3czZpZXdSZXdCR1VrRG1MTS1tUzVONnliN2NaTm9EMEE4ejFzOE9TYTFTUUhiX3ZTRlhYVmt6TTE1YXJibl85Qm41MG1NMFY0ck01Sl83ZGUxTzFOazZoRDRPVGhQNTZzZlZvX3RMdVBEckl3M1ZoZkRhcUxfOHRuTnNIVXhXYTA2OVpiRlAtbVNpTXVuNHJhLUx0QQ?oc=5,"Mon, 30 May 2022 07:00:00 GMT",Automotive Logistics
2026-05-11 05:57:10,Toyota supply chain disruption,"Japan earthquake: Toyota, Sony and Honda suspend production - BBC",https://news.google.com/rss/articles/CBMiVEFVX3lxTE9TcnBWLVpYRzVCS2xLU2JiVmM5eVJXbjdiY2dfeXcxcDZIZHR0SVpWRGdKNThMNHp2NzI0Tk1tOGVVU3A3WU9ySHpqdHhIak1qWFBTOQ?oc=5,"Mon, 18 Apr 2016 07:00:00 GMT",BBC
2026-05-11 05:57:10,Toyota supply chain disruption,There’s a Four-Year Wait List for Toyota Land Cruisers in Japan - Bloomberg.com,https://news.google.com/rss/articles/CBMitAFBVV95cUxNazhOQ3E0ZXJmUlc3bjEzUWkwZ1NEbW00MF96SVZ3emFWYWFrd2lwTGxzOWZkOW9DdDZkeWpvSFZPZWRTM3VlSlN6OWxOSVJTajlabjNPMlFqbkpKd1JnMVU1RmZOMVZqOE9FVDRJWi1vLTVnS0lUUVhraUQ5eE9fWkh4SUhyejNGeHNLck5jd3JjWHphYW5MWERSZGdDci1HNFUzWkF4ZmRaX3AxT1REaHRGZEk?oc=5,"Thu, 20 Jan 2022 08:00:00 GMT",Bloomberg.com
2026-05-11 05:57:10,Toyota supply chain disruption,Toyota Land Cruiser customers in Japan face four-year wait - BBC,https://news.google.com/rss/articles/CBMiVEFVX3lxTE5FNnp4SnBzOTNCNXI0NC1sMUFsMmJtZUVPNlNpS1FMV0RCRmI0Qzk1MnJGdnlBUjRxUFN1b19vUy05ekxHbF9COFNUcWxmNGhKZTNMSg?oc=5,"Thu, 20 Jan 2022 08:00:00 GMT",BBC
2026-05-11 05:57:10,Toyota supply chain disruption,After the disaster in Japan - Automotive Logistics,https://news.google.com/rss/articles/CBMiogFBVV95cUxNWXp1ZnhvbE53QTIzMF9Ja2RmT3I3ZjJOYWtYa09nVGNIVVR6QWJXcmJLQTJDWUVBN0dnVmpuTnlqVmFDV0Q1R1Vqa1lmbGpPLXdkVF9LTk1DSGhoTW5hZ3RVb2dOcHFCZjV4OFJheEYzUDRLeGkxX3FfdGJuSFB0cVA0Q0RpZTI1cjNOTzAyMFJlZTRHLTN3bXh5MDFLWDIwcXc?oc=5,"Fri, 01 Jul 2011 07:00:00 GMT",Automotive Logistics
2026-05-11 05:57:10,Toyota supply chain disruption,Thailand floods affect more automakers' supply chains - Supply Chain Digital Magazine,https://news.google.com/rss/articles/CBMimAFBVV95cUxNb0RLN1lSc2NDSDc2WWRTYi00TzB3aGp1a0JaY1lxak83M2NoR0NBT29fTFhROXdtRHhlUXh4a3NhakNSYlkwWEN1V1pZVjgwWUZvLVhDMDUxYmxlV3NWSF9IOElTSHIyNkktal9ZMUJzRnJPLWhxNjM2aXBRTDU5clQ2eWxBQmZPM2x2bzkwTXl1ekQzajJmRw?oc=5,"Sat, 20 Jun 2020 05:48:56 GMT",Supply Chain Digital Magazine
2026-05-11 05:57:10,Toyota supply chain disruption,Toyota top-selling automaker for third year running - ET Auto,https://news.google.com/rss/articles/CBMiwwFBVV95cUxOOGR0bDJoNF9NYm9VVkgwel85cXVtMkltMGdpVU85Y1g0NnFieXFYTUpWSkJUd3NZaDdBS040Z3NzMjVITElpWEV4NkVPZGlOZi1hVEgzaUlEQnNjTVFUc0Y2TUdwb1JFeVdxY1lYWkQyRTV6UjZGU0gxbmVxWjRaOFNfeGhvakprMEdLWjVmd3Vlek5ZUkNRUXptNF9KV3M0X2otOWtGeXo1RWhHMlVOeWFIYWQtZ2xNU2FVYkY0TmN5RUHSAcgBQVVfeXFMTXJJLVJLNWpaV0lqOW5zeXRVWENjMjhyZE9fejhKU0xSTjFPWjJ3RUItYXdrclVMOWhRbGs1Y2tYanJMYkk1VW1oZDFfSElPXzIxeFVndVhqSE5XOXg0NEFBYndXTzIxZFRDbXB2ZjhEcTlPdFB1MXQ4aEJFTkxpaWloenFSajlUc3hlN1lSb1RiNDc2QmtwVTh2MkRBSmlVMy1HdDJsVzBsSGFDcUdmdEpFQVpGbF9pNzZib3BCWTFERDhKRzZkR3g?oc=5,"Mon, 30 Jan 2023 08:00:00 GMT",ET Auto
2026-05-11 05:57:10,Toyota supply chain disruption,Toyota Halts RAV4 Production in Japan After Supplier Factory Blast - Indian Autos Blog,https://news.google.com/rss/articles/CBMipAFBVV95cUxQS1FSaUJFNmxIR3AzakNBTzhxcENKSHd0WEE0d2xnTkJ3ME1jTUtudW9tX2Jkbkw3ZW1hMmVLaWdRV1JtR244aDhoVU5DdWFDb09xbC1xc2EzeU1ra3pRTHlPWVlsbTNFSk51MFJlaHBCbU5yLUp0TW1McGw2YVFHc0tEclVQX0tsbkxVd05CNXVILUhDLWlZenJlVlVDa25UUktEY9IBrAFBVV95cUxNWnpleW9Ea3lZM0JMOHE1ZkVlSV9aR1JOb1VWVG1OTHlWTzNscG5UWU1wZFlPYUphNS11QjRXYy1SMUNuN0l3Wnh6a3E2MkV1c1pZSmhFLUNleFA3UE14cUZXZXhwaU51NlhZM3JhcC1XUUVaQ2lEMEVFVUNKN3N1NUdJYjNhcnNEVEVoSUhLQ3J1UUd5c3ZPd1M4dkJ2bER4MzFRNm9WblkzaTU4?oc=5,"Tue, 11 Mar 2025 07:00:00 GMT",Indian Autos Blog
2026-05-11 05:57:10,Toyota supply chain disruption,COVID-19: China lockdowns blamed as Tesla and Toyota car production takes hit - Sky News,https://news.google.com/rss/articles/CBMiqAFBVV95cUxQYWdrc2p1WGZPOENhR201NVRlZUozUVpYSk1neVBRbTU3QjJySXFuamtHaVZyeEdPUGJWSEUtRUZMcldFY3FLWFg4SjdQQ2lOdi02Q3laTG1fY3p4MEpVRnludDlaWGVibmJMTDU3aEtTWUtjNlpod25jaEJoUDI4SjVXcW1CLTd5Zy15TUFTbGthejk5SXJST21FTWI4UGxudmN3TmtqeGU?oc=5,"Tue, 10 May 2022 07:00:00 GMT",Sky News
2026-05-11 05:57:10,Toyota supply chain disruption,"Toyota to exit Russia, terminating auto production and sales - Nikkei Asia",https://news.google.com/rss/articles/CBMipwFBVV95cUxPWUNRcHRtbWdRNkVwcUpUMXdWT0lsa0VyVzdWQ1FQeXJDVUpyVHNWTG5FRGZzSDFmYWNaM1lRZ3JLT1JNczM5Zm1wY1pwSDQ3WUd2RDNDNC14eGwxeVdPVUttYVJ1RUtadndZRklYTG1nWkE2MlVNN3VUMERBcnFXelNmbFNYc05JSmgxZExsT1VDc0NkRkgwMHJTMHdqZzIycUx2YTFUVQ?oc=5,"Fri, 23 Sep 2022 07:00:00 GMT",Nikkei Asia
2026-05-11 05:57:10,Toyota supply chain disruption,"Toyota, Honda top list of carmakers facing climate change risks - The Straits Times",https://news.google.com/rss/articles/CBMiugFBVV95cUxOYllLMkNGYVRuYUtSZ3BjWm5NdFRHX3A3MkQwdzN6MEk1RnpGTWxENVl4M21RZ21EZHRERlV1V2Jfd2tCUE9nekoxblVrQWxTdHFzZng3OVN6Rld3ZnhONm1YNXliNDE0SHZYMGVDQ04xd2xFM3pGVzVNT1h3ODRsbGptZ3RnamdMVWdPeTUyMmJSbFg1ZkdfLWhObG1MNlhaQ1ZORWc2WnN4NlRtalFVQmIwc2hBaTNYblE?oc=5,"Fri, 26 Aug 2022 07:00:00 GMT",The Straits Times
2026-05-11 05:57:10,Toyota supply chain disruption,"Maruti, Hyundai, Toyota say production schedules unaffected so far by coronavirus outbreak in China - ET Auto",https://news.google.com/rss/articles/CBMi6AFBVV95cUxNb05nYmFXNlk2bExzVEhHYWc4ZEdWbmUweV9scmc4THVCYnlUWjlYbUFpejUxZkNzUTAyc3NhckloODkwb1RtVW9BblBPTjRsT1VGbTB5RVlNZjVlaXdEZWJYT01hR1FUUWtIVzJ5MERlMjB5YVRlXzNaYUNMcnB6SFRBTW1qZ2E5NmpWYlJkU0FETzZPUVlWYjJpempNdVJURElQWnFuSkVhaTZ2NjdoSmxLdVNWZXFiMHdsaHNsQkZTWjVORlU0NmlsTVRPYlRCUUpCSThkUXJLb29EMEtDeU0yZF85M2Vv0gHuAUFVX3lxTFBtcG9GbkYzTENzWEFUcE41dE43U2FILUhNcS1iTlZobDVnZXU2eHBLR2FFNUFPRjBVUmFsdkRwaXB3RHp5Y2NoYXJyeGlQamdqNng2YzU2cmVvSGc3aTdsaWFpRUVhX0JLeG85dmVETmwxanBIS1dIV1RSelRoV3BUZ0RLcHpyV1NuOUlNeEFGWi01bGl3UjJKYU4tVGI3dlJjS1NtM3BqeXBDLVdST3Z5Nk9GN2JOSHpXMmtoR1hHcWxnRUluOW9fN2xzMmM3RmlkS1NVZkRSNWpJSnhpZURFNUE5bDk5bGtGOEw2Rnc?oc=5,"Sun, 01 Mar 2020 08:00:00 GMT",ET Auto
2026-05-11 05:57:10,Toyota supply chain disruption,Toyota Temporarily Suspended its Operations Again - Pakwheels,https://news.google.com/rss/articles/CBMiiAFBVV95cUxQdmpjZDE5THZMazdhank3U3J2T2o3V2I5TWR3QUtDOGs5aTRCdG9xZUgwX0k2QjkwTGhzS0RxejRtZExlazN5VURuUG03MGFyMXFuQ3BUQUZlZWlPUlRRY183T0JjWXNINWhFVnp4MGRoZlliM3RkOXVmRHlPX0MySzVOME0yMDZs0gGOAUFVX3lxTE4zVDNVaTh2bVdYLWVDYTVjcVVMU3ZYakJWUXlha2thRnUtZlZKQVgzZlUzUTdySnkyOE10ckp4NW9TOXROb19QOXBJSTJDdWJxZUZRdzcwcDNvUUdVVzZ6cXJIWWg4TkZlbThTbWpXVHNtZVNGLVFCYVQ2Zm1sX0VnQjJtdnRPMzdvRDlKLWc?oc=5,"Wed, 27 Nov 2024 08:00:00 GMT",Pakwheels
2026-05-11 05:57:10,Toyota supply chain disruption,"TMP’s Vios production hit 119,336 units to date - Manila Bulletin",https://news.google.com/rss/articles/CBMigAFBVV95cUxOdzNWZHVna2Q3YjdtdVd0a0VZaS1HOGc1a3ZVUE5CMDJFd1k4UHdZcER5S2NVZ01IWWZ4a3RiVWU1N3NZb01XRkxYZ1dyZDhhbmhRaFZCc3dLZHlzUDRtLXpfR1FMZUZmTXlObmpQaXBZcUJYa1E3bi1mZFVtc1dlVA?oc=5,"Tue, 28 Jun 2022 07:00:00 GMT",Manila Bulletin
2026-05-11 05:57:10,Toyota supply chain disruption,"Iran Conflict Could Cost Toyota $4.3 Billion, Company Warns - Meyka",https://news.google.com/rss/articles/CBMiiAFBVV95cUxQbm1MMTZDNnRJSS1BM3N3eHZmZnp4Mm1oZVFYekpVYTE2Z2NKTEJtTDFkRGhsVURzVl91S3YwanNqQVNRY0YyVVFaMWZNeEFydzNsTkZ5OW85ZjFtR2UzWlNoRmhjZmdFWWpCaEo1dDVSc3VaTlJVU3B5dEFBdGtsWi1laC1DTS0z?oc=5,"Fri, 08 May 2026 09:35:07 GMT",Meyka
2026-05-11 05:57:10,Bosch factory fire,"Firefighters extinguish chimney fire at Bosch plant, no injuries reported - WSBT",https://news.google.com/rss/articles/CBMiVkFVX3lxTE5sLW9rcVdKOWZ2WGh0UUFveVJVT19pN204T1lNenZhZzc2TUtWN0I4RTVvNHVNQlZLXzRNQktQVWQxMzdHaTNMV3dOVkZDQ3VuVjRqbV9n?oc=5,"Sun, 21 Dec 2025 08:00:00 GMT",WSBT
2026-05-11 05:57:10,Bosch factory fire,No injuries reported after chimney fire at Bosch plant in Lincoln Township - WSJM,https://news.google.com/rss/articles/CBMiqwFBVV95cUxNZjdnRzRVRGpMZlMyWEt4ZXZqNnFmTDdjLXpvWE1LRElJa0lTejBwU0dvbzVCQmE2Q1BYblRILU90V09tSlRoYzd1Q3MtdmtObFBQTE1uR2VZLTd2eDRFN2lFV2J4eTR5d256RVBrYUE3NVN0b1d2VE02aWRsZWVKcE5EVWg3MEJHU1FOeHJHbVhpYzhDejAxeDhNX3hHTU9URmZzZ2plOENqRFk?oc=5,"Sun, 21 Dec 2025 08:00:00 GMT",WSJM
2026-05-11 05:57:10,Bosch factory fire,"Bosch to cut 13,000 jobs in Germany to save billions in costs - BBC",https://news.google.com/rss/articles/CBMiWkFVX3lxTE5TZVZQSFZwcmlLOWxTdE1fNFNZbTQzUjVzak5TR3hJcnhNOG9Ob0dOUmMzWGc2R195SGJ0VlQwU0VtVjdXOGhMTmczYS1Ic2JaLTdxMWhIYTdVQQ?oc=5,"Thu, 25 Sep 2025 07:00:00 GMT",BBC
2026-05-11 05:57:10,Bosch factory fire,"Bosch Plans to Cut 13,000 Jobs Amid AI Push - WSJ",https://news.google.com/rss/articles/CBMiiwFBVV95cUxQTUlzam9iUkFBUUE1UzlLckFTVURYT0xxZ18xSElEaUZ3NEhPcnpkeVdsRDdObVhiYXQyVUNQU1BGVnZIVk1YZG54OVI0YTJrYjFLYkZRTDdPejNGWUdPaXhfTlBxb0Z2ZVFPb1Q3VEVDZnBpbmNlUEJOMUlTaHQ0VkNtMmlwQk9UZF9B?oc=5,"Thu, 25 Sep 2025 07:00:00 GMT",WSJ
2026-05-11 05:57:10,Bosch factory fire,"$118.14 Bn Fire Protection System Market - Global Forecast to 2030 with Johnson Controls, Honeywell International, Siemens, Robert Bosch, and Eaton Leading - Yahoo Finance",https://news.google.com/rss/articles/CBMie0FVX3lxTE5hTHQyMDJ1bkxOT2pHU2NUcjFzR2U0QnhZaFFja2p4cHRzUzhIbUp4OWdnUjNpZHoxSUxKZ3R4V2VVWjgwc0l3am9EdzI5cFFFR0hfdi12Wjh2TU1BRUFPNlBIS2tZbHYwem9CcUh0bFpqQ2xTTDA4ZHVrdw?oc=5,"Mon, 16 Feb 2026 08:00:00 GMT",Yahoo Finance
2026-05-11 05:57:10,Bosch factory fire,How the Nexperia chip crisis upended auto supply chains — again - Automotive News,https://news.google.com/rss/articles/CBMimwFBVV95cUxOcVNEV3FkeEs0WnI4Y3c1OWxLMHN0ekJpalptbTBNOHZTQ3lkX0xxekw1ZjdBZjNUSWE3YkFzVjF4VTlTTmlYaUJmZFVsSzA1Wk1fUlIyQzhrMXU2RmpRN3FoYW0wYzh4U25qY2g3NGdfR2gwZHNfWjdmQzNlTU0za04wUTNfQjRHWno4WWpFT2QyM3FNNUNPNDNzWQ?oc=5,"Mon, 24 Nov 2025 08:00:00 GMT",Automotive News
2026-05-11 05:57:10,Bosch factory fire,"Bosch’s bold bet: Company builds future of smart, secure spaces - Security Systems News",https://news.google.com/rss/articles/CBMiqAFBVV95cUxNTXM5cm16VE1uc1RxZW5LSmlqQWdFOHpzRVh0ZmNmeDN4cEc5WV9TOGkxZ211RXB5RDNGTVZfRWVWM1ZfRHlHOWFHNDM0bE4tQnhCMkxvbTRUZERicEd5MHlIcEJ3Z0xFb2NXYUVkZXlVblVqb2tiN050TlVZaDFMcVVlLWJnUFgycXFqWEhZTDVLVVcwUktxbFNvM2w4OVVHWllqcTZIMDE?oc=5,"Mon, 13 Oct 2025 07:00:00 GMT",Security Systems News
2026-05-11 05:57:10,Bosch factory fire,100 years of the Bosch plant fire department - Bosch Global,https://news.google.com/rss/articles/CBMiakFVX3lxTE5UaDAtclY5SXBTZkYxTmRocnZMcUwwODA2djY2Z2VIZHhlS0dHTUdqV2ZJU0lPd2VnaUpBS2RjN1hPWmZBVW9IN2ZvQzNvTng1dU4zRkdOUkktcWVrb1JsaGVDWlhid3o5RGc?oc=5,"Thu, 17 Oct 2019 01:51:55 GMT",Bosch Global
2026-05-11 05:57:10,Bosch factory fire,E-bike batteries: How major brands guarantee your safety - Cycling Electric,https://news.google.com/rss/articles/CBMinAFBVV95cUxNZTgwV212SDR0OWk4ajhQaHl3QXN6c042eUg1dkFoMHJ1Y1ViNnBTaHVScHFkUDB1V2N0V2dVVVI3QzJHUnhBZnZGTHlDUHhiQnhwQ21Ta0lQQjJTMUVsM1Q4aS1DSW14MkZYcUZWSTZ6UWNTVUw5ZUh0Mm90MWRkRDYzWEpHRkxRWHdNQ01UT1h3MVJVekZ3RGV3U0s?oc=5,"Fri, 01 Aug 2025 07:00:00 GMT",Cycling Electric
2026-05-11 05:57:10,Bosch factory fire,"Bosch Will Fire 13,000 Employees To Save €2.5 billion - Trak.in",https://news.google.com/rss/articles/CBMigwFBVV95cUxNQ1NSd1RRZGFKYzY3eE9falRUdXp0dFBRdExBc19ZVkIzTW9OVTZRRUVUOFJqZEhxMlZlOEtqcjFQY3ZkN05vbG5hSUR4eHZFSmdqSXp5Y294NEFjeXJHUElCc0lxN3lZVWg5ZU5mSmdOaU5Xd2NsbEdPejM3UVk1ajVkQQ?oc=5,"Fri, 26 Sep 2025 07:00:00 GMT",Trak.in
2026-05-11 05:57:10,Bosch factory fire,Bosch to Showcase Integrated Industrial Innovations at Industrial Transformation Saudi Arabia 2025 - Biz Today,https://news.google.com/rss/articles/CBMi0gFBVV95cUxNaHJrZG1TZnRXM0t2bVR5T01BNG9sN3RBejFOUHNlQlJ3UjZWU2VUU2s3TEptbnV0Z0t1TVZ0UDliS0toUXNickV6MUd2THJJOWpoN002d3c2c2FUbGV3NU55MFFmdHpvTnZfZWlVSVFlWkNGY2VqSjhzbWV5c05CcHBiRlJuNTl6anVlZmNjVWpaZm1qZnNPdzZKSUVVM3ZwMS1fcDhsMlZ3YmJnWFNTOU1JQU92akNpZF9oSEg5ZlNUcjNpeV9wcFdMZmxmVzBHY0E?oc=5,"Sun, 30 Nov 2025 08:00:00 GMT",Biz Today
2026-05-11 05:57:10,Bosch factory fire,How fire safety system manufacturers compete in the Middle East - Future Market Insights,https://news.google.com/rss/articles/CBMirgFBVV95cUxPMnJQSkM2TDFfMHlWWlhnYXFFOUJtSEttNjduY3d3dHd6UVo3ZHZnd1RiQWVLRm9scW5ZSk5XbTAyT3BHLVNYeDhKbzFUR3ppcnlQWHlsSDFseFM4b2VFUW45Z1pCMmVZaG02QXBRbi1LQklJRUxfMHFWUEt4bGxHcnJuT1NNUEdYVTNUNXZQOVg5Nmx5eFFIN25JcG5obFZRb2d2SWN0Nm1JY2lnelE?oc=5,"Fri, 05 Dec 2025 08:00:00 GMT",Future Market Insights
2026-05-11 05:57:10,Bosch factory fire,Two men killed in gas explosion at Bosch company site in Germany - Yahoo,https://news.google.com/rss/articles/CBMiekFVX3lxTE1QUUpUbUZobEhmRkp6OHBEUnc4dDZzQW5vaWIxeFhHekZ4Q1hVX0ttWkJsOWI2UEpnaWcwUDlGcnExU1BYenc2endJbWtlM25KYUlpNkRINEd2RExCeHVXM1dmeG1CLUhNRTlXYl9FWFgzdndDVURuQXJn?oc=5,"Tue, 21 Jan 2025 08:00:00 GMT",Yahoo
2026-05-11 05:57:10,Bosch factory fire,"More than 15,000 BMW vehicles recalled due to fire risk - CarExpert",https://news.google.com/rss/articles/CBMilwFBVV95cUxNbVlLRU9LNk5FZEhScmFNUGNTMlR6OVlzZEd2V19ON0c5SWt4bWpQR2x6Szc5aVdvQlNEeEE2TFdZRHhyRDV3Y05YMVl1N2ZKeFVZZHJlM3pKLUpHV0NpRTQycEN5cXJEeEN2clN0WFM0NnBUX1A2RWxhTTRwalp1cHJjUzgtdjhMYzFBZkxNSWsyOVNsNmxN?oc=5,"Wed, 08 Oct 2025 07:00:00 GMT",CarExpert
2026-05-11 05:57:10,Bosch factory fire,Bosch Wernau: Well positioned for future innovations - Bosch Home Comfort Group,https://news.google.com/rss/articles/CBMihwFBVV95cUxQMnhQOTMwNmZiS3dNaThHNkhMVXJ2OVAwR19lYnBONURia2VycG9PdW9icTU1U0hOWWhyZkFVSnVtT3NjYjdiZy1pR3FaXzVubXphcXZDeWhOM3pnc2otMGVKdXI3XzlvTGhfUkdMQWlYSWM3eVE5T0Exb3BBSzNEdWZZQVpOeFE?oc=5,"Fri, 19 Jul 2024 16:20:26 GMT",Bosch Home Comfort Group
2026-05-11 05:57:10,Bosch factory fire,Bosch Bamberg Plant to Become a Center for Fuel Cell Manufacturing but Fire May Change Plans - Fuel Cells Works,https://news.google.com/rss/articles/CBMiwgFBVV95cUxPS2QzNlpRaC1sQ3lmdWNibXlJclVTX2hoYzNyYXZvZmY5ZnlETHYyYVhINi1rajlFYXNLWTk4LXk3STk0aVFGNE5vblRoVlhTajBTN2hIR25jelppb0dRWUFmVGpPWWR6RnpLZ2ZHeHZJTnRiQl9YREc1YmRvSDk1bEFwb3F1dS1QeF9DY09wSWk0cXhfZ0NSNmNNdV9ZSWNaMUl1OXo0dV9KRlpaUC1lbFV1WGd1VU1aRjdsSnNJa1VFUQ?oc=5,"Sat, 09 Nov 2019 08:00:00 GMT",Fuel Cells Works
2026-05-11 05:57:10,Bosch factory fire,Fire crews called to Bosch plant - Greenville Online,https://news.google.com/rss/articles/CBMioAFBVV95cUxQbXl5bUhtS2RJS0laQzdmVE9kd25ibm5HSmw1OWUzc2w3WFVuT2RWY2NweW5na09INVN4MUE4T1A2dFRnLS1XSW40eVk5bk02VUJUQnQwajhxbEJIeTRIRkRNd25mcWItNEtfTFRKUFNhWjlDUVhpcC1pWDRibzdSNW1zSVVEbS1mVWRKelNVMEdGZTFtZWFjdFVqV0ZTTXpL?oc=5,"Fri, 07 Aug 2015 07:00:00 GMT",Greenville Online
2026-05-11 05:57:10,Bosch factory fire,"Germany: Bosch to cut 5,000 jobs with car industry in crisis - DW.com",https://news.google.com/rss/articles/CBMilgFBVV95cUxOYk5RR0pVaTFDV0E4U3RMRDJNUmpfektsdTBsNjRhbVNKU0FiVmk2STQ0Njh6T2tNcFVsZGMzNVNZdHUxaERNdWJTM0RJSDU4ZDNpOEVhb1RNRFRKSk95QXBIMzRXMkI1M0lWVGxlZ1l0Q2hvcDdsZEt3N0M0WVFLODljdVBMTUFrS2hJNTZnd0QtMEMwWmfSAZYBQVVfeXFMUHFXTk9pRFV5bnFSR09aRU9aTkpPQnRETVFsOHpuSTdMbjdYaXRKc2phSDB6M0czRlgydlJlYm83Q3ZjdnRsS3VIMEc3UXZtSjlFdGJ2QVpBY3h0UFpHWm91YjN3eVlmYUgxZUY0dXludVR2bTJjYUpxQmZaNTloQWFqYnVKUnpJb0lNOXRxRnlhVng5Mk9n?oc=5,"Fri, 22 Nov 2024 08:00:00 GMT",DW.com
2026-05-11 05:57:10,Bosch factory fire,"Bosch to cut 13,000 jobs to bring down costs in tough autos market - Reuters",https://news.google.com/rss/articles/CBMivwFBVV95cUxOY20wZktSdk5ibnQyMlR3eUZwWXZDeDZWeUxESWZhaENwd0NoX1kyWVBJRGNKeC12UDV0dHlxbTZrZUE0Q25HY0w5TlN6TUNJZGFNUHZoRlZjZGRSNjNvc1VHV2NLSkF0czAzZ3NsU2ZrcXZoSjVQdW5Mc3E5NnV3Z3hKRmRqeHdfd1YxX1dncmZxUlk2eHd1WWs4d1VZLTVkUl85anVXVTcyVmxtRTNHZEZsdF81bXo0YXBjUmdHOA?oc=5,"Thu, 25 Sep 2025 07:00:00 GMT",Reuters
2026-05-11 05:57:10,Bosch factory fire,"Automotive sector supplier Leoni to close plant in Romania’s Marghita, reorganize Arad and Beiuș factories - Romania Insider",https://news.google.com/rss/articles/CBMidEFVX3lxTE9pQnFiWE9TalRsbkRvNy1yQXluUktKanBrVFE2MVo5ZFBiRUNCOEFXV1N6RFVKMko0ZlY3NGxZNE1lajNZa01seTdDTXh3aWFnUk5KeFhjRDdvN200eHJoeWQ2V1BpbVBra3pTTjh6blRpeXdM0gF6QVVfeXFMTkpYaEVqRlN3Y2d4RmdZeGtJYVJiTDZCbk5HN3g1d3RtdUNtVnV4dGtiZF9iMXFtd2QzYjAxY0tNN2wxSGJYOTRrUm14Rkw1Y1NqWUxFb0FBXzBlM3dIZHZ6cXlzS2hZZjB5Rkl2aTk3VlJ4QXN5SUt1NHc?oc=5,"Mon, 22 Dec 2025 08:00:00 GMT",Romania Insider
2026-05-11 05:57:10,Bosch factory fire,"Germany’s industrial engine sputters as Bosch axes 20,000 jobs - politico.eu",https://news.google.com/rss/articles/CBMikgFBVV95cUxQbUd6WlBnQndVdXctcEFNZVRkRGo0RXRJYjZrQlRLdGJtYTFPR2w3MTJRRGNReDFhMmFFVEQySFphU1ZLY0Riam44UnNYYjAtZ2hDY1B5NGRoSkl1NzBlZll1ZUJleWVjb2d5VFRGNHRUdWY1T0R1Q0RpSUE2LWFfWjA5S0lwcE5vWk1ka3JmVE5Idw?oc=5,"Fri, 30 Jan 2026 08:00:00 GMT",politico.eu
2026-05-11 05:57:10,Bosch factory fire,Bosch Opens Chip Factory to Help Relieve Global Shortage - Transport Topics,https://news.google.com/rss/articles/CBMijgFBVV95cUxQY3kzb3RQLURoTXZNb0VsaFpQWEpLd0RzcFBtYXdVQjJLTFJiRWdKT2thVXVKUEdoRlJGUHdSX25aS2lBUTVOY2JKM21lWEJVSzUyZ1FtbFJBbmtJR2xETE1mQkY2T2dVYnZrTGNoSUpqZnY5Y2Z3eDZiNFBzc3ZGOThlTnBhWExCUW9feTlB?oc=5,"Mon, 07 Jun 2021 07:00:00 GMT",Transport Topics
2026-05-11 05:57:10,Bosch factory fire,Early Forest Fire Detection Using Sensors - Bosch Global,https://news.google.com/rss/articles/CBMidEFVX3lxTE15V1NKaWx0bFZRUmRrUVpxZmo4UFE2RFRxQW01VmxPaG1kaU5EczJNMXN2emM3TWpqcWxSV2tNZWV0OGVjandsb0NLY2NGNzBaNC1SRl9NUDI5QUxzWWhrSURURFZhWXpkY29xSlloVWpkcG1F?oc=5,"Wed, 04 May 2022 10:16:55 GMT",Bosch Global
2026-05-11 05:57:10,Bosch factory fire,Steve VanderVeen: John A. Van Den Bosch Co. recovers after 2002 feed mill fire - The Holland Sentinel,https://news.google.com/rss/articles/CBMi7gFBVV95cUxPSnhYWkE5dWhDMjE3OXFtS2hleUF0cVoxRnpEU2lxNkIxUEN5MkYyTXRmeElyOTI3MU5sdDNIOWZDdHNPUkpwWkdYeEc4WnVRTDFhUTNaUlRjOWlWakxyTW5nQ0ZXLTlSNkVUQlIyM2pSTzZlelNxVG1sakFKZjZWOUVlTW1LRGYzdEJ1Q1pUSlBnWDBkbEVSRWR5Y0k5Vnl4MzFoN1FEMlpIODFjdXd5VU96UjBVSERlRUd3dl9ZN21jMjN6a1JSbVlseGFuOVk2ZnlhNjNoYW1xLUdrM1F1Z3lxYXhzZmc0Zk4xMXdB?oc=5,"Sun, 01 Oct 2023 07:00:00 GMT",The Holland Sentinel
2026-05-11 05:57:10,Bosch factory fire,"Springfield Industry: A Long, Slow Death - Valley Advocate",https://news.google.com/rss/articles/CBMigwFBVV95cUxQdEliSmdSdFNTSHc5R0JoVVNqc0dkbzJsTkdxd05ta2d5ZGE1QzMxcl9jODBzSERmcnVSeDVzZFd5aWQ1NlFsRUxkNTVadkQ4NUdmdDVSQlpUa01ZZ0ZxMzJUMmxmRWtmNkxyQ25WNjFlTno0VVJSZldwYkFya1E3N1pncw?oc=5,"Thu, 18 Jun 2009 07:00:00 GMT",Valley Advocate
2026-05-11 05:57:10,Bosch factory fire,"115 Years after Triangle Fire, labor says profit still trumps safety - The Chief",https://news.google.com/rss/articles/CBMirAFBVV95cUxNQ1hRLXBrNmlkdzZUeHBYeHVRdDNLb2ZuVHNrX05IcnFVeW9nX05KVElzQk9wVENNdXJXWjI2VWdobHJxREI1czJwd2Mzdk9CVHVGWWVENkR5SGxfUXZETjkyZUhaOWZoaUVQZG16a3RnOUhTQ1NrVkg2THliM3lOdzRGblU2Um1XeURWa3N0VjV4V1Nua1lGYWR6MzJkZ0tGV1luM3FXZWNMUEpY?oc=5,"Thu, 26 Mar 2026 07:00:00 GMT",The Chief
2026-05-11 05:57:10,Bosch factory fire,"Bosch sells security, communications technology product business to Triton - Security Systems News",https://news.google.com/rss/articles/CBMiuAFBVV95cUxNaXRfU3NzZkd6ZmtYX1AwZTJWOTdocnpEUzNyWUhuYjU2SmFVNkVtenhDbEZmQWttUEpzX2ZaTmppNUhOSDRjU2ktdXA0NTN4Ni10a0VQQnZncFFpNTRhejJFay1pY19uZ21WeElKNTdqZXEwU2g0ME41WEV2Y01yeERJVDlHRGctMm1FOUQ4MnJucHNFY3gwcDB3a25uUUNBVDEtcFk0cW5TZUNsMngwNi1ENWpCUGQ5?oc=5,"Thu, 12 Dec 2024 08:00:00 GMT",Security Systems News
2026-05-11 05:57:10,Bosch factory fire,Security solutions for Palace of Westminster - Bosch Global,https://news.google.com/rss/articles/CBMiakFVX3lxTFBvOURPU0ExR09ZSDNOVnNZdXExQmsycHpEQnBjaVZCbWdzcnJmbjdzQ204S0xNdWJkUDNiTm9OY2FDbjZtSXkxa3kzRHoyQmhZOW5nYlNEa3RzMFlrMzBuSFZ0c1hBaEpzYUE?oc=5,"Thu, 18 Apr 2024 08:10:54 GMT",Bosch Global
2026-05-11 05:57:10,Bosch factory fire,Fife workers at Bosch Rexroth factory raise zero-hours contract change fears - The Courier,https://news.google.com/rss/articles/CBMioAFBVV95cUxPSlgzUWZpelVjY3p0QVZMbXJkT0Nkb3VzQTgwRVBkaWtBWUFGVHlzUFJ6VDBSalZEMXVFVGxxMGlwamJSLTJ2d0k2c1JkalFtZGc2RmpDalctOVVUMmgwYVRnQW1DZ3pldEFRdFpmTVZ2aXVYVjR6WVZFYmhscTVvSl9qSlpITFMzQWxIUE94SVZ4OFFkOE55MVFCRTRwZTVa?oc=5,"Thu, 21 Aug 2025 07:00:00 GMT",The Courier
2026-05-11 05:57:10,Bosch factory fire,Microwave Drawer Fires - ClassAction.org,https://news.google.com/rss/articles/CBMicEFVX3lxTE1iQUxWUzBYT1daaUNSdm1tQWFJcWpjYmJPWkxqME5vUlNfR180UEFiVE9QekMxLWtQam9pVHhLaUVGU1pEUXBMVEo4aWNyVXZETUNWMDVseGNkQ190eHlyeTVMNlc5TThfOU5mck0wYXU?oc=5,"Wed, 04 Feb 2026 08:00:00 GMT",ClassAction.org
2026-05-11 05:57:10,Bosch factory fire,20 years since massive fire destroys Zeeland feed mill - FOX 17 West Michigan News,https://news.google.com/rss/articles/CBMitgFBVV95cUxQWEVIeHJQLTlCYkFXS2ZmejhPUm5yRWdTTnVJeGxyaU4wZjNCTHVUSExkaFRwMkVCQXg1LUJQV1dENGFnMFhKZXp3MjVvdDZWS2tUOUNUR2xEMXA5SUo5WVcweWZqb1hJaXdYSGVwdkxRWXVyN01iZENsaXlrSm9TYTNIeHNrX0VOYXBaUFVpRzVkR0NRMEhyZVNhaWVkQ29KdjY4ckZYVjFFaVRyMWJhN2dlbENBQQ?oc=5,"Fri, 29 Jul 2022 15:51:39 GMT",FOX 17 West Michigan News
2026-05-11 05:57:10,Bosch factory fire,Bosch shelves $200m plan to make hydrogen fuel cells in US factory - Hydrogen Insight,https://news.google.com/rss/articles/CBMiuwFBVV95cUxPOGRLT2xpWHJ2OUZ3TjkxZTA1Ym9sT25Mb0xjdE1kQWJQcFRqWnJFcEVaV3Y0aGgxRi15dk1ZVGdMdzl3aE5FNzFtZHhvLTdaZFJmN25vQS1rQmlPUkZ5WlQ4YnlnTGlWTVFRN3FjZXR4eWJTRHlGZVVCMWFpVWVzNUhfbDdCM3RBTUkzaDNwVUhfaXdNUzRmaVpYQUpSdWF5S1Ayb2VFWlJmZUliOVZNc2hMcUZKVzdfRVZJ?oc=5,"Mon, 03 Mar 2025 08:00:00 GMT",Hydrogen Insight
2026-05-11 05:57:10,Bosch factory fire,At least 14 people killed in fire at South Korean car parts factory - The Guardian,https://news.google.com/rss/articles/CBMikgFBVV95cUxNU19LRGdmZzJvX0ZOLTZiT1dpNGFsQV95T0hmNnNVUWR6MWx0VUFOMThwenZhRzBnS0RkU3F1VC1WMlB4Vlg2eVFqNXRWdWZxZWJnb2tsN1JTc0RWYWFBV2dxMXQ5bFpkU0V2Y3U2eFdVYmhVcXNlSHpGQS1Ub3dmei0tZ2QwYUExUFpaQzJWdkZpdw?oc=5,"Sat, 21 Mar 2026 07:00:00 GMT",The Guardian
2026-05-11 05:57:10,Bosch factory fire,Bosch Unites Climatec and Paladin Under Building Technologies Brand - Security Sales & Integration,https://news.google.com/rss/articles/CBMikAFBVV95cUxPcjBweWt4aXV2M0hSakp0WG1ENl9KQWdyS0UySzJnbUNLOGthbFh1VXd6aDFRenBSb2ZHa2w0OEVuVDhockQzUHBlQm1ONHFNVUJrOEw1WVZuN29Yb2I0SUhvbXpDaXd5VVREUW8tMVlYcl9MQlMwMWdCYVVCSEhoX0RaUjBscDhFMDBqS045emg?oc=5,"Fri, 03 Oct 2025 07:00:00 GMT",Security Sales & Integration
2026-05-11 05:57:10,Bosch factory fire,"Daily 5 report for Oct. 31: Nexperia, Novelis disruptions deliver scariest news - Automotive News",https://news.google.com/rss/articles/CBMikAFBVV95cUxPNWY5YTBxSFNfSVJvZzdwN09Sd1hOeDB5SjNCSVpTd1loVUFFMU1Oa0NzMUVXLXNUMnJ5azNNcXJPZ3FqYzlobEpfeEVWeklwSmhMMzNRdmpNSXV3T01JekxMdVlYRTFvRUpzNkJBR0ZCMXdzUHdxRjJPczJ5VFNGSF9fVzlheWhENzd6RUIyODc?oc=5,"Fri, 31 Oct 2025 07:00:00 GMT",Automotive News
2026-05-11 05:57:10,Bosch factory fire,Bosch unveils next-gen AVIOTEC warehouse fire and smoke detection solution - Logistics Middle East,https://news.google.com/rss/articles/CBMif0FVX3lxTFBkdmp6Q2YyVF90d3otSDRTQ0ExSlRNUzl1YnB5V2RGWHlHdXJqMl9NVTVmeDU2VGlGWWUtQ0RRVDZlTVpSSEhPbF9Bb2Q0WGtxcVMxM3d6OWNBcWtoS29SN3F6eS0ycFFURlh6am5keHBuZEN2S1B3ZThvUnA2Rm8?oc=5,"Mon, 28 Aug 2023 07:00:00 GMT",Logistics Middle East
2026-05-11 05:57:10,Bosch factory fire,"Daily 5 report for Oct. 24: Auto industry pays the price of disasters, disruptions, pivots and politics - Automotive News",https://news.google.com/rss/articles/CBMihgFBVV95cUxPY3ExYkQ1NUxLRnlfMTdNcVFQWnNWSXFHMDZVZkRRZHhISjVUT2dXd3hSMUpySTRUNXBhaEdWUUcyX0pqdjZSMFFPZW5xR1drMjJGZUlMeDBCSEFmdi1GZk5XSGJ1VlFEQk5oR0tWSFg1WVNZQUhNQnVURW5JODg2TUJhWE5IUQ?oc=5,"Fri, 24 Oct 2025 07:00:00 GMT",Automotive News
2026-05-11 05:57:10,Bosch factory fire,Fire Protection For Paper And Pulp Plants - Big Red Guide,https://news.google.com/rss/articles/CBMiswFBVV95cUxNek80akN3bndBY01XTGRSUURrVHI0U3FVZ1pESXEwQmxtZWM3SE9kdHZ0UGZScmJyb2RSSHVnUDRQMHJ4QzIyVTllRTdIVlI0ZFpnQkNISXhVODdXNFZobnVKRmsxbE9iUWw4cG5BeUlyQVZFZER0YXJlR2kxQUZDMS13TmtWc2dQbDJiSnpyM0VwdnkxTi1paC1mYXZ5ak9ySG1aVzhNa1BvTXdyWVJDSnBaUQ?oc=5,"Mon, 19 Apr 2021 12:39:41 GMT",Big Red Guide
2026-05-11 05:57:10,Bosch factory fire,Bosch provides fire safety and security systems to secure Mercedes-Benz car manufacturing plant in Russia - SourceSecurity.com,https://news.google.com/rss/articles/CBMivAFBVV95cUxQZmxNVXNVT2dfNkhjU2pRUWwyN3Y4bWJEdWNhYlBFUm4tLVdyaEFNeFBlSFFDcU9ZU0pUNE9WOTZiVWVvM051VXN1TzRkdmxCNTAxNGM0YmFmY0VZU3VQTm5wNFlpOHJjdk96bW5ROWNiYXhzTVV6LVhCT0tQdElrZlRQTE1YSGJ5T2JrLUV2YnM3SmhTcWlEWGtvRlBiOWVzY01aN2Fla3N1RWJsRzBOQ1p3OUlVWWdrNGtPSg?oc=5,"Tue, 08 Sep 2020 05:42:38 GMT",SourceSecurity.com
2026-05-11 05:57:10,Bosch factory fire,Vishay & Infineon: severely affected by Wuxi subcon fire - Astute Group,https://news.google.com/rss/articles/CBMimwFBVV95cUxPb3dJR3pYM3F4dmFNZnkxS2ttTmV1c09COE1uZHdITzF3Z25ESW1LWU1OWnAwV0FxajhKczVjUV8zMWMxeUQ5c1ZIcjV5V3ZfU1hiUUxjV3p4Q082QV9zRTZXU1hOU25aVEZiSDFzMm9URlNnZ3JaQl9DLWQzZlZNQ3FkcEg4R0FZRkRqTGpZYkdmOFVzbnV0T0Jkbw?oc=5,"Fri, 27 Jan 2023 08:00:00 GMT",Astute Group
2026-05-11 05:57:10,Bosch factory fire,Bosch agrees to pay $25 mln to settle California diesel emissions probe - Reuters,https://news.google.com/rss/articles/CBMiygFBVV95cUxOTFNwcEYzYmNCWlEzQWF2ZmJYYVkxR3pnbzhuVnhacnBfTkl5VkJMSmxzMTNzbnlpcTJJUFNnMGMyLWpFemxiR2tuOVF2aHd2WG1oYjNWR0VTYmE3dmpITkJiUldfRUs1YnFyV3AzaTJqdDZUQkZ2VGNxT0JrTGpsLVQzQlF1S2hEdGlPMUZoX0wyV2E4WWQ0V0g0N2tqLXR6Z0xoTnc3d3ZwRGI3UlhlcmRCNE85X3lBS2Ewa1VRWGRPeUVpcFA4RjB3?oc=5,"Mon, 07 Nov 2022 08:00:00 GMT",Reuters
2026-05-11 05:57:10,Bosch factory fire,Musk calls Renesas and Bosch's chip supply 'problematic' - Automotive News,https://news.google.com/rss/articles/CBMilAFBVV95cUxQQkhOcGNDYnd2c0Nxc2hJZmhaWU5Bb1lrUl80bjNUNkxJTXFpdHFCR05lUUJwdUItUzliR0o5S2JyaHVlOEMzMmJBa3NURklkZ3VrYkVkRURaLTEzSFRQWDd1ZE9tM01TN1VfT1VWcENfV2VuUmlsRlluczA1UTVHMTBWVUFkTjNjT2d5c05DTmF5RDFP?oc=5,"Thu, 12 Aug 2021 07:00:00 GMT",Automotive News
2026-05-11 05:57:10,Bosch factory fire,"Bosch to cut 7,000 jobs: 'At the moment, I cannot rule out ...,' says CEO Stefan Hartung - The Times of India",https://news.google.com/rss/articles/CBMi8wFBVV95cUxNNnJaTW9JMXVvZjZzUVJ6X2t1U1QyOC0wTHRDWlFtMFpXZ091Y19FdXJBY3pReU13V2cyNWV6T1R4a2llNU1WR3E1bUNydUwwVHJWc05oVlo0Y1NCQmliNjdNZ2FRNWtKa0JPdFhTZ2RGZ3hPbkxIOVhJQU5lY0FWdUVkcGtZWVhpeTZpRGVIa2FSQlcxN2xDZkYzWHA2UzNLd3ptSXNuZ2ZvRmhOWWRqLTlVUERfRE9OWTlhS3JZQmY5OXJhXzRhd0dhdGtYaXZtbUNwSUNMTV9YVEJILXpjaFRXSkc1VXBoQlFVcFlObk45bE3SAfgBQVVfeXFMUG5VMFJIOGx4ZHlTaFA2ZFk2VUZtNG5LZEllalNoRjd1NVJwS3ctOHBBOFNMcTFjUnhaOWhEdUtOcFJSNGpWNjBQYXhHVjFmOE5hRXE3bWw4TDhnSmY1ak03X0FLY2FfREVkVDFCSUZYWWl0TndJR1hNQTZSRkU0UFNBaXI1aklqdUFxbFBjWFBMa0x2eVo4cUNWSkZLaEpIUGpodlpKbVEzQWxYb0tCUy1nQ1RiVDhVbjJHOVlzWXRpOGVjNGVPUHV6RGNDX1ZHNjIyLVpHRjc3bjl4c0Q4dWppdlRaTDkybDJYVlh2QzRJc29EdmQ3LUI?oc=5,"Wed, 06 Nov 2024 08:00:00 GMT",The Times of India
2026-05-11 05:57:10,Bosch factory fire,"Supplier Chemtool's plant in Illinois destroyed by explosion, fire - Automotive News",https://news.google.com/rss/articles/CBMimgFBVV95cUxQWE8tOFpCbTFTb0NSby05YVVJR3FpTHNiQXAwS1pva1F0YnlVd0NXSTQyYjB3WGFESV9URmJQQW9rX1JsUWVvVWdBTjRkempwczNhalM0VWx5U284MXphOEREbmJZZlAxV2FXb2lEeUlxSTAwQmlXSExwZmM4MXo3aXNWa1ZhbVNvdWZSWUFRc3hXUW1SaHE3SmFB?oc=5,"Tue, 15 Jun 2021 07:00:00 GMT",Automotive News
2026-05-11 05:57:10,Bosch factory fire,"Factory explosion, fire idle supplier Meridian in Canada - Automotive News",https://news.google.com/rss/articles/CBMitAFBVV95cUxOdWxQd09qNWY2NjJUZVdKblp6TTVVM2d0MV9RNWhKanN3b3lINmhqbGdTX0V6Smt4TGQ1SUduTm5UZVI0OFc3WWhjR21lVzV0TW5RZEw4em1Tc2pvbzdRRHhGc3Z1d2NCZ3pKbzJtcklCZ3hIc0NzVUNJaFFTRmF5WVFBSHE0WHNVbFJ3N09EVk5UM0F0SmtQZXUtQVpWMHRBNVFxSWM4QU5ZSy1HYlBDWi0tcEI?oc=5,"Tue, 23 Oct 2018 07:00:00 GMT",Automotive News
2026-05-11 05:57:10,Bosch factory fire,"Bosch Layoffs: Firm Plans To Fire 7,000 Employees Amid Ongoing Business Challenges - ABP News",https://news.google.com/rss/articles/CBMiwAFBVV95cUxPVlh1UWRCTWxSeHJqdkRqYjJJVzE4SnhxZGNZb25vaHU3d19reGtvc3Bibnpldk1LMk5IcDlPYjNpRW5sRktxN05ZY3E3eUZmOG9Ua2JyNU85ZUlBODUxR1ZrWEI1UW5WbGY5QVNwWS03eVFiUzlYUlVwVjBKLTlSY0h1QjF3dDhlTS1oMUxVVlI1aEIyaWF3MXBSb2JEaG9qTVRVUmY4d1psYmpPeU1iMGhyM1JwLXp1eVZpbDBjenLSAcYBQVVfeXFMUHM1b2NXOWN5aFhOcGNzdHN0aWlVbXJ5bDRvLWFaMVl4RVNCVThwS0FhQ3EybFRKbHM1R2p6UHZIVk5Vd1hEOUVTekpOTHhpT1hRYlpzZG91S1E5MkJwZ29OclhVMFR0YTdBVDVzRG04MXVrOXp5TXJhNlMyLS1DNl83Q2U4QWtiTTVfemVzY2poSHd0d0tQNXZwdWNWU1hYWlhQcGppTzlPb2VGc0h0cHcxM0ZrZjk5OXQwR2d1aHhaTTlvbGdR?oc=5,"Tue, 05 Nov 2024 08:00:00 GMT",ABP News
2026-05-11 05:57:10,Bosch factory fire,Three killed in factory explosion in Istanbul - Hürriyet Daily News,https://news.google.com/rss/articles/CBMioAFBVV95cUxQa2NnLXU4RmxQaURJZE9zQ3EzYlVCT1hZeVZ1NTBzZ21mcEp2eU1EdWMyaVFkdXNvNUlkOFZvMnJ2Y1luNEtQaUlwVlJWdmNQQTJDQ3FYOGo4aVhtaWhXcFlJS0VWQURqeklkVUgwX0tLdHhhdmpSa1p3Qlc5OTR1R3BaZTBuTDBwbEpONzVTaDJRWHdkQ0VDQVFnNXpSbERh?oc=5,"Fri, 29 Apr 2022 07:00:00 GMT",Hürriyet Daily News
2026-05-11 05:57:10,Bosch factory fire,Toyota Czech production halted after supplier fire causes parts shortage - Automotive News,https://news.google.com/rss/articles/CBMijgFBVV95cUxQUjl0WlRMM090OHFxZ2p3M2Z0UnVIRnpHYWxob1kwb2NWODRJelZ1WGtURWVJVF9fZE1zdkkzQlhkOEM3a09yNmd6OVhhbVdqVWFfQTNfLXRwNExKVUlSNW1PU1NubFRCQlkxNFZubzdIdFRMTkJSUENCLTZ4TXFDdlNxRk5JSjJfbGlFVTNR?oc=5,"Tue, 22 Aug 2023 07:00:00 GMT",Automotive News
2026-05-11 05:57:10,Bosch factory fire,Global auto production rattled as Nexperia chip shortage exposes supply-chain vulnerabilities - CBT News,https://news.google.com/rss/articles/CBMiugFBVV95cUxPTFdheGJTWTh2bGRRbGdnQUE1UEVGTlJKbEtNeFY5SnZMSk96RktmeXF1Q19MN0dhSXU5MnZFcDBtVzE3akpfVHdyeV9SdXQzRzA3THJhaE5NempOR01QTG5OTDdBSElaZFZMdGNHV0o2QnFDMEFObC1rV1Bma1I1dEs0cExvVUY5UUJOUnBOS2ZfUDlqOURnQUFxSXpmVlo2X0VXYXBqNWRfdzc3X2ZZNEpTZmZySThnWVE?oc=5,"Tue, 25 Nov 2025 08:00:00 GMT",CBT News
2026-05-11 05:57:10,Bosch factory fire,Elon Musk puts Renesas and Bosch on blast for Tesla’s ‘extreme supply chain limitations’ - Electrek,https://news.google.com/rss/articles/CBMisgFBVV95cUxQeEZ3RVp2N25nMm5OcHd0ZzBOYXFUb0RfQmNpVWZic2Mtb3kzenk4SE9UZVY4NGxHQXR3RS1ENFVZd0Z0cnlfWEJLN2JMSG5RN0hZZWJHWUpoYUV0LVVZT2dteHBvY0VLVi1na1FWRTRmaUhXT3BNWDlzNDBpLW1tX09BbFJpX1QyVGVvSFRuMGd4MklmQ09fQVpYZ3JsTEFDLXdsWUtnc0E1NUVTSVl2dEpB?oc=5,"Thu, 12 Aug 2021 07:00:00 GMT",Electrek
2026-05-11 05:57:10,Bosch factory fire,E-Bike Battery Fires - Should You Be Worried? - Pinkbike,https://news.google.com/rss/articles/CBMigwFBVV95cUxOX09UZjFxVi1PV0hiaGs1NVBPa20wT2RnVm1VVllMUXE0Tjg4ZXlHbmlEVW51ZWVUOEk1MGhnckdhS1h6MW9EeVItUmZ6LXU2TjdsbWVYbnlQQXcybDQ3ZHJTT2xlb1pQb01pNTVhUnI0SkU1U2gxUDk2aHBUVXU5SkZQbw?oc=5,"Fri, 29 Mar 2024 07:00:00 GMT",Pinkbike
2026-05-11 05:57:10,Bosch factory fire,Bosch Provides Aspirating Smoke Detection System To Secure Mercedes-Benz Car Manufacturing Plant In Russia - Big Red Guide,https://news.google.com/rss/articles/CBMirgFBVV95cUxPUnFJSldyOWtGM2FZaFdQaEFTT0FTWk9kLW0yUHZONS1PM2lIY25wM0FVRy05aTFadl9oelE1SmsyOUg5Tl9kb3RjSmdSVlU4MTZ1YnJaZzEwNk5ndklIMld2SmVCN01mTGdzQzExbkVfNXE3SEE5RUxGWkhCcmh3M3NQRzlGRGpKR3ltMnVHOWV2bHl6WDBWRzB2czBuXzJ0aXI1MWZPeURNOWhnR1E?oc=5,"Tue, 08 Sep 2020 10:46:56 GMT",Big Red Guide
2026-05-11 05:57:10,Bosch factory fire,Bosch Secures Mansfelder Kupfer Und Messing GmbH With AVIOTEC Video-Based Fire Detection Solution - Big Red Guide,https://news.google.com/rss/articles/CBMiqgFBVV95cUxNSnpZLVBYZGxlRzRNV1Z1aGVUalBQSGZ5a3RPQWdHU3djSV80MW8yM3ViT3ZsQ1I3WnRYMnJOcmstaVg1Y2FiUmhNc2htUklRR0xHV3dGbnlDdlNvSjAzai0tdW5sQVVZMjVmZDRNeFZjdTdfMXlHakxDcnNXWXYwalBra050RW5Rckt3TU9xRk5CYWdvUXpmY1JtdHUxejRGcnRlMWRIbGNCQQ?oc=5,"Fri, 22 Feb 2019 09:02:47 GMT",Big Red Guide
2026-05-11 05:57:10,Bosch factory fire,Bosch unveils Aviotec 8000i IR Camera - International Fire & Safety Journal,https://news.google.com/rss/articles/CBMijAFBVV95cUxNZ1lHN0V1UmVVeFVBc19zR3JTWGlOVkQ3b3R1a25LamU1RUlxcldYc3daWl9rR2x2cjUzamVWaHBSNllUZWRnS3U4ZEViRlU1WWFGN1VDRU5qaGMwVWZ0Ql85Yi1pTlRDbGNleS10WVVYOEhDYk01WDJCR1hOS1VFc2EzYzhCdHJnRUJWcQ?oc=5,"Tue, 12 Dec 2023 08:00:00 GMT",International Fire & Safety Journal
2026-05-11 05:57:10,Bosch factory fire,Gut Reaction - BusinessWest,https://news.google.com/rss/articles/CBMiVkFVX3lxTE52RkhWRENLX2NqSlVRc29BWV81Tk1iYVFoTkxaaFlIMkg5Unlob1hMZHN2QnAxYU5CZXplSUJFZFVJa0NRREZlMURxN0taUFhva2JtQk5n?oc=5,"Mon, 01 Aug 2005 07:00:00 GMT",BusinessWest
2026-05-11 05:57:10,Bosch factory fire,Springfield Fire Commissioner Gary Cassanelli retires after 21 years as head of the department - MassLive.com,https://news.google.com/rss/articles/CBMif0FVX3lxTE9lTkZmWUl3NlUtdG1sVFVJSE5HVlRKWWN1NFNZYlhDQUJHTllhSFl3VmowYWQ5dGJ5Vkw2cE80UlI1ZkRHUDU0UkNhMzVXMEdKQ2d3aFJTcXc4LWpNZklLLU9LVlFmelZhMTVjMFhuVmlncG9iNHhOVjM1cUl6cFE?oc=5,"Fri, 13 Jan 2012 08:00:00 GMT",MassLive.com
2026-05-11 05:57:10,Bosch factory fire,"These devices are hazardous waste, but there’s nowhere to safely throw them out in Maine - Bangor Daily News",https://news.google.com/rss/articles/CBMi0AFBVV95cUxPcDdLb19adEVYSzR2QlpKeXBlSGxYeFZMeUtUNUNUYW5xdWpfUmhiUjk2RFVmeTRsVkJRd2JrakMyTm1EZXd6bXBVVW5LYkdsOTVsNWw5V2Q1LW93Y3gyeVpUSnV2UGZWZmZJWWRiRFVOYWx2Q2ViOC15TzRQeTdZakxDYnh6UDc4ZW1STlNROEllU3FOaFNNTWxnalZZaFJscmdVTnBPTGxibVFDN0k5ajExbXQtajlaZ3ZabFYyeU5YVHVZbTlQRGkyWmh2aURh?oc=5,"Mon, 14 Oct 2024 07:00:00 GMT",Bangor Daily News
2026-05-11 05:57:10,Bosch factory fire,"Johnson Controls continues manufacturing offload, agrees to sell its commercial PVC business - Facilities Dive",https://news.google.com/rss/articles/CBMisAFBVV95cUxNc1BTNU1MQlQ5c1ZVdE5pSUx2QjFvdlVOdkhfT1pDdVJULWxUbkxMcW8xcUJ0ejJfN0M4WlZuYkR0OC1qUmVsaHhRSEduTFJqWVVRUDhPZEVESUN4NHNNRUNOUElZX3JXLXdtVk1hQk9xbmpYUkJ5VFRjeGhLRGNNSkRNbDNIOUNUUTRnR1ZUUGttbHg0UWc0eEhmZGlmMkZURTJIMGZlNElVLUc4bGdnSQ?oc=5,"Fri, 16 Aug 2024 07:00:00 GMT",Facilities Dive
2026-05-11 05:57:10,Bosch factory fire,"Honda, FCA race to help supplier rebuild after fire - Automotive News",https://news.google.com/rss/articles/CBMirgFBVV95cUxNejRwUnJ0RHRKVHp6WXVEX0NJYTh0d1RmS1BDeUpmeXlvUHFXZThUWTZxOHUzeS1XYTh4aHpzVERaQ0JrZUtnUE9ZLXFCYnlfckVBLTFTNlVadVVmeDJOMjV0VWZFTzg2eE5LUTg5akg4V3hXTEs3R09hU2NPbS1UdlFWbXVGVmd6a3FHYzBNMFpTckFYNXZ4UmctMlpmSVh0YmxTUnhlQWRTamtmT0E?oc=5,"Mon, 19 Jun 2017 07:00:00 GMT",Automotive News
2026-05-11 05:57:10,Bosch factory fire,Fire Protection System Market Report 2025 - 2030 [268 Pages & 194 Tables] - MarketsandMarkets,https://news.google.com/rss/articles/CBMikwFBVV95cUxNcFQwRHlRTUFxcnA1T21GSzJGaUpMYkNJQzgxUlhVYWRBRW8wdk5WMkp0Y0dBQ01FeXpmeE1tVFdnOHRQdXFKZEk3Nkh3OV9ZeHNkMG1nbXRiWTN3X0F5TW52YWhhODVGcVVZWEJvQXByMU9MODhQdGRtX1c1MHN6NVNIcUMwSTBHaWd2NUkwTHFac0U?oc=5,"Thu, 31 Mar 2016 07:34:07 GMT",MarketsandMarkets
2026-05-11 05:57:10,Bosch factory fire,Bosch Announces The Launch Of Avenar Fire Alarm Panels 2000 And 8000 | Fire news - Big Red Guide,https://news.google.com/rss/articles/CBMirAFBVV95cUxNbGk4d2l1TTZsVzEwQkxsT1lab2Jzc052cjhCSkZCMzFteV8yX3lFUzdKTEFhTk1jMGVGbXZ3Y0xIQmZBTmk1UXd6QkVyWXlqR2lFR3hvbFZlUlJtWHlweWg2OWtYMkxLUHAyUG9JVFJtTVhKMmZsZEk0RlU3czlPZjZYc0lSWE1BT3EwUmJIcVRBaW10Z3BwakJJbnFEQXhyS1RDb0F1eUZOOUZv?oc=5,"Thu, 03 Sep 2020 07:00:00 GMT",Big Red Guide
2026-05-11 05:57:10,Bosch factory fire,Bosch Security Systems unveil AVIOTEC IP starlight 8000 AI-powered IP camera for enhanced fire & smoke detection - SourceSecurity.com,https://news.google.com/rss/articles/CBMi4AFBVV95cUxNa1BZeFlCVWxVNzZmaTBoMk0yVHFBX1FGcUpKczFqbjZSMXVScXBJMEdwblYwUU9qSlEwWExTT2ZIbWw2ZWRmOVhOVGxlWlk3ei1Kc2FuZEVVZDNHYUNfS2ZWTzE5M0xWSXcxNEdrSkdlZElQSGdZVlB2WHRmN0hkTGMyeHRyTWVqOExqX3I5Q0dJVzJjMkRvdERBdUtXelRtLXVZYjd3cVZnQUZFUEpyMi1KSk5QTTFMUzRHazFkYXR2TmpmVFdhaU14RDNuaXVnYjJNUnpSYUZERkh0ZUg4ZA?oc=5,"Wed, 07 Jul 2021 07:00:00 GMT",SourceSecurity.com
2026-05-11 05:57:10,Bosch factory fire,Is PTC’s CEO Jim Heppelmann Playing with Fire? - Engineering.com,https://news.google.com/rss/articles/CBMifkFVX3lxTFB3bGlvQTR4U0FFbE9FUGFkWTdVbUc0X09SSFhGcjYyX1ZtR0h1dUN6VlFVWlR4dzRna2s5YS15UG85eWJCZ3VXeUJCTGRsSzJRVVBIeUxyRk1jd0tpdWdRdW9KaGtBdE5UeGl3SmI0bjROVDYyVDRTTjRjVGNNQQ?oc=5,"Tue, 24 Nov 2015 08:00:00 GMT",Engineering.com
2026-05-11 05:57:10,Bosch factory fire,2 injured in fire at Jindal Poly Films warehouse in Igatpuri - The Times of India,https://news.google.com/rss/articles/CBMizwFBVV95cUxPamZVYWNOcXdWOVltcXl4OFdUWldXdEh3bng1NG00N3lPN3U2aGdkc1RnT2NPNU03X054RzVJNUtwbEhTSHlFbFZ0WEJReWhOWHBIVm45emdLR2VPdXU5eWVfblBKbWk0c19xNzRvX2FQLUlpV1pFU2wzcFp1TUJDbXl2MmtMcFQ0bElqd1VZa3pRbGFRMHltTF9QSlRCbTlya20wTVFudXVSeDZLTE5KcWZ0d19POTJ1a3N1RWJCQWRrcDdjUjdLcDdvWDlHdTDSAdQBQVVfeXFMUDlHTWJjWmNnVWVBd1FrUS1IY3paTzRwdzFCalcySVlJbzhjczBJbFN5SnVEdXhJMFlQWTh6U25ELVBfRG9IOC02enkwTlBfQ2lUa2xJUXZuTVhoTldZQVNXX200MmMzRUpvSlJqeW9BSjFZWG1sUEg4UWJUa2RVdFEzZVpzSnZTZ0RTTEpPNXB0NnNnMFNsSkxwY05tamFqc09QT081eVR1aXlQNkxBWS1HejFRbzJvX2x6MlBLVGxOUXR4UzRCdmk2djNqbVk0SDNpWFQ?oc=5,"Thu, 22 May 2025 07:00:00 GMT",The Times of India
2026-05-11 05:57:10,Bosch factory fire,Amazon rolling out ‘X-Ray’ on television screens through Fire TV devices - GeekWire,https://news.google.com/rss/articles/CBMiowFBVV95cUxQVzZHaHZLZDFMSmRFZjAyVDh5OFdMWEZHd0s5TGJTZmVSbnB3MlBCenVjanFmbVlkaXFIeHcwY0JTTFEydGplVUlwQ3hDaE9kRFlvclFLQ1ZBWllsRk9QMlJIM3hUbVlORXMxMm11d0VEYVNPNWtmMU1rOU1UeDBNdUdEMzhYLWpqTFRYcGk4dEV6R0N4N0h5VzZiQjd0UjVtS0xJ?oc=5,"Mon, 13 Apr 2015 07:00:00 GMT",GeekWire
2026-05-11 05:57:10,Bosch factory fire,"Fire destroys home in Den Bosch, arson suspected - NL Times",https://news.google.com/rss/articles/CBMif0FVX3lxTE1LRWRvbWxPb0UtTVU5bnRnUndUU0tEQzBYVjBuLV91T2pjVlhtOHJoeHhJb2lueFh1Q2FZVmJmUVJ6QU1fRlVpV3pFN19EZi15a2hlT2h2cUhXb3pUUXZfNlgwTjBaY1BiV0E0WFNYMEp6N09WR3BuNWlJbUpGSzg?oc=5,"Sun, 19 Jan 2025 08:00:00 GMT",NL Times
2026-05-11 05:57:10,Bosch factory fire,What’s New In Spark Plugs - Tire Review Magazine,https://news.google.com/rss/articles/CBMiY0FVX3lxTE51eUVHQ1BlZ1lNRFZRd3FoWXhrTHk4TU5LOUJ1YVBYYzVrcTNXVDhQajFYZ2F5UUwyTEJXN2ZmcHo1aUp0Z1J3Nmg3RUpOc250RzdYMnlzSEtieE80djBfNENoWQ?oc=5,"Wed, 08 Mar 2017 12:23:26 GMT",Tire Review Magazine
2026-05-11 05:57:10,Bosch factory fire,Appliance fires pose a safety concern - Consumer Reports,https://news.google.com/rss/articles/CBMinAFBVV95cUxNNzhUUEozaENuel85MjJPU2lVejJoYzVwSnRta2ppZFB4ZUJBWjdkbkZvdHlhWTFSeWFvOXdNQXVNV3FlbW56Y2o2OWFaYlVjRHk5dDFESmhDaXFUQzZKb29NcXBCVktOcF93WG03bG9Uck9EejYxYUFTM3lDdXZfN3owcnZtRmpYZmdJSWw0aXV2UEp1UE1BWGVyVjg?oc=5,"Mon, 04 Jun 2012 15:54:42 GMT",Consumer Reports
2026-05-11 05:57:10,Bosch factory fire,"GM, Mazda cancel more production in wake of Magna plant fire - Automotive News",https://news.google.com/rss/articles/CBMiugFBVV95cUxQbjJRR0ZhTC1MVFctTFFnR3Fyc2ExVWZCeDRkY1RQbWRYUUVfYVhzVTZMemRieW1yclNSQ0lfeU43Z21tOWtEZG55TkRpbWJhRFVfZWtRWDd0bk5VZ29JRGhJSGtiT1FmQzZyel85LTFySVN2NGc1RXZKLV9tYldjNEJZZDNEWFlFNFB0TG4xQnVPVjFfbDZwdnJRZml1RGxoUm5kc3A4Wjl5UFhkSnhSc3pwTGdQQ1hXc1E?oc=5,"Fri, 04 Mar 2011 08:00:00 GMT",Automotive News
2026-05-11 05:57:10,Bosch factory fire,Wipro launches innovation lab in Seoul; bolsters South Korea presence - Business Standard,https://news.google.com/rss/articles/CBMi0wFBVV95cUxNcVdOQWRXMjU5VWl4U2RJWGR6aTZLalBLWFE3bTg3dnhQZFFtUjVraVkxS3lVTlBzbG13QnpMZWpWSUxJQ0FFTG1hY3VSN1JsdEZkOWN3QTZmMUpzaHZZU0dGbjJjamNCMk9fclJfZGtpM1ZFQzJ6SDJLYTlna0VNNjNRdUpWdWgxNlFPZEVEN05pakFKel92ZTIyU3FtZmpSM2djT2pOa1Y5Vnc1dGo5MWxNdUtmazVLdDhiVVBRY0tvZF9wRTV1WG41aGprb1Bvdm5j0gHYAUFVX3lxTFBRU3R0WjQyVm1LOUNPelBTOVpRcnYyNWtrdjBnSXU0alhyYWs5cmdtQzI0RWV4S2EtZWVELXZmanhxaFJWaV8wNVIwbG1FVGhrWVREcE91eVQ4UEhkckw2MmMxZEJvS2ZMcndfbkxpMUs1QjU2UWpsdFFCenFpZ3A2VkVYMmRnWXIzNkJUWFRZTkdPZjFyS083U29SNGJjYWhHWEtsNWJ3V0dCREQzR2hjRHhQNEdZeEx6M3o5T1FPOWljRmVUaWpOQlJCcm1YNEh4Z0VZVVo3Yw?oc=5,"Mon, 23 Mar 2026 07:00:00 GMT",Business Standard
2026-05-11 05:57:10,Bosch factory fire,Businesses evacuated as fireys battle huge factory blaze - The West Australian,https://news.google.com/rss/articles/CBMi2wFBVV95cUxPd1VzVjBfZXBrTFhzakUzeDIxVTAtd2MxVVUwREJLa2NiX0Rpajkwb3NIV0F4b1NqQUpKdzVuSnhlWGE0VjNnb0JtREFZcEhFQ2FFcFZEcE16SS0zOFRqd0RtaHgyeFB1Q0JsLTVNcjhIYmJ0ZUNzby1WRVFTaEQwQ2l6VzBia2FoX1VtV2JQNFhyc2doR2Q4UktDRVZ5Z2JuQ01FOHZXZXF5NENGSFZ0bVJGb09fMmxtZEZ0RGtQNEJGamFtMy01OExJRkZSOURoX0szT19RdVM3TTg?oc=5,"Sat, 27 Nov 2021 08:00:00 GMT",The West Australian
2026-05-11 05:57:10,Bosch factory fire,Businesses evacuated as fireys battle huge factory blaze - PerthNow,https://news.google.com/rss/articles/CBMi4gFBVV95cUxQc0t1NjhHd2Fic0RZZldTVC11TFVtYWxaS3duYy1KeHRpaHpzcDNBQXk0VDFFbnNmU2diZ0NWOThpSWdxZnB3WHNqVm9BNEMxZl9tU1h6dWphUDBjRnBXcjNobHpkcktTb0xTTkl4SU1tSDdlNlpNWWl3Ui1rZG9scnR5Vmg2NzVsWV9zSEJaNXdncHNFektqZC1qMHBhTzBJM09FeEpONjFPdnp1RzEzMHl3RzZSSHNUZzhydDVuYTZPRnhMWFZVeHhPWEszeTd0MW1KSmxTRzdqRENDdUpKR0hB?oc=5,"Sat, 27 Nov 2021 08:00:00 GMT",PerthNow
2026-05-11 05:57:10,Bosch factory fire,Hundreds of workers at Scots factory accept pay deal after strike action - STV News,https://news.google.com/rss/articles/CBMiswFBVV95cUxOWWw1Y3hlUTZoT29WR3h0MUpFWThrR0FzeDRsb0tUeXNiS0lWdEpRQTZDRUtZNEZITUxMNlNvTVFSNFF1R25xRGM5VVpBb3djNHRGYk96V3p2UXpFODlnWjR5YTFaMnhNLWRrdW54aXRKTjRUeUhhQUxMcG8wc2pWYS10c3hmMkJlVjQ1Wk1mXzZrZFZ5ME1ONXRodXNlc2lDQ0dWamdibkhZTXdHYjdWcFpPaw?oc=5,"Fri, 16 Jan 2026 08:00:00 GMT",STV News
2026-05-11 05:57:10,Bosch factory fire,Bosch site bought by engineering firm - Wales Online,https://news.google.com/rss/articles/CBMikgFBVV95cUxQWkpQbWd4bGVieEE5d0psLUxldThYRGlKYkNDc2JDbnNqcmYtUWxNN3dnQ2o1bWY2bnduSk9sRzRaUllvWExtS1VxS2E2ZnVVNkdpY1hoSms0ZlF1dHpUd1FQN3dHUUhKM1ZIOU92NHBlOXRCMVNVeE5xeWxCX2hrU2JPNXlHUTFEUGoyN04zTWVwUdIBlwFBVV95cUxOTEcxZVZiQ01ra09YT01Lc243dDdmNjZZSGJobWlmN3dzTjdlNDZjb1pUNGhFM2E5aE9FUnl4VzNRcE5NbWUwTGNEMzJmampfckdMakxmQW9CY2ktUXFZWFJmQmtKaUtVelI5emkwUWpHcTIyeXNJdUJ5dFJxbnRydUlUdm44UzRKMTdZbXFhTUZQN3l3UXNF?oc=5,"Fri, 22 Mar 2013 07:00:00 GMT",Wales Online
2026-05-11 05:57:10,Bosch factory fire,Explosion spreads oil fire through factories - IOL,https://news.google.com/rss/articles/CBMiogFBVV95cUxPY0YzTS1GQlpDVjFNZEQtM09yWXoxdTFZaGpfNUh4d0hhNlg4dXRVMVZpeVdjbDBLVWVWYndOdy1KaFhMWGlFWVBVZ2d6Q3lmQzFyY0MxeXktY1pfTjZNVElZaUw4TTEwOEEzYVNlaE91RU9BeEd1SDRjTklVdmFtaldFWDhPejNuNzVPUzdBQ3dhUnNUdHZDM1lwQ3lFRUF3OHc?oc=5,"Wed, 24 Oct 2012 07:00:00 GMT",IOL
2026-05-11 05:57:11,Taiwan earthquake semiconductor,"[News] 7.0 Quake Hits: TSMC Nears Full Production, Sector Losses Reportedly Tens of Billions NTD - TrendForce",https://news.google.com/rss/articles/CBMi6AFBVV95cUxOVzZEQW5tdGdHMTdNMjR5VThJVHhiUFFYc3ljdTJSUUN3QWx4cmhZRklVcEpuZ1FHWEx0MHE2Ynlra3VtVFg0eTN0VzZfYjJ2WTRTQ1dtZnk4Z3R5c3hPU3o4bUVYUk5scjlkTnE1bjFHOURTQW8wc0FOZHA4RUd1c2dQR3FPc1MyVW42UnFHeGpwNEJlMVB2cThLS2RLdDdhSjdPRmpxN0hVcWhhTURTRFpsYXRXdW9RVzRoMzdKTkFhVTFSM3VrTXNla1I1LVBOZS1kUzY1YW1INkgzbmhZQllOMEJScVZY?oc=5,"Mon, 29 Dec 2025 08:00:00 GMT",TrendForce
2026-05-11 05:57:11,Taiwan earthquake semiconductor,"TSMC operations stable after magnitude 7.0 quake, Taiwan's third largest in 26 years - digitimes",https://news.google.com/rss/articles/CBMikgFBVV95cUxQVzlTWG5KaEotcTU0MUU5RjBEVUx2bnRZOUZhVlYyemJPVU84NnNmYVBtdTdRWlB6SHlHcTR4TGdSRkpuYy1OcUFOakJTSXRmSDJQcmhKa2RlalhZbVFOVXNMZlVqdl9jSVBuTkNEdmZ5VUJGM1d2VVktZlFwQkVCa1pmN29yS0h1MnVCVDhvZTc1Zw?oc=5,"Sun, 28 Dec 2025 08:00:00 GMT",digitimes
2026-05-11 05:57:11,Taiwan earthquake semiconductor,"TSMC chipmaking factories rocked by magnitude 7.0 earthquake that was the strongest in 27 years, but facilities escaped unharmed — company's earthquake protection measures pay off - Tom's Hardware",https://news.google.com/rss/articles/CBMi0wJBVV95cUxNMHVqWGxDNWNCX1NkaUd0NHF5N1d1Tkt4VzZpUFpSY2I5TXVRUXcwRl9vR3BrY3lPQ256aTAxdnplbXhWTU9MS2xTYjkxaTRZa293UlNsUmdmMjlBMlpoVUNQY1F4azRlT251Wll0aS1hbU5NT2lUSmJhZHlUUjNXWEZkcTF4VFBEZzVUUUhuMnJJU3ZBVjBuWUUyeUZiTWRTZkN6SkRhYWZ4dVZSa2tqZHVtSTMtcjJKUVh4eXlWemlhV3JsT2tnSjRBU1VWYld6ZnE3ZXBGSlEwRXNvdXpYeVhheXZBMHB1S1R3Z00wbldrRjV4NE1tSFg1T0VrQUd3bEl1dnFSY2E2Uk9zYVg5cmNNM1ZkSWctOG54UU5NbXZLbEgxUTNZWUxlNnlmR2VCMHNlX200dXlST1lMNktYcnkxdUp0dEdjRVlYcEJ0NHlrTGc?oc=5,"Sun, 28 Dec 2025 08:00:00 GMT",Tom's Hardware
2026-05-11 05:57:11,Taiwan earthquake semiconductor,Strategic Redundancy in Semiconductor Supply Chains: How US-India Cooperation Transforms Global Chip Resilience - The SAIS Review of International Affairs,https://news.google.com/rss/articles/CBMi2wFBVV95cUxQTTVucjZDN0dnZW1iV1NJYzFycENhal92elNtc1U4RFktQVFrSTA0OXVrSk9WZC1xSUVvaWhtZHhjWkdJZ0pOS0RjUXY0MlpaSUw2Z09SNDNPTWhleEhJWVRlLXlhaC1GUG1rV3ctdE1KTnlxV2ROcFhHMnFLRmh6WWVSYVBIczFvR25VTl81azVNS0Q0dnFfZnhQVlhJbXhHczBNUDYxb0JUc1VKSHBzRjZMLVZrTU9ta3dXU2pETU9ZRnBBY3IyZlh4NFBkZ3JzSXBaRy1QaTk4dkk?oc=5,"Tue, 16 Dec 2025 08:00:00 GMT",The SAIS Review of International Affairs
2026-05-11 05:57:11,Taiwan earthquake semiconductor,"Earthquake in Taiwan, home to TSMC and Micron fabs, to add boon to Korean chipmakers - aju press",https://news.google.com/rss/articles/CBMiW0FVX3lxTE9QaTdBcDhiUnQzM2hVcHdfc2tUR2tsNEZQZENlUEJUVGpQN3EwQ3ZzSzIxeS1UWmd2QUxMT09HeXcxa2NMTVd1Ym1zUkpobXZUTE5Cb2hnQnN0cnPSAVdBVV95cUxNWHdYX2h2VVM2WTBmV25HWVQ4Ym1vdUd3QXY5M1Y1eF96eUNYM3lra0Q1bHdpYUhOdHdBZ01qaWhJX05wdHIwSHBaa01COU1vaWY5aHFjakE?oc=5,"Mon, 29 Dec 2025 08:00:00 GMT",aju press
2026-05-11 05:57:11,Taiwan earthquake semiconductor,"Taiwan Hit by One of Its Strongest Earthquakes in Years, Yet TSMC’s Chip Operations Remain Unfazed With 70% of Equipment Operational - Wccftech",https://news.google.com/rss/articles/CBMirAFBVV95cUxNSHNfcDlCNHNfVDhaNW9tTjgxQlBPYWhtelNWa010SXBqcWt3SUhjZ2Jwc1hNSnRnT0w5bEFSZXlQUWlCYV9xcHhiX0dFbkFyallQNTc5dlNLMkJ4M2M3SF9wM25XOWV1dVFmblBuWjljd1F0RFdLUHhrb0ZLQjc4ZHpsY2hTcVo2WWxDNm54Zm9iSnJOU2JvYzRfcmVwVlpZYll4MEdYOTd0TzJv0gGyAUFVX3lxTFA5LXFaSEVfUnU4ZFkyQldnZ2FBa29nT2ZSMWw4b0R0M1J1LXJ6SVZ1TkswT1QyMnZZVFFQTFRfcHh4WHpUWnptNzJLalJxTkxXdGU1eWlTM001bUlabEZDcF9hZ3dOYXc5RE5XS3prTVJrUERpWVdlT1pEQmw4SEhneEFlM256SUtiQjJqS29PRDlFZHdfanQxNUZiQXNsbzN2TUpRZ243TW1yb3dzVVFobGc?oc=5,"Sun, 28 Dec 2025 08:00:00 GMT",Wccftech
2026-05-11 05:57:11,Taiwan earthquake semiconductor,What's Going On With Taiwan Semiconductor Stock Monday? - Taiwan Semiconductor (NYSE:TSM) - Benzinga,https://news.google.com/rss/articles/CBMivwFBVV95cUxQc3FpZ3psa055bHd6Y2RPY1JhOWJVcG83SFhlSlNUQjNfRXJRbzVCNDJGaUdncU5VYXdYaG5obWdxaG9EU2tvemJIMVJQY0Q2SGgwM3ZCbVoxVkxNQm5GOW5jVXRFaXZMZ1BNQTZWakhYTGxWbXdIODVNVmthZGExTFJpTVdZX21oeTZaeVJ4dFRxMjQ0d0NFM0NoampVYWkyNGhOa25zVXY5Mms1Y3BFN1VkMkNZQXoxR18tNUU5Yw?oc=5,"Mon, 29 Dec 2025 08:00:00 GMT",Benzinga
2026-05-11 05:57:11,Taiwan earthquake semiconductor,"Taiwan hit with earthquake, chipmaker TSMC evacuates some facilities - The Times of India",https://news.google.com/rss/articles/CBMi5AFBVV95cUxNamQxOFNBNDB3akVEeHRSOHhRU2stMWlpU1VrVDEweHluckpTTkkxa2hGeWlOVlNtanNMUmZsRkJoTnZkUEV0eVBOZXFvc21xUlRlWGNBYmdkRVlQNHExRlQwdWoyYWJOQ0R6empSZTh2aktXM0g0MlN2aU5JQlFlTldubTVFcjZwNEdnQlBhNXNzbXhINUU5NTNucnNLenJiZkZTNllVcFE1MWRwamRxMDdWTVBKVzdNd3lxclF4SWZfTXA5R3B6d1UzNk1BYmxvV0cxN0tLWVVJN0pGSjJ2OU9jakzSAeoBQVVfeXFMTkI0SFdXeEJTbmd3cUpkRVFRMmNBZmhwVUprZzJtbzd6WVlGN0FyUjFpSThJQ1lBZDQ5cXg1X0FRSTJfeUV2a0JabG5xZ0k4ODZWeFZXMEtWVFZLelhnUVVodmFaejlSdkk3NXNRR2xKWVowam5ENGR5M3VTR0xGNnRNa0NjRVFKbFU5aHo2N1NXaENwSGxKMTBOT1M1WUdhWkluLTV3ck9DVnhfazBacWhocWhpOF9VSmk3aHlSMnA1UUpyeTlEU0JyOFVhWFRUNjVQTmVxaV9sU29oWFdoSVR4Y3NaNHJkc053?oc=5,"Mon, 29 Dec 2025 08:00:00 GMT",The Times of India
2026-05-11 05:57:11,Taiwan earthquake semiconductor,Earthquake disrupts transportation and TSMC operations in Taiwan - Taiwan News,https://news.google.com/rss/articles/CBMiVEFVX3lxTE9ZNkc1aUJkM21YYWtnT1Z3ZENuNWVwR0VOV20yTTNuazczdENBVmx4TlJRNFdVaDlUazVoczJsU1lndWpjdlhLenFpNm1HUXA5RHdJcw?oc=5,"Sun, 28 Dec 2025 08:00:00 GMT",Taiwan News
2026-05-11 05:57:11,Taiwan earthquake semiconductor,Taiwan quake disrupts TSMC advanced chip production - CHOSUNBIZ - Chosunbiz,https://news.google.com/rss/articles/CBMiekFVX3lxTE9hVzRkcFlHZmlVazUwU2kwNHJ0N1Itbm5NSWV0VVB6R24yckduZ0Q1UDg5Ujc5VlpJeVRYUEs1QmtxQ0xhZERpSEFRenByaUg1WG5VTjJNQm9td2RRZ1o5aUNCQzBLT0FuY1g2U05ZTmw1Nm1YTVVUbXlB0gGOAUFVX3lxTE4zQUplSC1GanZfaHNaTDNJNHdCS1ZSQi04QjctYWlNcExiYmhmRDZJNlZlMFJGX3BaM3NDZTFNeTFPVXlINW55Nm9TU3NqdlhpTGxpTlVydEpWOTA3ZldXSFVMUWdwNnM3TTYwMHFZUVhYcWVzZ0s3VW9Xamd0Z0pXMUFiZ0drekZDa3ZXSmc?oc=5,"Mon, 29 Dec 2025 08:00:00 GMT",Chosunbiz
2026-05-11 05:57:11,Taiwan earthquake semiconductor,"Taiwan quake damages key quartz tubes at fabs, putting chip recovery in focus - digitimes",https://news.google.com/rss/articles/CBMilAFBVV95cUxNSV90NjA4NWQwU3lya0duUmV1blNpaTlBMzQ5R0hhMDJKOUZ1dEVOYkJGWlBOTFVSREpsU2k0WTNBWUVKVHNaY2stMk1rNDkyWGkxYVM5TlEtUzE0WHdiNlVfRjRzeHFyUEwzbzFSQm9ldzVLc0hhNl83SmNtTXpUOXVqMmNfekZJSHY3MkJsNVl4c0R3?oc=5,"Tue, 30 Dec 2025 08:00:00 GMT",digitimes
2026-05-11 05:57:11,Taiwan earthquake semiconductor,What's Going On With Taiwan Semiconductor Stock Tuesday? - Taiwan Semiconductor (NYSE:TSM) - Benzinga,https://news.google.com/rss/articles/CBMitwFBVV95cUxOTWRLVXJYMks5M08yZ25tc01lLWk3SkNKanJLdXVkWmZvVk1MNTAxejhkOS1LMm53Nk8tSndHSDc5RUQ0MFVtMmZYM1FrZlczcXNnWHZtaXBPVzR2VC1BQTY4LXRyaU8xc093SFR5VHd4eTFaR21mVGJYZkFCeGdpaVE4LWNQUmFwc1B2X2xEcEJxbVNGWkZUam5JVFEwVHdHTnJtT3pQZExJOTJNaV9OcC1OMFcyUVk?oc=5,"Tue, 30 Dec 2025 08:00:00 GMT",Benzinga
2026-05-11 05:57:11,Taiwan earthquake semiconductor,TSMC's secret behind countering quake risks - digitimes,https://news.google.com/rss/articles/CBMilAFBVV95cUxObkU2VzIwcHVENnVwQWFMTXFFTDNEcnM4VTZwOW5KZm1mVEt0VUFDU1JIaFExUDNTNkhSOUNZOHVyOHpXSW8xam5XRW1EMzJQUVpNRXNvTWhzN3lDYkZoZkxNNzNCSGpaWEFGaFBzTjhVcVRiRWxJOW1RaURrcjkzaVZpRkx0ZEpLRTNPS2NLSkYwOEZx?oc=5,"Wed, 07 Jan 2026 08:00:00 GMT",digitimes
2026-05-11 05:57:11,Taiwan earthquake semiconductor,"Taiwan earthquake’s impact on chip industry likely to be ‘moderate,’ experts say - Manufacturing Dive",https://news.google.com/rss/articles/CBMirwFBVV95cUxOTDFpWTlabTNydzlpZEV6YndWMDY1UGNFOXgyaHg5YkYyc0wzNlFQZkk0dDFiTWZEbGZjRF8yYnl1VnIxQXRWT1lnZHUzclpSMUdfaVhIMDNhRGJSamNfRlRmSzhjc2ZkMHRQZ0xXVFNCYVZsWUNWdW02MElxN3lFVnlJN2l4bzV0eXBUbDlpWDRvS2p6eW5tNWxkYXhXZmlGRmNjRGxLVTd4UF9MTkZR?oc=5,"Fri, 05 Apr 2024 07:00:00 GMT",Manufacturing Dive
2026-05-11 05:57:11,Taiwan earthquake semiconductor,"Taiwan quake to hit some chip output, disrupt supply chain, analysts say - Reuters",https://news.google.com/rss/articles/CBMixgFBVV95cUxNZUtfdlFXeVlJN1A3VTZ3UTNkaFRscGFEa0pWcS1ZU3NTUmxjMWlKMDZIT05xZmxCNGNIcVRvcDRxWTNJZUlHcEh6QjVJQ0V3bDJsajhDX3pMRVRrUFAxWnJqQUQ0bkhRODVqTENkcmdieFRGS0lfT09lcnc3NlI1LUIxMm9lUjctdDZPVlNuNFJYc0pmclRpY25BZHBwRF9ZWDl0RUdsRDdrRGJHUjUzQVRxc1d6NDZaRjZzR1kzUzhlVl9reVE?oc=5,"Wed, 03 Apr 2024 07:00:00 GMT",Reuters
2026-05-11 05:57:11,Taiwan earthquake semiconductor,25 Years of Resilience: Lessons from Chi-Chi Quake - Moody's,https://news.google.com/rss/articles/CBMi5gFBVV95cUxOb2FVc0VlZ1AyZWlTckktcGN3c0lqWV9WVVpKczI5MFlhMFNZUUlfcURoeGpNV1ZpeTgtQXFfY2xiYi0tNGREU3VFZHBUSGdvSEQ2aTVTR0ZQVmRkVzVBYm9QMVdfaVlSRElxNWl4QVp0cC1NRkhCVTVrS1V2aU9XMjBSQzBNT3JUMVM2VHRfZHZwQzdQbTNGaGc5cmNtS1VvTFNBN0pDdGRqYnhMSDA0SnpQdnRneV9nWnpuLVNZb1pFV3ljM3lqSzg3VUxsWXE0MG1Eek5Yb1RrMU5OdWNITEs5dmkyUQ?oc=5,"Fri, 27 Sep 2024 07:00:00 GMT",Moody's
2026-05-11 05:57:11,Taiwan earthquake semiconductor,Taiwan 403 Earthquake: Protections for Semiconductor Industry from Seismic Damages - Lockton,https://news.google.com/rss/articles/CBMivwFBVV95cUxQWGx4LWoyTDdMNko4bWNSbEdnUUVhNGhZRTlZZ3pHNlhEMDFYX3lzQ3N2QTV1TzdOT0xta1V6WE9NVWhqQmxIY3hWWUxIcVBLQl82TTdfSVoxYjljQVJXVzZtcHZwM0NOR2VndHhkRlhyNmRwc0RhNGpZcFFMVDdJVkpaRnU0OHZzV3ZodHJPclZFd0FYTkE5eGNDZzBCS3JTLVlPVW9FZm14Sk8yN002eDJFU3dCUEduWko0ZDUxdw?oc=5,"Thu, 11 Jul 2024 07:00:00 GMT",Lockton
2026-05-11 05:57:11,Taiwan earthquake semiconductor,TSMC reports $162m in losses after recent Taiwanese earthquake - Data Center Dynamics,https://news.google.com/rss/articles/CBMiqAFBVV95cUxOMk15Q2tVbEt5aG1RbVVqUHZocHRXcFM1bnI1UGNKTFVISmJYZjhlRS1TdFdIVGdxSzFnVzlja0k0Vk9LU21FM3NlTGxyU2tscXpSdkZpdjg1R1VpdHVGVWJHa2h3c2hHeXNOU195WE5uMXZ3cTJTVnlzVDZYd1dmblVMTWxHWW9ucUFVbFl3U1VGc21wZ3gyelpRVDhxRFV0VndNQkFXblU?oc=5,"Tue, 11 Feb 2025 08:00:00 GMT",Data Center Dynamics
2026-05-11 05:57:11,Taiwan earthquake semiconductor,"Taiwan quake hits chip fabs, but Nanya says operations largely unaffected - digitimes",https://news.google.com/rss/articles/CBMimAFBVV95cUxNUElZNFN1ZEhmOHJESnJvSGtjNGVTbTcxa2s4RlNkNUQ2WXVfenNjWDdnM2hIV3lER3RYN2xDNXVRWjVkazNKN2hYVjJvMEUzZUJIemZnV3p3TTZtM2FVa294cEdxV2NpZnlqc2szcTlOLU1kTFpsMVNLVDJhS1V0M1dGLU1kUlV6TDBncEVCVnQyQi1kNEJ3Uw?oc=5,"Mon, 29 Dec 2025 08:00:00 GMT",digitimes
2026-05-11 05:57:11,Taiwan earthquake semiconductor,Southern Taiwan Earthquake Disrupts Semiconductor Production: Half-Day Output Loss Expected - digitimes,https://news.google.com/rss/articles/CBMijAFBVV95cUxPTVRDT0dYWTMwajlfYkJwZl9vVmY2MGVNSFVQWTJ3enRxUDJtbE9VNnVsekZuNl9ycnZjTkxIMU9PaUJXT04tZ3ZGWGhDRkFSWjVxbFhTWFdQWl9LUUVSblI1V0FyY0Itam9oZmI1LTdleHZJZkpyMmp5dlc3c3BCczlOZ1B5VHNIVlRkag?oc=5,"Tue, 21 Jan 2025 08:00:00 GMT",digitimes
2026-05-11 05:57:11,Taiwan earthquake semiconductor,Taiwan's deadly earthquake stopped chipmaking at TSMC - qz.com,https://news.google.com/rss/articles/CBMif0FVX3lxTE9GWW1ENzVzV1p3a3ZsUDVCaDRKTlRfQWFpM3Bxa2JLQnZOY2ltekxKNElYZ3NuZzhaZl9jSjJfWDhLbjhGODZSbkFrZEMzY0JwbEE5eVFMWXk0QzAyS0dyYTlpRktqaEhXWk42OWxSUm5KeXdueGhFVW1BNVlCRDA?oc=5,"Wed, 03 Apr 2024 07:00:00 GMT",qz.com
2026-05-11 05:57:11,Taiwan earthquake semiconductor,The Chipmaking World Hedges Its Taiwan Bets - Foreign Policy,https://news.google.com/rss/articles/CBMilwFBVV95cUxOTHJ5bmY5enJiUmEwNGxuRHUwdnJBYkc3bEJ1S2pRclB3cENCUHNlT1liS0VFcnZVdElNTW9wX2VIMDg0UlVwZVVHU0hLV3h2dUtOV1FRYS13ckh1WnY3SDZLamNSYlhxRlA2VFByVnkxeW4yczU3bjZQVEdBS0hGbWhYalNzWXJCREtVSHlRRjFYSlktYXhN?oc=5,"Thu, 11 Apr 2024 07:00:00 GMT",Foreign Policy
2026-05-11 05:57:11,Taiwan earthquake semiconductor,BriefCASE: Taiwan earthquake puts the spotlight back on chip supply chain diversification - S&P Global,https://news.google.com/rss/articles/CBMiwAFBVV95cUxNeHp1WUZ6MnZDM0NOZGtIcG9saW9WUExHeUt3dUVpeDUtQUkxNlJEWFR3V1RrdUdQaW81UWtFblhqRnlWMWlCSTc0ZGhQRU9uQWlsamhDbDZHVFZhVTVZRldYMEo1V3A3dlNPaG11OFZ1ekwteUVtcDAySEVXVWJsdmtqU09rS2I5SXlrODNNd0UxbFJWeXUyVnBLOC1PTnJ2bmd6TW1JZ3FXMzdQYWo2TVJpeC1DMmZBUkVWYlUyX3k?oc=5,"Wed, 17 Apr 2024 07:00:00 GMT",S&P Global
2026-05-11 05:57:11,Taiwan earthquake semiconductor,Shaking the Foundations of Technology: The Earthquake In Taiwan And Its Global Security Implications - The Organization for World Peace,https://news.google.com/rss/articles/CBMiuwFBVV95cUxQTEdzcjJ1WjdaVWtmYXc3TWFTYXExalV1RFFjLVV4WUdNSngtcXhmeFdFekhIcEpTcHJPZDZTRkkzd2VrS3hobjZkR1RGREdMQUZ0Q2JzMk1fS250NV9reDJqX1N0WHNTblhfSGd1YzJyRGkxUjFhME1PaEx0RVZpUzZiMHZ5cFd0eU1SZWZYeDVQMm1veHVKdm9ZRXdWOGRoOGFXUWtydDlCTUZFMndoZlNWc3JKRnppUl9v?oc=5,"Sun, 07 Apr 2024 07:00:00 GMT",The Organization for World Peace
2026-05-11 05:57:11,Taiwan earthquake semiconductor,Taiwan earthquake briefly halts chip factories that power the global economy - KUOW,https://news.google.com/rss/articles/CBMiqAFBVV95cUxPQzJlR2JkSDdEOVVaSThHX3ZETlhyNVJZZVJpRWxTSnBvWEdreUpsTzRXc3FMUTE2aTJCX3lUYVhTRUNaNnN6MFBmWGs4QVVOZnVEc2lZM00yNnRObzNCREszMmprdlM4c1NGNnlsS0pvVWxOckltQ1o0dVVvQ2tuVmlqcXhHbEZobGxmc2QwbG1PZWNoWTV1NVV0UnV2M0tURXlacVpTLUY?oc=5,"Wed, 03 Apr 2024 07:00:00 GMT",KUOW
2026-05-11 05:57:11,Taiwan earthquake semiconductor,How chipmaker TSMC bolstered its foundry to fend off Taiwan's biggest earthquake in 25 years - Fortune,https://news.google.com/rss/articles/CBMiogFBVV95cUxNUlhERVlMNWNMb0FMTmdnQkdRczc3dXBuS0pFZU9NV0J4UmxKblZHcVptby1PbGNpS2dPTDdPcHUycWt3YXlYVU5XN2hFZlVvYVQ0NGx0M0hja082VE8wZHVKRUJqRlF1UWpVVkxwLTdkd1MxWGNxclFtTnA1QVBPQlYxYkJIVWVzRE1oeGt1ZGNmaHlaOVBUdmZQbkpZYUtGeEE?oc=5,"Wed, 03 Apr 2024 07:00:00 GMT",Fortune
2026-05-11 05:57:11,Taiwan earthquake semiconductor,Apple and Nvidia may see supply chain disruptions from Taiwan earthquake - Fox Business,https://news.google.com/rss/articles/CBMipAFBVV95cUxNTlRWNlpPcWluUzh4QzNtLTgwcWJ5b0t5SGNscktZS1JyeG00TjdBaGZremxYTEJnUVhSajk3NDU1UURSWEdlSGtsQzF5anpLbGxNZHlZbzJUSmVJWWhuVmhtdHJvTFVaRWdsb1V1TWxpM0JZRWtIc2ZQTkhkdWpOWnNjMEFIeXhoYXo5bnhUZTVLT3pudllqZEdGZUhMcUh6aVdfedIBqgFBVV95cUxQcWRLZ2toN0J0dXRoMTV0MGVGVXRMY21CNlRjMzZuUEJsal96YUdHc0x2VC1kZzBPeTlEM2dTcTcxWEdrVk9qckdaU1c3Y1RwTnFZYTlXMXgweFVMRGFuYUtsZ0NlRVpWdjdZeUlmY2p2ZzRkTUs0bXlScFFzMGtMeERma01KM3g5LUhqSGR2NXo2TG1XYS1JX1FfQXpmR2JZcnlPaTF2RHZTdw?oc=5,"Fri, 05 Apr 2024 07:00:00 GMT",Fox Business
2026-05-11 05:57:11,Taiwan earthquake semiconductor,"TSMC Earthquake: Up to 30,000 wafers may be scrapped - Astute Group",https://news.google.com/rss/articles/CBMimwFBVV95cUxPY0h3NVJ3UjJsU2EycnBoOXNZWllZbV9iaWhTd1lyM2I3U1RoN0R1cnFYdzVNTmJOSXFqUHJhTk9ncmJzUWd2R2VZYno0RndBTU8zbE1ZV1N1VzJORlMwZlVEMGVCempRcFdlWnk4bmVfZVdpSGkyU3ZYQ0h2bDdCc2xxLVQwOUFvZnp0dTMyODNxZFR1V2hsMUxSNA?oc=5,"Fri, 31 Jan 2025 08:00:00 GMT",Astute Group
2026-05-11 05:57:11,Taiwan earthquake semiconductor,TSMC Facilities to Resume Production Overnight After Quake - Yahoo Finance,https://news.google.com/rss/articles/CBMiiwFBVV95cUxNemMtNzJqdEpIMW05QmQzRXZiTy02S3pjd3p3RU84RnlRMGlTV0htU0lubl9CUV9Ed2NnQkhUaG9ld2VrSlc2YWlLVWJVbm0yYW5fNk83YUgzWGNmazFVeHl5NlZTUWtiWGx0dnhIaXMwWFFQVDZMRU1uLTRsYjNGb3pCQ2l2Ui1YTXVB?oc=5,"Wed, 03 Apr 2024 07:00:00 GMT",Yahoo Finance
2026-05-11 05:57:11,Taiwan earthquake semiconductor,Taiwan quake: Europe trembles over semiconductor supply - Euronews.com,https://news.google.com/rss/articles/CBMioAFBVV95cUxQeUttOE4yWG13UkRfZExrN0ZYdk9UT3hWaTRPTTJ4bXUxWmVaVGY4ZjgtN2JPTWxjNkVHMzgzVGVBVDBJNmgzdlY4SFRFcEpmLXVtR1BOd2c5SXo1UEpBS3JGbTR1eUVUY2lHWkxnUmF3bDNLX0EzV1dORXc2c3hhMnkxQVh1RWpCQWtPVFFFdEJSaWVMbU1MdUhFVHRfanlm?oc=5,"Wed, 03 Apr 2024 07:00:00 GMT",Euronews.com
2026-05-11 05:57:11,Taiwan earthquake semiconductor,The Taiwan earthquake puts the vulnerability of the world's biggest chipmaker on full display - Business Insider,https://news.google.com/rss/articles/CBMitAFBVV95cUxPbS1oZWxVbmEtdFoxR2FvWEZGRklMSTlBVS1WcVB6X0Q5amZ4U3VBQmxScmw1Z19sZkNULUxoV2huNDVueUxjLWhjQU5hYk5VTFRZbm9WZEc4ME1HVGRyWjJrZG9obTdUcXAyMnBJUExfYUtPNkM2RFo0M0lUSnZNU3FuOWpKUFVsTG1pRGpoNUlkYVBZMkR2SV9RZEFxYzJzSE9rSG05b3BwNkVaRkFwVGVtNGw?oc=5,"Wed, 03 Apr 2024 07:00:00 GMT",Business Insider
2026-05-11 05:57:11,Taiwan earthquake semiconductor,Taiwan Earthquake Tests Readiness of World’s Chip-Making Hub - WSJ,https://news.google.com/rss/articles/CBMioAFBVV95cUxQVHVoY0J1YmEta2RnSW03S1R1ZkVJU0FDMUFLTnVFMkg2Yy1ycXJYR050dkVSdHdGT01DeXdoa3NxZGtfbkpRRjZsZXcwTmxzWUhTVTVsbS1BcXBrTDc0ZVBQYWZ2aXN0ckZPbC0tX3JURzJaZFpjSjVVMDJxenYtZEJoV0E4c2s1YUpmT1pUbHQ5bFFaS3FHelFZYUdhZTVW?oc=5,"Wed, 03 Apr 2024 07:00:00 GMT",WSJ
2026-05-11 05:57:11,Taiwan earthquake semiconductor,Semiconductor supply chain rattled by disruption after strongest earthquake in 25 years hits Taiwan - Milwaukee Independent,https://news.google.com/rss/articles/CBMizgFBVV95cUxNdVREVEhpSWltSy1PNG9BYWM0TXlWRmljaE1fVHc4OUh3cTh1MFFRRTJBUXpfOVlNTHNUUDlZSVVBOHhpM3RtLTkzYjBJdkNoY25ENG13azN6akh4ODZIdWpyMlhxZ0d4OGtaOUNhUEh2RXRMV2hJaGJWa3dFXzZCeUhyTnI5aTRUSWZBbzg4ZUhLd2NMR0JUdV82M19ZcDNaNmJuOGpxVVJjNllNdTV6RjNtSVVNbzB1VkM5NWtaZS1LVUxlME0zUzUwWkM0UQ?oc=5,"Thu, 04 Apr 2024 07:00:00 GMT",Milwaukee Independent
2026-05-11 05:57:11,Taiwan earthquake semiconductor,Taiwan Earthquake Raises Stakes for Solution to Chip Dominance - Bloomberg.com,https://news.google.com/rss/articles/CBMiwAFBVV95cUxNdFpPNzJIOWNTNV8yTW9wNmhfb2dtYW5EMWh1NEgyMzlKLTUtbWswVzlSdFFBRGFqSVMxdzhGS29kbHBrQURyRVJVb0EwSDRTbjZFemVVVmEzV2Z3cnFlYXBiTldGcWc1Z3lsWW5sM0d2RU8xemd0YVlOWFhXeWFNZVBWUEZjYkYxczBhWWxwNDNHNEhYVWEtbjRuZ20tYUZNRlNTRjRQbHFWMTZ2NlNvNzFEOEFuaVJXMzdQZV9kMXQ?oc=5,"Fri, 05 Apr 2024 07:00:00 GMT",Bloomberg.com
2026-05-11 05:57:11,Taiwan earthquake semiconductor,Taiwan’s earthquake preparedness saved a lot of lives — and prevented a catastrophe for the global tech economy - vox.com,https://news.google.com/rss/articles/CBMi2AFBVV95cUxPNnF0Vi1SUUROUExEdWVkcjVqQ0t2ZldXVkZFaGVXYm03ZWJheUQyYjdFamN6ZXhNclRTQzFMejJBVGFjbFZPVWJGSHZjMmZ1NjBlekZzWm9MZzlDMUFFTHhFWkh3NDVJVGl5a2JFd1pmNG9BeUFxNElrc1BVYzZHTW9rWnRqYklkS1ByRzNHVUdsT3V0VEYxN2RQS1Y0RmlNTGhMOTNLaXduTTd4ZDdxSkpsNGc3OFY0UVRzY0VQU2NsRGJ0MzlLb25Bc3ZMSUJnZVNrSUJsclI?oc=5,"Thu, 04 Apr 2024 07:00:00 GMT",vox.com
2026-05-11 05:57:11,Taiwan earthquake semiconductor,TSMC estimates losses of $92.4 mln due to Taiwan earthquake - Reuters,https://news.google.com/rss/articles/CBMinwFBVV95cUxOQlRHZUVnX2lHQmtrYWZHUlhlODlyVjFWQVc3ZktDcTU2TlJHSkxiYm9aRlVDTmxKanZpWUdHQWNVckJUblgxaWlwMlJPbHJMR2FTdkZSMldmWWtrV2YxallyTWhBUmIwQy1YUzJmaXVMQTIxMjlHZFRvWDVBVk14Q05YMjBncTRfbFFKX21mVjB5c3ZDeDRHamZxZG1ibm8?oc=5,"Thu, 18 Apr 2024 07:00:00 GMT",Reuters
2026-05-11 05:57:11,Taiwan earthquake semiconductor,Taiwan Earthquake Could Mean Production Delays for Apple and Nvidia - Business Insider,https://news.google.com/rss/articles/CBMipAFBVV95cUxQeWVES1laVEVNaXB6SnBBYmdPOS1mRDYxdnVOZGpyUWlOcnZ0bWdXT3dqOERnZkhuNmxCUWVtN212cHkzWXJRMUtDZ1N0N0pwNTctMGJQR2IwOEZaZ1RSX1AyUkVKWUhCRUFvRW1iYWx2Q0N4WWZkUzJZM09lQ1NCb2dtV3JSMU1CYW5SMHFULVhSYlpLY1NPUzFtSXYzdFJyRUM3eA?oc=5,"Wed, 03 Apr 2024 07:00:00 GMT",Business Insider
2026-05-11 05:57:11,Taiwan earthquake semiconductor,Hualien earthquake shines light on semiconductor coverage gap - (Re)in Asia,https://news.google.com/rss/articles/CBMihAFBVV95cUxQNUhWZ0xJc0VGcU9QM0dYczVjYkMwQlVxY2JGWGlXT3BhdGVnNC1oVlhjcVJoVnI2M2M0SlJHWUVCdHA1aTI4NTZ2dm9FR2c3MUQtclQ1T3VZaURyQ2NVRUFWaW5kajhCZUJ5VFRGX3lEQ2VzbVRuYVhxOV9qS3dwRlpsdl8?oc=5,"Wed, 11 Jun 2025 07:00:00 GMT",(Re)in Asia
2026-05-11 05:57:11,Taiwan earthquake semiconductor,News Airfreight shift as Taiwan earthquake impacts semiconductor production - The Loadstar,https://news.google.com/rss/articles/CBMimwFBVV95cUxOZE8zdWpKQURKYjh3aXdwYzJjYURlM3UtSlZ3bzMzX0tPM0RjUlZWRnlCa2cwT2tHWnZSeVRyUTl3a1ZiMUhMRk1QYTJ5RVVwbDZ4UndGRlJqVmlVdUprWEZnYVRHaVI0eGNzaktZVkx2cm9vLUtSZkp1M2Y0ZHdzNXloS3VySm15TVhFOXhLRktCYThaRk00RktRWQ?oc=5,"Thu, 04 Apr 2024 07:00:00 GMT",The Loadstar
2026-05-11 05:57:11,Taiwan earthquake semiconductor,"Taiwan hit with 7.4 earthquake, TSMC evacuates some fabs, begins inspections (Updated) - Tom's Hardware",https://news.google.com/rss/articles/CBMiuAFBVV95cUxOOV9odzc0aDJHUW1kYzA5OVc4UWExbTZLamJGei1TUzl4YmdBeEpuRFVtNE4tMDFhbUsxRm9ra1FXU1kyekF4bTRwWkRyR29zYTFrckVXQTRwMEhzcThlM2IwN0dBOE53THJ0aFFpOUpaSEdxa3JHdTY3cFdtdDJLZzExTjd6MFRRODBYTUthY0RIODNBWTRFR3haSnhidGZTN01NZm85OFhBNjVTalhHSkotbXlibkJx?oc=5,"Wed, 03 Apr 2024 07:00:00 GMT",Tom's Hardware
2026-05-11 05:57:11,Taiwan earthquake semiconductor,Semiconductor Industry News - February 2025 - Sourceability,https://news.google.com/rss/articles/CBMifEFVX3lxTE96SGphMlJSOTN4UnNNWU9uT1BiUDQyWkZ3ejNLaEtUUkM0VXUwZ01hQTczeTI1ZmlraGg3TUpFWUZvUXYxUW5Ua0h6d0RucjdBZjFaS1JBS2QzdnV4SVN4amFrWVl2MGtTbHhLU1lidVkzQ05tY3lqNnhJOGw?oc=5,"Fri, 28 Feb 2025 08:00:00 GMT",Sourceability
2026-05-11 05:57:11,Taiwan earthquake semiconductor,TSMC resumes work at construction sites after earthquake-led shutdown - Reuters,https://news.google.com/rss/articles/CBMiswFBVV95cUxPQk1jSFJud19iR1c1STkzYjhTb2EzRmR0UXFqZDNWdncyUi1lSWV2Ri1XcEZWdmctRGtVanBIM3A3LVNieGU5WU1jSVZRNWpSTHdWNy10NU5VZjJfdGVSRlE5bGF5MmMxOGQ4c0lfNnpmckFBbXRJRl9mWTF4TTVmTk1sYzFIVEtNd2psTkJ0SkNxUkh0TTVLSlAtNUVPR05weWZHYVd3Y2RaaXVuSjVydDhpSQ?oc=5,"Thu, 04 Apr 2024 07:00:00 GMT",Reuters
2026-05-11 05:57:11,Taiwan earthquake semiconductor,Taiwan's biggest earthquake in 25 years could impact Nvidia supplier TSMC - Fortune,https://news.google.com/rss/articles/CBMisgFBVV95cUxPR0tVOTJTNWQzdkhRaHFaX1J6VHNsR19seXczblF2d0h6cVRrVS1wYjhqdGdXd01vdURZQ3pGX3RqVFZRTGdJS0FNamtjcGJWV21kUFNUUkJ6SElVMjIxOVZnMWhORlF4aUxGX1FBdXZzek5IUGZWeHZ4WEFUNE82eVF1cnlPYVJDQm1zYWZZYXFtdHBmWWZWZ1pIY01IWU56cVpYanp2VGozXzdJdVRFeXpR?oc=5,"Wed, 03 Apr 2024 07:00:00 GMT",Fortune
2026-05-11 05:57:11,Taiwan earthquake semiconductor,Taiwan Quake Was a Lesson in Resiliency for the Global Supply Chain - Supply Chain Brain,https://news.google.com/rss/articles/CBMitgFBVV95cUxNbTEyRDA0OVdoc3N4VW4zRkZhbEdCSEoweWJzVXB1cUNuaXJ0UXVNOWtCZExINExQU2F0b3hRQUNTWVZwandiNXJiYW5yaTJ5bUhSWDdzaGl1ZzhLM0R5RWRrYlJUd05RdUlyU0FWRXlRRUt2ajVSVVhPOTl4YnlPS0l4bzc0OG1HRUlLRUZNc0lqSUdBRGl1ODltZVF1RTFSWDh0UVFkWU0wWjFZT3dNX0RFOTh0dw?oc=5,"Wed, 24 Apr 2024 07:00:00 GMT",Supply Chain Brain
2026-05-11 05:57:11,Taiwan earthquake semiconductor,Taiwan earthquake threatens world's biggest chip hub - Axios,https://news.google.com/rss/articles/CBMic0FVX3lxTE1QbXQzSzNDRHR4d2hGZGMxaXd0cUpVd2RhWi1za2tNZi1xRVNfOWF4Qlc2Qy1CSXF5eVlObFd2WmpET2R3V0hzdm42SDVDSWVBNGtoUWgwbjgtSmttZHBtTXYyb20xaDlrLVF4RXd2UXVxdWc?oc=5,"Wed, 03 Apr 2024 07:00:00 GMT",Axios
2026-05-11 05:57:11,Taiwan earthquake semiconductor,TSMC says all its sites operating following Taiwan quake - Reuters,https://news.google.com/rss/articles/CBMipgFBVV95cUxQSDlzVEJjYnNsei1ITThabGRIUXV5SkFWQWJ0OEpiSmk5Rngtd3NpcWJvYTZMWU45c1M5OWJvZjE5cVhjalJiYnZUTGVBNUZsU0VLNTl6anRPaldnYi1yZkJJd2VCOHFmTDdxVUY2djFuRkpxMEJGenVYbEFOZHhsWUZnbFZVdjRIb3NKQzh4RHNlV3EwWEU0YWJMUDFHS3MzdUVUYmln?oc=5,"Mon, 20 Jan 2025 08:00:00 GMT",Reuters
2026-05-11 05:57:11,Taiwan earthquake semiconductor,Losing Taiwan’s Semiconductors Would Devastate the US Economy - Hudson Institute,https://news.google.com/rss/articles/CBMipAFBVV95cUxOU25PU1l3czdTQ0ZiMUMwVDd6U3lnVWJzS1BPZ2t2S0x1Vmo2TVQtOWYtZUdTajdKVjZ1TktCZ1d5S1FoVUVhM1lsUGtYZ1NnTWdvUzJNdVFwc2FOT1hMMWh2QWFaRzZsRXJETklRSlF1RElJVzNfdmxJQ0x0NzR3RVozc0h3NFRYTFkzaGdYZHJ3alVUQ0VqRG93a3RGejhQZnNGSA?oc=5,"Tue, 11 Jul 2023 07:00:00 GMT",Hudson Institute
2026-05-11 05:57:11,Taiwan earthquake semiconductor,"[News] Taiwan Hit by 7.2 Magnitude Earthquake: TSMC and Other Semiconductor, Panel Supply Chain Updates - TrendForce",https://news.google.com/rss/articles/CBMi2wFBVV95cUxPeERRM1A0ZEt0dEhSYWUwT1o4LUlaSEttOWFJZEJ1YzJkbUI4d2Z5dG4xYUlXdTJZdkVTWFh2ZzVsMkdIWmlqX1pVcFNoaHdxZ3RfeUU4dTNDUElmdk9xUEQ3Rkp4bGo2RVRsODh0dzhKYkFDektHOG9CY2pLc1RqS2tiNzJ2cjlvelhLOWNyMkFrMGI1eDlITWpCdTBDYjZGUG02XzJQSndjekNUWnFCbk4yWVVlMzhlZl9nOExUN1docUFnVTliLXk1ZEFwUjdNSmNnU2NOekk0S1k?oc=5,"Wed, 03 Apr 2024 07:00:00 GMT",TrendForce
2026-05-11 05:57:11,Taiwan earthquake semiconductor,TSMC halts work at semiconductor plants after Taiwan quake; work in Phoenix not affected - The Arizona Republic,https://news.google.com/rss/articles/CBMi5gFBVV95cUxNbXJNbm1SckNTUFd0UTlEd2ZpYmwzNTh2TlF6b2VDYjQ0TEZ6VzlTRWFvblVEcGttYmpYUkpMRFFoTk5Ua0Vya1ZiUE44UjRBeTdPTnlfLWlHT29lQTZOSFcwQWhPc2x6TXBjZHJkRE41VC1oeXZ0VGlIUkM4UUNJOC15NVJRN2pXZWNuOGp2THZWYkJSYkFNYzBPQnZSV3N6UGhEUUUwS3cxLXVGM0gxeWFqLUk4OVdvNjFEUjdFUk5yTTNrMUtIUVJlS1k5ZHZvWFNkcndfeS1jRVpkUzVFc0lva3VEUQ?oc=5,"Wed, 03 Apr 2024 07:00:00 GMT",The Arizona Republic
2026-05-11 05:57:11,Taiwan earthquake semiconductor,Taiwan Hit by Another Earthquake: Semiconductor Price Hikes on Horizon - Businesskorea,https://news.google.com/rss/articles/CBMidEFVX3lxTE5xMGtpbkEtaXlTVEs1Zl9XUXpSWXhJMUlRNG5xX295aFV2djk2clVBSjZJdTBnV2p2cFQ3V3d3TDNuYVVEcjN1b0YzbVQta180NXFCLWFyZFM1WWRWODJkT183VzRJY0dlUkE2YWNreUJJREpq?oc=5,"Wed, 24 Apr 2024 07:00:00 GMT",Businesskorea
2026-05-11 05:57:11,Taiwan earthquake semiconductor,"Taiwan Earthquake's Impact Limited on Chip Production, but Supply Struggles Continue for Ag - DTN Progressive Farmer",https://news.google.com/rss/articles/CBMiqgFBVV95cUxNTVRoU1BtQ1duY0ZqMS1vOHZBRDd6UkFGVFkwcXA5cVZzR3VmQ25Wajd3ajVvaGRFeEtZeW9TUEJrNTVabXF5ZVowUDNlZUVFT3EzOW9yUnM0VElRNEd4UWJTWWtwY3JQeXMxXzRZTDJEMUd6YTB2V3FTM0Z3MVhCMnR5YWdXMUtXNWtVSGUxX2ktSTNnZ1ZWb3NCRjlZS2RNczRRWndVbU5iUQ?oc=5,"Thu, 11 Apr 2024 07:00:00 GMT",DTN Progressive Farmer
2026-05-11 05:57:11,Taiwan earthquake semiconductor,Taiwan earthquake causes estimated $62 million in damage and disruptions for TSMC - EUV equipment reported to be safe and sound: Report - Tom's Hardware,https://news.google.com/rss/articles/CBMimwJBVV95cUxNSG5jLVNuTHpqaEZLUTFGNWNSU3ZZWnNnTUo4T1hfeUVNYUdJOHNNakZGMlV3cHNEd3ZJelFQTXJ6cDJHVlNoUER3ZEpyN1E3SmpzOG5iYXdPRlFRczJWU1AtM1FvV0o2Y3RzVWJsbmRrbFhzU01rX2VmWTBCX0lRUXdNQUVWMG1GZnFib3JGNlVKVGIxWFVwT0RjaG5JS2FrZmNwdDQwa0FRNFdKX1Rmd2ZMUWVlQVVTS2tla2JvU1dMWFowdVBONlZSRDd0aVBPY1JNLU1ndFZEVGsyRTdVYWh4MTl6QUJLZGxuc0NQUlJLMWRvWXhtOVQ5YUMyeEo1YVZkNzFOSFFtTjQ3cDU1SzBzUjJkZTdITnk4?oc=5,"Thu, 04 Apr 2024 07:00:00 GMT",Tom's Hardware
2026-05-11 05:57:11,Taiwan earthquake semiconductor,TSMC retains 2024 revenue view in sign of limited impact of earthquake - Reuters,https://news.google.com/rss/articles/CBMirAFBVV95cUxNMEhMb0FtSTI4N0MzSEVnOXBaUHg4bzBlWmdGV3Bqa0JucnhsOWhzVDk5SUhvSDBnLXY3cWVCLV9QaE1MOHNqWFFydHRTaVJEMUxqVG9sc3pwbVVGaVBsSFNEbUxFRFoyaEgzNjcxenlVcTdQaGRvQWN3ODRkcjZnQTNEbmVMTGZfZnBrMVZHWFRQQjB1bVl5SlYyTVFCUV9iTmtFSVdGeTE4aHR5?oc=5,"Fri, 05 Apr 2024 07:00:00 GMT",Reuters
2026-05-11 05:57:11,Taiwan earthquake semiconductor,"Trump’s Proposed Tariffs on Taiwanese Semiconductors Would Backfire | Blogs | Jan 28, 2025 - Information Technology and Innovation Foundation (ITIF)",https://news.google.com/rss/articles/CBMirgFBVV95cUxPUWtGNDhfTHRYSkZic1dLNmxsanR1enJLOWgwejlVSUNLc2hHSzdPOEpicUlIcEt6bThRRUdaZDJpZGpYalBEUFRFcWNGaklUa2pxVHdIdWVYQ09xaUFhQ3I0U3R6QjVJYnNLRnZaTVhxdm15XzA4bXI5OEIzTy1fZmZxWDhXY1pibVN4LTNsX2J0MXJaa0RGbGY3VV96TzhjcWNUb0VDTkFYTmE4Q1E?oc=5,"Tue, 28 Jan 2025 08:00:00 GMT",Information Technology and Innovation Foundation (ITIF)
2026-05-11 05:57:11,Taiwan earthquake semiconductor,"TSMC evacuates staff, pauses machinery after Taiwan quake - Fortune",https://news.google.com/rss/articles/CBMi0wFBVV95cUxQUENJcUpGM3NVdkpfcW1XRjdjeC1BMy1EZ29iODNNVE1NUmZsRF80RVhsUU9XMU5mMVpRWjBFbFZuaThOMzZGMkJTQXM0VG1wbTM4akNodzBoSXFRSlhjUDF4em9rYmI5Y1puNUlGVHNnekVyV0p2VE9FYmRub1c0Y1c2WXBwVThfNmtWYUx0ZkNsX2FJWkpCVS10bmJTSm9GaDJWNWtHWldHbEFRTGVJdFhVdmViNWtfb3NYa09kLUkwM2p3RnZUaFpTUVhmSmoxbS1J?oc=5,"Wed, 03 Apr 2024 07:00:00 GMT",Fortune
2026-05-11 05:57:11,Taiwan earthquake semiconductor,TSMC evacuates fabs and suspends construction in earthquake aftermath; confirms all personnel are safe - SDxCentral,https://news.google.com/rss/articles/CBMizwFBVV95cUxOZ0pSb01obmZrc0lmY2pNYlFzeTg1XzVmTk1TZmtEZ1R4MkpNd25WcVg5VjB5dnB6cmxVX0lrRkZKcEFGbDRIdzJ5UnZvT19PUnduTG5FMV82NWVSckVtWDNWdk1kVmJBUlB5cld0TkZlLTg4Vk54Z2U3WW9Oal96UTcySFBScVpseGdLc1dVeXBWb1lGdExNckVfMHdkTnFkVXZnVXF6UWZuSjh5eXFIRGRGcEFIcUpRY29aWnhoaFNUQjFNRGo0cnA0ZUVkaXc?oc=5,"Wed, 03 Apr 2024 07:00:00 GMT",SDxCentral
2026-05-11 05:57:11,Taiwan earthquake semiconductor,Editorial | Taiwan badly needs united rescue effort - South China Morning Post,https://news.google.com/rss/articles/CBMijAFBVV95cUxNUjBVOFlXMUFCcURJSTJURkNFYkNXZ1FZWnlVemRRTk4yWmRrNENVN0J3OUk2U0VVVDh2UWZCWXFDdGNNNVB6MVZGWE1IVWQ3U2hVQVpQX1ZHTkJxVVBzay1HdVh0VUowT1A5dGtGOFh1ZWxqamMyV2stT0xCenJyV3VpZndXNVItbWliONIBjAFBVV95cUxQMDdUeWhRQm1TWk1ZbElEQWpGZ3JWZ19mcTFLWGpqM1FLcFRKdHQwOFRSOWdaMmhDX0lmNEpiVmhldno3ai1KR2Z4Z2ZSOFItNnFRdG5pSnNWdXhVZDBYTHFFX1A3YnRYYnVodTJDeWFBQTZKU3ZWam9McjZEczFIWmFvaGRoTFh1TnJoOQ?oc=5,"Thu, 04 Apr 2024 07:00:00 GMT",South China Morning Post
2026-05-11 05:57:11,Taiwan earthquake semiconductor,"Taiwan earthquake forces TSMC to evacuate factory, chip supply likely to be disrupted, prices soar - Firstpost",https://news.google.com/rss/articles/CBMi2AFBVV95cUxNNG1VdzBpdEk4UXd5VUlrVzlyWGdrdVk3MVA3WEpWX0FCNUdzU0R4a0hNRDgyME5jcndhUEtTTGY4STgzcGVyc2xManFyemdVLWQ1YXZ5alIxczloRjlLV0RYMFVXUEViQXRna1BCTW44Y3djSkt6OUQ4YTZDY1ZQQUtfWnBjVzhCRldiZzlMcXFOQ1Y5aEZ5VGNhT0FFaGtYMTZ3Si1qZVNfcDMzbURxb2FuZnNnYmFWYm9VUVc2MWlSMWNCcHN0X1NDS1IxZDlVTERSeW5wUzjSAd4BQVVfeXFMT1phcDVoWVFmWjVZandhSmRoWGU1SmRMYmxnM3dSR1pDWG1OQnNuc2ZsTlhzN1ZfZnR2Z3BUcWM4ZXNQOUVNSmlJclRvTFcxQmNuRGJhY1ZsZGhjZ0pMS056X01PdzJ0M2xIRGpxUGFqUnFLcnZfSFhsQVdZS2dQek9GRHhvdzFvVlFTeDl1UWhVTkZKSGJaY0lXYk9sSUs3VnBaVFJ2RzVYeGtSYV90NG9sSTBCYzlia3BiYU4wMk50QWhYbzB5cGx3dVlHNXVTcXpScmxNZVhQYkFQVW5B?oc=5,"Wed, 03 Apr 2024 07:00:00 GMT",Firstpost
2026-05-11 05:57:11,Taiwan earthquake semiconductor,Inside the race to train more workers in the chip-making capital of the world - Los Angeles Times,https://news.google.com/rss/articles/CBMiugFBVV95cUxQQzg5OWtOSDc3QXFsdEJoMm8zRFd1VjAxeWk0dWt3VFZsb29HOTltM0VLSkxuR3N1WXpTSHRoRTdwY3BJMHl3UEFpNjZtOHRqVlVwaUZ6ZllwaEQ3RWRPZDNzdGRyd1RibTZYY1Q1TklyTnVwNnZVdEZjVUJzblQxa25RcnZIYld1WDJHbmpmSU05MHd6NEVLVWIyVGhYQmJvM1lVZTNxbUtDOGc1cXBTeUk3SXpGTWo3aEE?oc=5,"Thu, 06 Jun 2024 07:00:00 GMT",Los Angeles Times
2026-05-11 05:57:11,Taiwan earthquake semiconductor,TSMC to recognize earthquake damage losses of NT$3 billion in 2Q24 - digitimes,https://news.google.com/rss/articles/CBMijwFBVV95cUxNYVBRZEtQcjV6djd5eWJIdmQ5MGZCdm5GeHJmRjRVZ3BNc2hjRVlJUlhZWmtpVGpKc19hN1Rfc2Y3SGxoM3VaWGp2Mm5tc0d5RmlCTTJKcDhzZnp1bmxjZ2hOcXY1VGxkM1dYQXNSTllKRlRKaDNmUTZGc1B0eElLQnJYV2wyaUUzcE9QMHg4dw?oc=5,"Fri, 19 Apr 2024 07:00:00 GMT",digitimes
2026-05-11 05:57:11,Taiwan earthquake semiconductor,"Taiwan earthquake a threat to global tech supply chain? TSMC halts some units, evacuates plants - The Economic Times",https://news.google.com/rss/articles/CBMihgJBVV95cUxQMjdiZEcyQlFOV3o2ak5qaXM5UXQ3U0FZcG9LX25rUFhrRjRnQ3JzQS05TU1NVEg3a0FQN3VwNTZ1N0ViREpwN2RuYjFlMVd6WGF6QVIxeWw5bC14TTdDV1ZZMFlHS2planNQVnpSMEtMZy1ldzlIRXIxT1RpMlZwWkNzUWpJUmdPTzZFN3daTktNSXJBWE9IcGFVc2NGaHMtY0xpNXlDQlF2N2pNSzZhcWlqLUlNbzFCRktpMU1GaFNwSkZvNExpZnViM2dfM3JlcFlSOWstQ05rNEstUHlsbGM3ZmM5YUxLSDQyMlN4RTRySXBJbTk4Z0ctaGFkQkthR0RhdThR0gGLAkFVX3lxTFA4SWxTV1lLdkk2V0dkaktfVE0tWHE4N05RakRRcHFXOVFDUzQ0X2ZGREhkbnhEMTBfdVZCSm1zUHZQYmpsRENDTDJISVFvakh2by1tS29mMWhvc19nMzVoVS1KZDJQZlhEaGZLU3d6WTNvWC1tbTcyWFZkRFA2NFVycUtHTXBTYV9aelJJN3hXSktvUHZlcjdkWUl0cVVaVlZsa2x4RjU2TE1YUFhRSnRzVXZER0FCYjFNNVA4c19LQ0ozUnE4WlRBbUdLcXpJMF8xMDhRTERGVlh2UG9VaXM0TkhzZjkyRGdDVVpGNHJPakpvZWZJYTVmWkRkNDZsODFkYlhBR3NPUVpVbw?oc=5,"Wed, 03 Apr 2024 07:00:00 GMT",The Economic Times
2026-05-11 05:57:11,Taiwan earthquake semiconductor,"TSMC restarts operations after earthquake, reassuring no chip supply disruption - South China Morning Post",https://news.google.com/rss/articles/CBMi5AFBVV95cUxNSkFDVXhLem5hbEtieG9kbWJmQXdmSDBjSXZsb0paZldRdDRIbF9iMnpyb3FUX0J1YUVqd1ZCRFFjM3dzRmVaWVF3ek1jS0dOSkwyeWRDQXJZSTVvbUZySWI5LTItRzdsQVVicTRjX1hkMThoZVFQbE9nOHZWTllELWNTWnc2bllMa3hkYUVXTGJzT09Ga0xpWDZzcnVpYmlpUXRzVDVmREVzUXI3bzZkcy13dWFFeUttQ2FhMTRYZG1GQjF5NU5feV9KbHBpc3p6aVgzUVJHN2pCSmxUS1FyMkIyak7SAeQBQVVfeXFMUDhDRGRmTFhxVnVXM1lURVN3SWlyeExoMjJtTzJSWUpid0lfUi1BdFJISTBQUzBlY0tTMV9YbkZ5MjZHMjNHQzRIcWJxdExacTZ3SXJHektVSGU1WkNZU19paFVPeFd2MlNsd1I4TE9YWlNjTVlBUENkS0VieDdaYkRHdlR0am5yYkJqeE1kZmFxTTVSLUxOeTZDbXN1TXZ5aklpcUdJRjFoUGxkRXBZXzVyZ1FtTUdITlpfajdWMUlSRDlYcEFubmNmV2JROXNQOFNVSU4tXzZCNW1CWHJnd081X3JH?oc=5,"Thu, 04 Apr 2024 07:00:00 GMT",South China Morning Post
2026-05-11 05:57:11,Taiwan earthquake semiconductor,"Taiwan Quake: TSMC, UMC Assess Impact; Expect Recovery in Days - EE Times",https://news.google.com/rss/articles/CBMijAFBVV95cUxPSXpfM0JTZVhfY3ZtcjM0U2Z2dkNocXJTQ0xQSzB1eUVrOGdsSkd1bUl5TmlMT3VnanFKZkthRERVMVdMUHp1bUdhX2NNcjFsMzhGYjJieWRRaEM3UnNjeG9rYWNvUjBscHVVZWZ2OXBhS0l3SmoxZlIwN29ZWXNLOTNGd29GNkdjbDFPeQ?oc=5,"Fri, 18 Dec 2020 04:32:46 GMT",EE Times
2026-05-11 05:57:11,Taiwan earthquake semiconductor,TSMC evacuates fabs and suspends construction in earthquake aftermath; confirms all personnel are safe - Data Center Dynamics,https://news.google.com/rss/articles/CBMi3gFBVV95cUxPSVZFTllkYlRhcmJJOFlTWWZKYmtKa0I5NWtfN1VaMEdUSko4MUhMbHVCY2VoV0NSSXpFRVdDeUR4YkdteEhFbWtOOFlGTjdrU0cydDF3SjVlTTNJdzRVNVAxMkFLbkFueXkzemxBa3BacUFTLWtFWUpvLUF1VFdjNmlGOWtWaHVPejlkSTliM1IyN3RiNG1yTGt0QVdNRkt4cWMtY2xYWUNFWEp1dzNJYVlMX01IX2ZwWWx3WVprYXg2ZWh1NUN1SXp0UHMxWmFEOHUwRUZNRU52RTVpR0E?oc=5,"Wed, 03 Apr 2024 07:00:00 GMT",Data Center Dynamics
2026-05-11 05:57:11,Taiwan earthquake semiconductor,Taiwan’s Most Powerful Earthquake to Hit Semiconductor Manufacturing? - Electronics For You BUSINESS,https://news.google.com/rss/articles/CBMitwFBVV95cUxNZGNNUkxCMXFMaThnTFhzQ3hjNUh3QkFTSUp2LXd1TklsRUQzeTd4XzBITUR1cVpsZHdvb0ZtazFXWnh4dXpZeHdRUVJMMC1vc3YySEZSQVhXcDkybjdBUVZLVHlrVTg2TUlhSXFyR05JQkRyYzkwWXVId3BDRnRnODE1NzdPZllDTmsyaGYwVTZELWdhVjZ5bkMwVWkwMHNLWWRIZUh6YUJJRHNpVnpHREtMMzJNdzQ?oc=5,"Thu, 04 Apr 2024 07:00:00 GMT",Electronics For You BUSINESS
2026-05-11 05:57:11,Taiwan earthquake semiconductor,There’s one major reason why Taiwan’s earthquake has the global economy on edge - SMH.com.au,https://news.google.com/rss/articles/CBMixAFBVV95cUxPbTRidHotRXBwUHJXVnJTMXpOem9YMDRzZGZNWk5ZVnJ4MGhHV1MtenE4ajdwM0MwTnN4M0REQzhiNkJDdTYyZGU0U3FzUERHclhXZW9tdGIwWmZUSWVzN0R3N3ViWDFTZzVZZXNOVzV3Rk5ZTEgwekdtS0FhakRLOThXUHBtRHVDdkNnSGtJTG9wYTQ3ZC1IanQxeWtycFVfRFVhZExUUkRDcnQ1MkpiV0ZEcTRCLW5GRnQ2TFEwQk1Uc2V2?oc=5,"Thu, 04 Apr 2024 07:00:00 GMT",SMH.com.au
2026-05-11 05:57:11,Taiwan earthquake semiconductor,Korean chipmakers to benefit as Taiwan quake spurs supply chain diversification calls - The Korea Times,https://news.google.com/rss/articles/CBMi3gFBVV95cUxPUm9KdVlHb3NPMXZHVkVvY2hkblBkNWRpQk9Rdk1nZXl6c1dUZUFLdDlQTGhOblVFb2o1Q01ZdW9Yd0Y5TzRxM3VOd1BBLVhoMmoyUWpqX2ZJMk9iVHlvYTVWSC1OdlkyNWozUDBpckFpUVZBaXBhc3RPWnBMZFF0czNNeUtjZC12UzdjUGIyeWhrWlVOX1hDRVdrZXFFekhwRll5UDNFeTNDb3NpRGltRmtqcTB6VEhBbFpyeklHQ3hKVzVybUVyTjhkcEFvcDZvUFg0aFVDV1dhYXV0ZFHSAeMBQVVfeXFMTjlLRVoycVdfLWNrN0FIb0FKRFNqNjFPUXVaYzdpcl9zbzhDLURDal9yRFJva3VxaGtMek1xN1l5SldLck9ldG9CNFlXLUNQa1NlZnF5aF9DN1hac0VKZGRaMGJWWDFTQzB2WVYxSFdIWHFfVDZPd3hjdnI0ZFFEN0taUkt0dkVuaHlzRUVaSGxlVHR0VnBQZEk4aktnbEU5dkFDamFVV0E4TURJRHBydVFuMkFxTHNKYW5hRU43QjBfTlpnMV9MRnoxNXFjcldzWFByem9FTm10dXFESkFGTjkwU1U?oc=5,"Sun, 07 Apr 2024 07:00:00 GMT",The Korea Times
2026-05-11 05:57:11,Taiwan earthquake semiconductor,Impact of Earthquake on Production Status of Taiwan's Semiconductor and Panel Industries Limited - TechPowerUp,https://news.google.com/rss/articles/CBMiygFBVV95cUxOeUtQSzhrQ3R5S0xRYmthdmptb0hlSUFrSTJkNm52NVhpTFlXdUNucGNhN0trZDc0SV9sYVVLRHY5Q3VIbExrUXJBVUNwaHpYZ3BvNi1YSlVXY0ZaWVFqRDhyUmNWS3ZhZkpTaE1Cc1lENjBwRTlQcmc1c2w5Wi1XeE9ycGIxbXozUFpNYW1nLXh5UTU3WmRNTnk1Q1JBd2szQ19RRnB0UGJQLU84bGlESFpkMHR1by11bWF4RlVTazBNRVJYZ1ZIRE5R0gHPAUFVX3lxTE4wY2RUOUloRXQ5WVZsQjRPYkZqUHRXYXRtRlZwenNwM1pyTEdwUEc0aTczQzhCdXlhaWMzNDZmTHFHQUdLcXIyNzEtdXB1UzlTVWpwMW9aZzlRVGl4aS1Bc3hBRzUxR21DOHFfSTVBLW5YY0kzTVpjczFDYnljcUUyNmY5QWF5UkUxdUJ1a2JZXzZ2WnNBb3hiV1N3cWxzV2VjLS12c2dMSkRZa2F2ODZhTmxXbExpTm9CYm1xZXEyeld5RGx1b3g4U1RDLTUyRQ?oc=5,"Mon, 19 Sep 2022 07:00:00 GMT",TechPowerUp
2026-05-11 05:57:11,Taiwan earthquake semiconductor,Taiwan quake may push up memory chip prices in Q2: analysts - The Korea Herald,https://news.google.com/rss/articles/CBMiVkFVX3lxTE9VUmYyN29tSHNvNjdlRzFZNW1hQnpFYTcyNTdLcE1aWjB0am1FT0JaTHVINlNQVVBEem9OazQzb3AxdE1mai1WUzdwQUFFMWFOeURFbDZR?oc=5,"Sun, 07 Apr 2024 07:00:00 GMT",The Korea Herald
2026-05-11 05:57:11,Taiwan earthquake semiconductor,"Taiwan Semiconductor Q1 Earnings Preview: Earthquake Impact, New Plants, 'Pick-And-Shovel' Play For AI Puts Stock In Spotlight By Benzinga - Investing.com UK",https://news.google.com/rss/articles/CBMihgJBVV95cUxPaVE0LWUtQ044eGVSNEd3NWthem9TM3pZaHJUQnp5REc5eFRFd1dIQU82RW16YlZPZVdROVN6T1ZIOXM2VnM5N2JjS29zaU04ZExnc19jVG5qQkZLZXQ2bE9lRGp1RXhjWnBLWjlCdXRpZHBDUDYxRHR4OFRSVXl5TC1UZzJEQUFHWFFwU3lFMlBUMGlvYzVhTExLdS0yOUwtZGx1bWlPVDJSbzU3RGgzRVpRWXJyZlowei1XQXR0Y0NYY2N5aVBNeVRBanVQM0p3NWh6OFNlTGxjRDU4di1GWmd1cmlwc3BTaFNPQzJMMm1jb2J0VVRXWHZWdlEtQTRUZnpKOU5B?oc=5,"Wed, 17 Apr 2024 07:00:00 GMT",Investing.com UK
2026-05-11 05:57:11,Taiwan earthquake semiconductor,"TSMC Restores Production Day After Taiwan’s Biggest Earthquake, Global Supply Chain Safe - Electronics For You BUSINESS",https://news.google.com/rss/articles/CBMi0AFBVV95cUxPM0RrQXNVUFdxSHRydHlFVXpkLXVmOGlDXzJJVXFndXZ6QWQ0STNMMGlia0tOQjNIRFBOdVdmOWt5UjBWeVppTU0wNWpQbWRuMVRoUEc4dUU0bjVrMmJtMlhMUWxJbzlPQUhOaThrVzE0SDU1MWNwc3ZPaVc4bTNnRm45UVNHMDltMlYyZ1ZmanhDY3BzeHhvcldLMEtnVWF2SUR3Y2dSWVRoS21ia2x2dGI2TnpNY3BxcWlRMEI2SlA2SnVpQUVVY1gwS0F1QUJ5?oc=5,"Fri, 05 Apr 2024 07:00:00 GMT",Electronics For You BUSINESS
2026-05-11 05:57:11,Taiwan earthquake semiconductor,Here’s how TSMC protects itself from earthquakes - XDA,https://news.google.com/rss/articles/CBMid0FVX3lxTE5TSDlEdE1XTmVUTWZ2SkdBdm9WTFIxNW5QbVNnaUViNldsUW1icU9uNFA3X1dpeUI0MFN0WUFzc2VnaWdDb2ZfTFV3cGhQUFZQSGhQd2ZFUXhaZGd3c0JXRE5yU25BVjFZakxTdTY0bjhxSmNjdEJR?oc=5,"Thu, 04 Apr 2024 07:00:00 GMT",XDA
2026-05-11 05:57:11,Taiwan earthquake semiconductor,TSMC says first advanced U.S. chip plant 'dang near back' on schedule. Here's an inside look at the Arizona fab - CNBC,https://news.google.com/rss/articles/CBMiowFBVV95cUxPcG9QZW1ib1B0TkxaNkJ6a0wtX0FXQk03NFBZT2FQYS1OOVYyRGptZ1EySDJKZzh0eDUtMkYwd3BWeWRfQlBwb3Y2S1M5R3hRRGlxLXhGeTZLbXJ2N0pPQ0pxNk01c1VNYWNfRm4wTnEtNkJzTkloaEM5azZadkd1bi12eWNXN0dPcHNoSVppak9mN21Sd2U1UDFtSzNIZDN6MU840gGoAUFVX3lxTE0zdXM3R0Rtdnd5R2RvR24wYl92YktoTVJHZTNoOTRYY0FWVWpETWZEcktrQ0FKSmdlcDZyS2tjLWdaSzdqY3lGNzBaamRjcFpjMzFzODFVcTc3Zjd6dG8tWEJCX3VyTjF2SC1XTmhncDVBT3lUa2ltandOanBzV3dLYnZ4bDRNVGYyaDRIcEhDYW9pOTExTjVHMWtFV2xra3VSRzM1T241bw?oc=5,"Fri, 13 Dec 2024 08:00:00 GMT",CNBC
2026-05-11 05:57:11,Taiwan earthquake semiconductor,"TSMC's production impact limited to 20,000 wafers following 6.4-magnitude earthquake - TechSpot",https://news.google.com/rss/articles/CBMinwFBVV95cUxQcEZWTXFsNlVHa0FSeTYxSGp3XzV4X2FPNV93UWVLRlNNbXBld3pNTEpJSDVlczM5eFJTTzg5VmpOVWRSOGZmVUV5cEswbWt4a3FzWjVzemhPQUloa1J5N0Vhc1dzQzNGdTdKZV9HdTJKTDd1Vk50eEFTTUNxVjRCV0JnaWVKQUxHTlZWMWVKM3EtRlVRZUtzX3dyRW0ycFk?oc=5,"Thu, 23 Jan 2025 08:00:00 GMT",TechSpot
2026-05-11 05:57:11,Taiwan earthquake semiconductor,Micron (MU) Shares Gain as Analysts See Higher Prices From Earthquake - Bloomberg.com,https://news.google.com/rss/articles/CBMitgFBVV95cUxQZE03c3JRbEJpckRBWkVWaDZzMk00UG1JT0l3bHN3Q0JVYnQ0S0JJZVRNZ1FaemVPdktBcEZJNHZWazRrRXotcE5FbHBRN28td1NHb1cxSjlRd0ExWGgzeDViRXBYWVcyU0RyT01HeE5kdTZxVVMxdHBDQXhiSFppZ2ZGeVAzd1ctaDhRSm84QVIwNzlkTTloRnVzSEt5LXFPMmx2RXVFU3E3UGwtemR4dnpWbm80Zw?oc=5,"Mon, 25 Oct 2021 07:00:00 GMT",Bloomberg.com
2026-05-11 05:57:11,Taiwan earthquake semiconductor,How Taiwan earthquake puts world’s most advanced chips at risk - The Straits Times,https://news.google.com/rss/articles/CBMimwFBVV95cUxQNDNNNnBMaE1QQ21jXzZBNER2WGZQU3U0d25EUFRibUZtRElLMUFfbEhnOVRJYVhMZGNFM1pNYlg3QjhSc3VqWnhNTlFiT0M3aWNvVW5EVF9WV1ItWVpLTGljVlpMcUlHdVRDS29sTEk1QnlfTS1OTVFlUzNGd3c3SlFzOTZaOEo3aFJoSEVWUnh3VlZILUc0TVc1MA?oc=5,"Wed, 03 Apr 2024 07:00:00 GMT",The Straits Times
2026-05-11 05:57:11,Taiwan earthquake semiconductor,"Some lines at factories where Taiwan's TSMC, the world's No. 1 foundry (semiconductor consignment pr.. - 매일경제",https://news.google.com/rss/articles/CBMiT0FVX3lxTE56dVkxTlFzUEtxM05JMHJiZWxzVWJvN0hsbWVIOXlqS2xxZjVlUkF0TEdkZXJzeUc5TXR6QXBkUlR4SGg3Qm85ampiX2VVOWs?oc=5,"Thu, 04 Apr 2024 07:00:00 GMT",매일경제
2026-05-11 05:57:11,Taiwan earthquake semiconductor,"TSMC estimates 60,000 damaged wafers after Taiwan's 6.4 magnitude earthquake - CHOSUNBIZ - Chosunbiz",https://news.google.com/rss/articles/CBMiekFVX3lxTE42aEpKakJOeXc2ckxLUE9aRVdjUXZYUGhFYVBGQm5YZUwybnNhc1RvOXhHTHBpOWVMQmZ5QVVRUEVPRzNiUEF4VExNOV9HbDNxeXpsblkza2t0Q3NIZ3diVFFxWGNUWm94Q21lbUFuejRjOFpDUEdCYkFn0gGOAUFVX3lxTFBJUG93X3BkekpVZmdOSzk5Ulg2WDNiZ2xRUExXWHJiLWxKRzV3N2FOZ2RQVl91cDUyc1A1eUhDZGFwVGduaEN5TGNLUGR6dTQ5LU40dnMyNUI2MnUxYWdrbmRpLUNwbU43WFR2RGRrRHlLQWNNcnM1dVhvRXoyS282cmpSY3lxanJCeS1ROVE?oc=5,"Fri, 24 Jan 2025 08:00:00 GMT",Chosunbiz
2026-05-11 05:57:11,Taiwan earthquake semiconductor,"Taiwan quake sends ripples through chip industry, near-term semiconductor outlook looks uncertain: Report - Autocar Professional",https://news.google.com/rss/articles/CBMi2AFBVV95cUxPaGpLRm84cldIQkczbVZJWUJFX3hqVHllMTdCRjBhSHlIVngtY0ZBWkFHb21FVHlmSmFEYldMdVcyZjJjV0hxazlCMUkyX2FFc2JIdzU3dzlycEJKaHJTeU5Yc1BOUWtzVmRFNlZoU1Zueml3V19YaUtNeGdhT0hGOC1WaFVrVjJsZHdxRWs3eElaZUVnUXZPUmRuNnFRWm5Jb3ZObm5UTWM2ZmwtejJVYjdDSTE0TlFWSmpPQ0ZnRTJsYzZCVy0tRUdDYzEtLWFSc1VoUVluM3fSAeABQVVfeXFMUFQxSFVHRWtNOWh1czl3cVV2aWxZSTZBOUxMTkNDSVhVRGdpRHpCZHhFNVZTTXhZRHFSbFRfLXpYZDFtMGQ0SHVCb3dTSERZOXE5Mmc0dXdvcTNtZWFzZlQ4bXZCQ1dfZnNBTGVWcnBBZ2E4SlFQc2JnNnhLMGJxV0JTVWNWVE5WTTFEdmRWWnRUdGE3REV3UGdmSEIzX0N1ZEVrOERmc1JpZmJaVm54eHk1VElKbmV5VDZ3ZHRpbnRNeEoxVmVRZ2xRdy11QnVaeWdvdS1tVGVROFJ2cEZXVEE?oc=5,"Thu, 04 Apr 2024 07:00:00 GMT",Autocar Professional
2026-05-11 05:57:11,Taiwan earthquake semiconductor,Strong earthquake jolts Taiwan's southeastern coast - The Japan Times,https://news.google.com/rss/articles/CBMihgFBVV95cUxPeEo3M1BBZm8yVmVkQnlEcmU2RWcyQTF2TGNIbXktNDNRVGVDR1J1TV9QU2VXeGxfWWlMRUlsSE80R2RUa3hZWDA4WmlSOHJSSFkybVFtSU1nLWRkWWZ0a2ZTbjkwRFZZam9UbEFGdURnQldiaFd3TlZBcGZEWG1qVGMwMkhIdw?oc=5,"Sun, 18 Sep 2022 07:00:00 GMT",The Japan Times
2026-05-11 05:57:11,Taiwan earthquake semiconductor,DRAM prices could increase as earthquake disrupts Micron's Taiwan operations - TechSpot,https://news.google.com/rss/articles/CBMiowFBVV95cUxOdWFQX0o0UGxQYU4xUF90Vzd5dmNzNjZxZ1VxMkZTSHRHX015ZmxGN0tOMC1RTjFzdUJCOG8yZDNFdDBJZU9QdUlIRjFFbEhUWnZxTTBpQnM0Q19USFlxdGFIUXdvTFh6bFpiZjB3Y3hRdU5EQXBiUWFNeUhzMUV2WFdsUTU0RDlWUHBQZGJWMDFKMmZhdWJqSjRsU2F3YmdRSlpr?oc=5,"Tue, 26 Oct 2021 07:00:00 GMT",TechSpot
2026-05-11 05:57:11,Taiwan earthquake semiconductor,Economic Chaos of a Taiwan War Would Go Well Past Semiconductors - Bloomberg.com,https://news.google.com/rss/articles/CBMiugFBVV95cUxNYlpyVHRvLWV0WGo0TjNBMHhMZUJVTTcxb252SmtDN3NubUhaYWFZV25ySVljRzc1SEV6cEhaSklLbkZnV3FOVXBndWFWQ09vemJwZXZqLWRpUG1ra2Y2eFVDZmFueldlNHBVUERveXZ3WFN4U013aUprV0RiNjZjYjkySFdvZDF1QzVFazJJYVFmZTRnaXR0OG9BN3ZuYklySFdhdFhyMmdLdS1JVVJjdVFkNS05UTNxU1E?oc=5,"Thu, 23 Jun 2022 07:00:00 GMT",Bloomberg.com
2026-05-11 05:57:11,Taiwan earthquake semiconductor,"Taiwan earthquake: Giant pendulum shielded tallest skyscraper 'Taipei 101', here's how - Mint",https://news.google.com/rss/articles/CBMixgFBVV95cUxPQ1NuS1RJQ1huYVJkTnVsZm4ydzdSVHByaERhcHJ1UXBiX3d2S2NtXzU4RnFkWExKTW5aNEhPVm5FcWZsRWcyZ2ttRUgzS1A1bXp0STZSSlJtamYwdy03d1VDODZvaVpQOEppM0NjVXE1VjM3YXNOc3ZCNDRETEQzcTladmFpQ3RqV2ZBeXBEczlkaEdqR0pBcGVlZWV4RHdtYkVPVHJod1lCNFlETHZpYjQ4Zm9qWGUtU1h2YzRFd2MyejR0cEHSAcsBQVVfeXFMTkZnNVVwQUlWaExhem1BZlQwbjlPTy1Wd3RUdGlCSHRIZTIwckRkWWJMRW1VMFluM2U2T2tqSFk3N0wwenFnQ09ERkhDaUxjX09BYXEwdjNwS2ZNVDFobC12WmVzbEpfeDhwSVZBaUltaVRlY05DYXpUMzRPeFBVSGswZGU5V1FKZEhRNG5EdFBTZ0FoWWc0WFg4VUJHNURVSVhZRGliUWNkYXlhUFp2QnhuY3FJdUViVFNVWmMxQmUxQ1RfSXdRM2I1TzA?oc=5,"Fri, 05 Apr 2024 07:00:00 GMT",Mint
2026-05-11 05:57:11,Taiwan earthquake semiconductor,Taiwan quake concerns boost India’s semiconductor prospects - Times Kuwait,https://news.google.com/rss/articles/CBMiiwFBVV95cUxQTUhfVmpMb2VGamVnMmNhU0R1Y3FaMUNBRFlzZVZGMmVfT04yV2ZFYWlOb1R0R0x1S2xyenB5SmNBVjNlM2JnZ2dhVHhGZUVsOFNLNmNYUFpKSzFOQmNQd2FRSFJNQ1lqUEpzME5rTkE0dHBnLVY1TTRsem9WNk9nMUNOUVl4NDAzN0c0?oc=5,"Thu, 11 Apr 2024 07:00:00 GMT",Times Kuwait
2026-05-11 05:57:11,Taiwan earthquake semiconductor,Taiwan begins recovery from quake as TSMC resumes production - The Edge Singapore,https://news.google.com/rss/articles/CBMipwFBVV95cUxNUmVSanpPWDFFc2tGeXhfN0lleDdyQjE0dnA0elJBVTFLZDFWOEgwSDdmWVM2Z0ZFQlc0Vjk5N3ViUjk3anhILWp5clhLZXNwQ3ZoaTE2X0xiYXF2cDJlQ0lUWnlKS280V3hsak5IM2ZnRE5HLUx0VWNHR1lsYW05blN2eFFfR3ZUNXVmMTFXai1uVC1NUW9ZTEtacXRRdDQyYVBBN0huUQ?oc=5,"Thu, 04 Apr 2024 07:00:00 GMT",The Edge Singapore
2026-05-11 05:57:11,Taiwan earthquake semiconductor,"As TSMC, the world's No. 1 foundry (semiconductor consignment production) company, suffered a produc.. - 매일경제",https://news.google.com/rss/articles/CBMiU0FVX3lxTE5naHlIOFBXZjhMcDUtdUJyQ0l6ZDFCVk42d0MyWEVaU2o4ekRGWFdGQ3B0Z0xnN0xIR01EbGFkSllKQ3lfZDlmamRBOVdJQTNGVFdN?oc=5,"Thu, 04 Apr 2024 07:00:00 GMT",매일경제
2026-05-11 05:57:11,Taiwan earthquake semiconductor,How Japan's Earthquake Is Shaking Up Taiwan's High-Tech Sector - IEEE Spectrum,https://news.google.com/rss/articles/CBMijgFBVV95cUxQdWVCanVXZ1p0SGhRNTBKUm15T2NvTWFhWGJpQVQ1ZVRsNVZRZTFTMWNDZmFpNUxYcTlfTm9UX3d3TDJwLXVKcy0wLVZiZGdkdGlCem9FNE8zcno4N1E1bEx0YmJYanJBd2hqQTIzMFlEQWp2RmpLMHRXSU1vWE5jd1hoWTU5cmdTYlE5Nmt30gGiAUFVX3lxTE8wb0FJSlduNEJQQXZyZEFlc0hhMnJOYUd0ejVUSE1WZ2NLSzZfVFJ4QnJDTlVzaW5NY2lhN3FRWW5IWGl2NFZuUUNqTHNtTlREQU9salRUOHNrVTRMZjlJcm5GYXR5d2F2eDhlZVJOWjRFaEZYQTFSQjF1YUs1NkpmYUF0ZDg4YTFrZ3piRHM4YkhIRmdKUUF0NXhsclNCOUhOZw?oc=5,"Wed, 30 Mar 2011 07:00:00 GMT",IEEE Spectrum
2026-05-11 05:57:11,Taiwan earthquake semiconductor,Malaysia’s semicon industry seen shielded from immediate impact of TSMC production halt on adequate inventory - The Edge Malaysia,https://news.google.com/rss/articles/CBMiUEFVX3lxTE1ZcFdwVkY1SDhMRmpxMXNSbmVjRUl4Q0FlMlVJQ2NuelN1b3Q4N25qR2tYd19YaEkydk1sN3RRSm81XzhtaEVwd01GS0F0ZGsy?oc=5,"Thu, 04 Apr 2024 07:00:00 GMT",The Edge Malaysia
2026-05-11 05:57:12,China export restriction battery,America’s AI Boom Has a Trade Policy Blind Spot - Coalition For A Prosperous America,https://news.google.com/rss/articles/CBMigwFBVV95cUxNVlVNQl9NTEhLbEtxa2NFeExMXzl4RjltSUxlVmk1UmJvYVNpdmt1NnB5ZF9UUkhUeVkxMnRXeTNiM3VLQnB5RkpmYi1xdDhjdlU1MFRBZlFDRTNJNzRLZG9GSklmeWxsdjNyZUJKcTlNM1RoWFZWdW5TRUpBR1ZPb09oZw?oc=5,"Tue, 05 May 2026 15:32:16 GMT",Coalition For A Prosperous America
2026-05-11 05:57:12,China export restriction battery,China imposes export controls on lithium-batteries and artificial graphite anode materials - Herbert Smith Freehills Kramer,https://news.google.com/rss/articles/CBMivwFBVV95cUxPV0psWGcxTEFVV0lRX0pKbnlHS1ZiMVptUEZkZGhHbmhGR1VDLVFDS0Zvc1lvU2xXR0tkLVo3YkI2N19kalhaMmxORm1SSnhlT2VxSHZ3ekRvcFRiZ2lTaUI4THFKaUEzMkJwZlFPU3liTkZYbW5xS2ZZUnhvWVdBWWRXQmxXellFNFFYOVB3NHF4RFcxNC1wTXFjUFJYWFdDbWhfb09mY1pzUzVtaDMtYlhvbkZodmNWNEw2UElNMA?oc=5,"Fri, 10 Oct 2025 07:00:00 GMT",Herbert Smith Freehills Kramer
2026-05-11 05:57:12,China export restriction battery,China extends export controls to lithium ion batteries and battery materials - Benchmark Mineral Intelligence,https://news.google.com/rss/articles/CBMivgFBVV95cUxQcjh6aWM2WGRPdDUwZWNYV2x0RVFWQWVzYUpsb08wX3JmSlIzYmlNMjE4cllOQ3ZYM2luNDk5ckZvcjNfenFiN08ycTl5dnVGMC1VMDVReldlZmR3cFh2Ny1pd1p1clRSU3Q4VG5mYnpmYS1ybjM5eHEtZ1dhYjF0UzUxV29hLUswNm1NVnlqNE1YN25qVkc1Mm9odjF5dTBhRmVtaEpqMXFveVpFeFdQVWhkZzZNdG9TejBmcUFn?oc=5,"Fri, 10 Oct 2025 07:00:00 GMT",Benchmark Mineral Intelligence
2026-05-11 05:57:12,China export restriction battery,PRC Announces New Export Controls on Rare Earth and Battery Materials and Technology - Mayer Brown,https://news.google.com/rss/articles/CBMi3AFBVV95cUxQZk1xUi1nWUpLbnZZc3JIekZpeXVndG5MRHM4MjVhMEd0ZGJWWTRtWE5VcWVwc19rcGE5RGdHV1BWYWI3OWJLcVgxUlY1c181MURtbkQyOXhURW95S2pwLW0xU1RlUWx5OGI0SjVVcjlGc1Q2dm9HZzh3X25FODRyeWx4eDdBX21TUTZaSEZjeWJNOWhUOC1EQThwWGZ5Z3l1c2VRSk15bkZKVW53LW5RU1RVV2JBakNYUmpSQ3BrYzh1cmpWSWpmRGp0ODFZcTBKVTdqUUV2dm8wakVi?oc=5,"Mon, 13 Oct 2025 07:00:00 GMT",Mayer Brown
2026-05-11 05:57:12,China export restriction battery,China imposes new export controls on lithium ion battery technology - ESS News,https://news.google.com/rss/articles/CBMipwFBVV95cUxOUVVTWlZIcktFelkyM0dCNkVXcmdVVEk3MVJFaW8zZF92aVQ0LWJwYmlWNC03Y2lqVjZRekswSEMyQmU4aHJ0YzJaclFqdW5ndkJydUJGQVVRM0FZUU5hMWx2SXJzRmdiMjZvbXBVb2N1TW0zRlNoX1p5VTdIakM5NlE1MHR2bVJkdmRxbzVYTW1uYVU1dFRxRnRnMFFFZkVOWjExQWNGZw?oc=5,"Mon, 13 Oct 2025 07:00:00 GMT",ESS News
2026-05-11 05:57:12,China export restriction battery,"With new export controls on critical minerals, supply concentration risks become reality – Analysis - IEA – International Energy Agency",https://news.google.com/rss/articles/CBMivAFBVV95cUxPZmRrdG5oa2ZKRFZZTzJwS1ZXLUdOV0l1bnlSQnNZVzVrcjdINlY2dmxBMGlnZXFSZVJ4V0U0Yk1BSklDSmRWbUY1T1ZvU25Wd3ZpbTh2LVZMbG56OUVWZ2xZRWRTd1VBTGJSVmVsUTIxc25mTWhvaHBPcTQxbXNXRHpSU2ZaVG85bXQtRU9Ya0lYU2hzSUVKOE1uR2dWVjQ4UWpYMXE4Y0tva09hUEJMTlUtSVRQMjU5elloRg?oc=5,"Thu, 23 Oct 2025 07:00:00 GMT",IEA – International Energy Agency
2026-05-11 05:57:12,China export restriction battery,Chinese Export Controls on Cathode Technology: The EU Must Increase Insight into Supply Chains - DGAP,https://news.google.com/rss/articles/CBMitAFBVV95cUxOZVlObU1uQTFmdHY1U25BYTJJMGNEMEFoa2JKY2FJNlQxaTJENnYzWnJhSVZJdHdyMnB5a0s3dUl0UlVGLTN0LWpWWU1rVVhURzVLdkpnalA4ZFNidVlWRVliWUJSR1YxWXNObG5XLS1IeTdKQUlCMFp1Q19GOGJjaWZrcUt6MWJZeGxFdUJpVTNESlducHpQVHJNUzRxZ09MN2VHVmNqdUJMQ0t5U2M5aG8xeUw?oc=5,"Thu, 18 Dec 2025 08:00:00 GMT",DGAP
2026-05-11 05:57:12,China export restriction battery,China imposes export controls on lithium batteries and graphite anode materials - WorldECR,https://news.google.com/rss/articles/CBMirwFBVV95cUxQOTloOFY2M2RXWkZsTXpSUnRrRU9RcUZDYjZQeHpYb1Iwa3pSSDAzTlVxSDNPbWV4elBFY2FLdzFSZUcxOS1OQVZtSU5MMDhCdnNjNTE4UnduODlvSEt6b1FQb3pNUVQ1eU1ielpxZjhDMVZIaGRRNkowNno5dHhEbFBNZkhiNU9TbHFlaDBGYU4tNGR3WUhkSXAyZUg1MHVKYUVuRnpHY3Nockd2SGNV?oc=5,"Thu, 16 Oct 2025 07:00:00 GMT",WorldECR
2026-05-11 05:57:12,China export restriction battery,Chinese battery shares slide after Beijing imposes export controls over supply chain - Reuters,https://news.google.com/rss/articles/CBMi3AFBVV95cUxORlFSRGE3M2JEVEVpTmJ3TWU4aVVYTzJYM2wwaFVPNEQ3alNWalJhNlkxZEcyMmh3dEdRM2VaQ18xNktIRXZjSnNUS2xnekR1ZW9vVGRPOXByS1hWS2ROcEQ3aUJIUFhvNW1IQlJSenBmVEc1VnJBYlBBUzJRVi1xWC1RTTNIb2NQUXNVMDRKNzd4SGdqNHU4bmhqYUZoaWZCUXd2RmVOZ1phd19NVFlqT1hsUUtLU1lXdzhreVFGRnVLbE1vVzYzLWZqazNHcG1HMlRNWE5uRXM3d01K?oc=5,"Fri, 10 Oct 2025 07:00:00 GMT",Reuters
2026-05-11 05:57:12,China export restriction battery,China’s New Weapon in US Trade Talks: Batteries - Bloomberg.com,https://news.google.com/rss/articles/CBMitwFBVV95cUxQalFPSnNuYTNaYTduSVBnVC1SblJTT01LNDN6aS1tZXJXVGNZQnR0RHk3ZzFHRzE3NEhVeS1fYXI4VEx3emJYYTFNZXJHS3BPam5YMWhKTG5aYmZJUFEwWFhELThVaFRHcHdtaWt2aURBYVpqN0VOWTRuRHFtOVp3QTczWVZjRVA3MTlSVTh4NXhKQUM4YmZyaXpFSTdncFMxY2tGS3ZBZDJTT1FDTXZIT01UcUpMMkU?oc=5,"Sat, 11 Oct 2025 07:00:00 GMT",Bloomberg.com
2026-05-11 05:57:12,China export restriction battery,"China announces export controls on lithium batteries, graphite anode materials - Global Times",https://news.google.com/rss/articles/CBMiYkFVX3lxTE9JNW9LZ0c1WXZIYzBEOVljYVVlZHZlODhoUjI3dkFaSGJMdVNwcWU0LURaRGpuUHhhem9sdTJqdUNmWGx0OEFfUklqUHhNQmdSeU54S0V5NkNIaVBGMlFVdzl3?oc=5,"Thu, 09 Oct 2025 07:00:00 GMT",Global Times
2026-05-11 05:57:12,China export restriction battery,"Lithium market braces for new Chinese export controls, shifting supply picture: LME Week 2025 - Fastmarkets",https://news.google.com/rss/articles/CBMiyAFBVV95cUxOUkRaZTlxS1J4M3o3WmlRYktwWmZ6Z3dZa05fREttZlRXeFRQR3RvY0ZvZk5EdENUTFJOWFBsM0ktdk9XTVB6bUJWSk9pQWNvZ0Q4cmZsQUctQlg1N2dvSzZub1ZaSnBRM3VuejRVdUxIWUcwVTlDNFFFaW9QMGxFd0ZwVWJabDlnWTdHYmkzME5yVnVYTkJLbnZGMEYzZ1htdXk1clVwRnh0dEFKNGx5SnBoNDFiSmxFMjh3ZVJhb3lHLTQ3NDNQcQ?oc=5,"Tue, 14 Oct 2025 07:00:00 GMT",Fastmarkets
2026-05-11 05:57:12,China export restriction battery,China Restricts EV Battery Tech Exports - Battery Technology,https://news.google.com/rss/articles/CBMiuwFBVV95cUxOOXgwUk1aRFg2UTNCZEY1dlJGR0t1QnJoX0R0M2NYNjd6Z0tQSTlvRzE0MzI0VFFDaUpiRUJDT3A0NHFzRFR6Z1NRS2VkbDdEVFlEd2xIVlg1VW5mQ1Z6bVZnZ3cxRENFQUNNblpISWFyQkFWZlFGQVljM0xlc3lxRWJobUZKZnhBNDVXTTkwcWs3VXFJUjV2MXdScWptQVg5czZLN2UxUjRxYmtFWlB1ODZMQS1WWjZGeVVB?oc=5,"Tue, 15 Jul 2025 07:00:00 GMT",Battery Technology
2026-05-11 05:57:12,China export restriction battery,China puts new restrictions on EV battery technology in latest move to consolidate dominance | CNN Business - CNN,https://news.google.com/rss/articles/CBMijgFBVV95cUxOcnVQYUxSSGwtWmNGbTh2QjRTN042cUdRSkpvWERRY3lwakVfbHdMdGJ3WWZ5bjdybDNjNzd3RHpYdFUwRTBYZWVvVGxtLXBEOE42Rl9qUV9QdzNRZ2RSazBuMDN3Nmw2OE95Zk1tUldMZFpyWnpQR2FPQ2cwZzhOaGZOVzNEOUhNVThJaVFR?oc=5,"Thu, 17 Jul 2025 07:00:00 GMT",CNN
2026-05-11 05:57:12,China export restriction battery,China imposes new export controls on lithium ion battery technology - pv magazine USA,https://news.google.com/rss/articles/CBMiqwFBVV95cUxNTXRQbzhsUVdfNzFFTFZOakdaUmRtQ211VnJoMTg4aURuSVVpNk5ibnBfWEpxdmlTTDNVSEVZTnF3cjJFVmtRa1RHd3p6em16Wk9zUEdOQ2NxWWpSTFRzUmR3cjJQQ1lnWHJzZms0Sl9TY3RfYjJSMmV6bmFvanJ4bkhMTTYyTzBnVF9VMEVsQmRjQmZrRE9KSkdfUkN1amhGV2p6QWlRcjAxUkE?oc=5,"Tue, 14 Oct 2025 07:00:00 GMT",pv magazine USA
2026-05-11 05:57:12,China export restriction battery,China Tightens Grip on Rare Earths Ahead of Expected Trump-Xi Meeting - WSJ,https://news.google.com/rss/articles/CBMimAFBVV95cUxQd2Q1cXhZaW5NUmlZblhjSDFKQ0ZzWXFHN3U3V19SeWlwUlJkMURadjlLSVpKckozX2IxanNrYmxYWHp1RWZKaXM0QlFHZ1lVYmE0XzlFNTdnb3ludVVvV3FqM2Z6Nmw4WmtoOGhKY1E3ajgyWkdrUElDVDFrdXczTzdTWE1OZmEyeDRCX0JuVTB3bWVzdWE3dg?oc=5,"Thu, 09 Oct 2025 07:00:00 GMT",WSJ
2026-05-11 05:57:12,China export restriction battery,China's Temporary Easing of Graphite Export Controls & the Shifting Global Supply Outlook for Battery Materials - Crux Investor,https://news.google.com/rss/articles/CBMi2wFBVV95cUxNdk1Kd0xlWWZnSEtEejR1SzliMjE5QU4ydmU1WndFb2xHWUc4aG5JT0RPazhYcWF4TDU0cXh1MFEtV1RRNGZHbHlTTTg1RkVHRDYxWi1CQklfSHhlWG9oTlRaSlFueUVDTVRQc3RqOFUtMmdneC1yMVQxZFdhS3Q4eHU2ZjdNdDV6YXJTTHkxRUZZNUJnMHczUUJQM0E2dEZTTFVhY25FaEdpTEU3R1BNN1JtUkJtM3M2TUNQR29ZMmh0S2Z4UVBpOGZaazRBeUQzQU5IN3o0bHdObGM?oc=5,"Tue, 25 Nov 2025 08:00:00 GMT",Crux Investor
2026-05-11 05:57:12,China export restriction battery,What you need to know about China’s restrictions on 8 key battery technologies - South China Morning Post,https://news.google.com/rss/articles/CBMi1wFBVV95cUxPaDZ0VldUNUJ2TFpGQm5XZFhERDk3N1R5cTgxX19xSHNNNE1SN2lBQjBtYkJSSlRaRUNEMmlsM2pnb3hnd2lsMWhnR0duTnRxWlpocTFwaVFTSXNxYXE2QXd0aXhKc193YU5fcXh1c0xpcTRrS245QU9oeWxPak9ieWdidXF6RTFQYjcyWlFkdnJGT0xNa0lmMHZZTFRSaTZpbGpPV1RmNm9ubUZURzhrcGNXNkVDU3dMM1E0Tk5NelhaaFY1eGZ0eWMxQUp3aFNKT2VGZnB2RdIB1wFBVV95cUxOMFhfUmI3QTNaeXJxcF9IQzRrcHNNdjVmMlFmS1o4VVJJT2N0QmxXM2RGdldWaW5WVnlzZGpXMXpsUWtjT2hkTC1rSU43bXZ6S1llZmpTMXAwdjRZV3RfTEJKSWVMMlJZNUFHNDZSWWFONXJLVFdHeVJzeTBscmNLMnMxcmhoQWZxYUdmclhFNkNJXzdleXBuZm1WSElJV1hsY0J2RTlQS3ZlbWgtMjl3VWJ6eDdpZVM2VkpEODJWZmdyWTk3MmlLX2ttSEpTM1BuenQtaS1sWQ?oc=5,"Thu, 17 Jul 2025 07:00:00 GMT",South China Morning Post
2026-05-11 05:57:12,China export restriction battery,"China’s battery technology export restrictions – cathode, lithium, gallium - Herbert Smith Freehills Kramer",https://news.google.com/rss/articles/CBMiugFBVV95cUxNbWFXbEktMGoySVFFVUZSMUhDU1lZTFdSaE1ZZzhaNEtQdnExaFZ3S0Utc2QzMFBkTDJNck9MVDYtblBFOWhqSzhhZUFyOUJNdDlHQzRQOFNNWkliclJDeXdmTldxRl9VM25ZdUFuNU1lMzdtbzU4TFVvQ1JJSVkyWTF0VC1qd2ZIQkhmZlJNekF5WERoUGFmbHE2NzlYdTRfYTMxcGpfVElsbm16TmNBbnNVemx6eHRySWc?oc=5,"Fri, 25 Jul 2025 07:00:00 GMT",Herbert Smith Freehills Kramer
2026-05-11 05:57:12,China export restriction battery,China Flexing Battery Supply-Chain Clout With Fresh Export Curbs - Bloomberg.com,https://news.google.com/rss/articles/CBMitgFBVV95cUxNWmhMM2lBX3BXR1FCMzkyRUlQVk42VDhSOUJiVmd5QzlMOUlCbkxESmIxTFFvcnVTYl8xYkJpMEtyRWN0US1XX0ZvTUJIMWM0QUNJdGxjT1NXeGxucTMxbDJzX2t0cmo2VE50NDZWUUFoX2lKNFlSTGpaTVZiUDZ4Z3JGNTY0UUdsYUV4RC1ETUx0cTQtS1NhOGNlcDdsNko4RG5WdW5XRFotakJnZThlWm1Qc2V1QQ?oc=5,"Thu, 09 Oct 2025 07:00:00 GMT",Bloomberg.com
2026-05-11 05:57:12,China export restriction battery,China’s battery export curbs could reshape global supply dynamics - pv magazine International,https://news.google.com/rss/articles/CBMipwFBVV95cUxNVUttd0dMX1NYZnBBeWp6NUZoY0pUamgyT0YzTVR2REVqa2NQN1B5aTFEM1BDWWhnUmVhdTRhTzNOaEF1OXdqSW1neW9LOVVKNkl1T1lrY3ZUdzVGUU43V05ELXloeDdrXzNxVlpCNnRfOWlRTHladFhaaXZjT0cyS2NWbjJleFkteHJrcVpraVBuM3pmblVwLVZDX2MybEZjRmdaWlU5bw?oc=5,"Mon, 20 Oct 2025 07:00:00 GMT",pv magazine International
2026-05-11 05:57:12,China export restriction battery,China restricts battery cathode material technology exports - electrive.com,https://news.google.com/rss/articles/CBMingFBVV95cUxNOW96WnlPY3FMeWNZblhWRVplc3FRUm1BUG15aUtSVk1yNzR5SklhM0tWaHZfeG9lNEhFbjRwM0VHNWt3ZDBSYUNMM2FDTklVT2tzSlJvRmh4ejdWc3o2QnNEVXNobjFQTEQ4dTI0OEJ6MnI0M3BVWHpIMk4wSGpqY28yaXhNUnFMSkhoNWJXZURHUzV4WFRDVFR6UmlrUQ?oc=5,"Tue, 15 Jul 2025 07:00:00 GMT",electrive.com
2026-05-11 05:57:12,China export restriction battery,How China's Battery Curbs Could Supercharge QuantumScape's Edge - Yahoo Finance,https://news.google.com/rss/articles/CBMijAFBVV95cUxNSWM0UkJrSl9NRWRMYnBMVmlERjBVbU5zeXRKNFZZN21vcV9sOUZONlRmLXpNLUR1cG9pamx6TWV3cThxbDRUUElhb3JoeHAyWDdZbFlZS2tZZGhkN0F2MHB6TnI0UTFoV09pbFY0MGl1NXM3S05VQlF5UmI5VXo3OEFqdWNhcEdrd1Brdg?oc=5,"Thu, 16 Oct 2025 07:00:00 GMT",Yahoo Finance
2026-05-11 05:57:12,China export restriction battery,China unleashes battery export controls amid strides in solid-state science - South China Morning Post,https://news.google.com/rss/articles/CBMizAFBVV95cUxPaG42X2lkNlhublhSamc1MmtYRkZVTV93d09pazh6c2tlSGlPUlZqVV9LLUFpblY4QUZ1WTdhSzlUVWNCYUxpXzcxaXczVFl2YnBxWjI3RzhkSjlMbl9XRXh6MUNrbVRHMktZendlcTExYWdDc0VQRktTLUNhdlQyeEFfdTVKX3NDSV81QjZwalNnOEhpODROejhoMVh1ejVfQnlIUkV3R0RQQm8zc19QU3loRDhTaTFheTBkR2hPTHdDNjBNN282WkdPb3XSAcwBQVVfeXFMTzRoUUhYTFdpYmdweHhVM0U3SG9RN2VFUkpfYVlMTkswS2tiTUF3NlpSY1BwRlZPcDdYN3J2Zl9CR0ljMDRzbFBKdkFrOHZUZ2RGMUZqS0gyOHNqUmpZeHRSZWtIeU5fT1RJSjM3WmhIQXgxWUdrRlNRWUhHN0JsRGFELVJmcUFud1hHRk9ieWVsRWNCMHNBZm93LXRzQjdVdW52R2xXZDZJQXgyYjdzYW45c05aUWM5TXdaQ2FBbjNTQ3c2RUZtODZFajhT?oc=5,"Thu, 16 Oct 2025 07:00:00 GMT",South China Morning Post
2026-05-11 05:57:12,China export restriction battery,China suspends some critical mineral export curbs to the U.S. as trade truce takes hold - CNBC,https://news.google.com/rss/articles/CBMivwFBVV95cUxNNjB5YVBFa1hmTmI4bXlVUGp6U3R1bTNTQlFPdjJsekZFRTc0MnZJekI2cmlhc1BOQlNjSDYzRmxRWDI2NUxaSzAtMF9BWmdDM281UXhOTXM4NUQzZnlGeFZ4c3F2Rl9sNFlld0JXMlN1ZkdGdE5nUjRQQS1NcDU1WHFVQzZtd2VjbmRTSTE3VVhod1h6dDdJTEUwTDVuMmp4eDRJd1pKeVhKNTNVNWFyXzdZNm5XM0dlOVFTSWRoc9IBxAFBVV95cUxNR09QM0pvTElQYVQ1TlpneXlaMFhXVmJiQS0yd24wRlhtZXd2T2hRbzI1RkRUS3BKTGh0cGNNMlQxeWRjXzQxYmhRWGxRWVBNYWhiQUxleFZDSXQ3YW14enFHLU9sbHdrNDVwTE5HeHJEOGNjM1FLVFNnVEF5NVJqTDRCTThKbDJWOTd6bzN4T25QQlBoOGxibkhNX2JaNnNJdkRzZzVzQnN6Mno1UmFEU2VoZGR2X2JqYmNSWmh6dk1ZbUlD?oc=5,"Sun, 09 Nov 2025 08:00:00 GMT",CNBC
2026-05-11 05:57:12,China export restriction battery,Escalate to negotiate: How Europe should respond to Chinese export restrictions - European Council on Foreign Relations,https://news.google.com/rss/articles/CBMipgFBVV95cUxQcGxlUlpyMkg4UFd2Y211cHhVblFNbWFmenZ2MFRFNFFBLU93aGdmMmFFOGJWNEVnZk1NYmp6ZWJGQWpCVVRvbnBMV2JVQ2xBUkVYYnVqQmEyR0JkUld0Q1FhZGxDb0VmT0hpYUVQX2VGdXZaWUhaRG5jY3IxemIxdEl0ZTlaZnVreFoyTkhyQk1vLWVEWWlJNVBGcWNNdzJzdm1aTTFn0gGrAUFVX3lxTE54aE5tcTU1WVRHR1V1WWFlYzcya0p4Wl9wcHJ6Rlc1dFZDUXF5TU56VG1jUzMwSXEyVWVfcFMyNzlRZk5pSmxrTmY5U1NpZHc0SzBQd2c5NG0yVnVpSEZCTWw5N3hVWjRtS2htR2hQakgzMlpPTmJOeHlXZkd0T1prRGpyQ3pXZW9KYy11Q3lMb1lEWjNGdEl5ZEF2UDFicFpfbERGUDEwWjQ4aw?oc=5,"Tue, 21 Oct 2025 07:00:00 GMT",European Council on Foreign Relations
2026-05-11 05:57:12,China export restriction battery,Batteries Are the Next Fault Line in the Defense Supply Chain - RealClearDefense,https://news.google.com/rss/articles/CBMixgFBVV95cUxOeHVFaFZHNURKMVlTZUpyYk4xSjgtRmdOdTBCX2pkS1cwZzZidnNNM0MzUDNBbjBlSkF5bzV1MG5xcGxQbGY3Ym9Mc1NDNE8tZkV0QUhLcEdIZEoweERIQkdndjNXTUtDOEZEM3ZaOWtYVHZMVi1VajllMTB2MW5GdnZkWW1pZlYzNHhvcFhORExjQjVVS1Z0THpzNFlCb3VNTlJpQjlmY2tVclhtMGtMWWhhVEVvNTY1eHB3REE2UnlXMXNseEE?oc=5,"Mon, 23 Feb 2026 08:00:00 GMT",RealClearDefense
2026-05-11 05:57:12,China export restriction battery,"Exclusive: Reliance races to get battery gear orders out of China ahead of export curbs, sources say - Reuters",https://news.google.com/rss/articles/CBMixgFBVV95cUxNQnh0Z1lJT3pRVGh1emxWTEZYRG9jSWNvQVNYX1hBMlVIcTlvd2JRdmVDRVJBbWV1VDUzc3R4WnljT0h6V2YwanRyQ0ZFTHp6YThXSFo4X2R0V2RaZmVKaUtYQmdhLXRZZUdsTTNDN1c0a2pOMFRnTGNVczhrVW45dXJkWUVxTXJNS2t2STZJcjVYSVlicV83d2dMVnI5a3BYWmFDSXhxUjcwemJwbGJpbTdOeXdRQWJmVXVMdmFoYUJlQVE0WGc?oc=5,"Fri, 24 Oct 2025 07:00:00 GMT",Reuters
2026-05-11 05:57:12,China export restriction battery,"US gets rare earth reprieve from China, but not rollback - Reuters",https://news.google.com/rss/articles/CBMi0AFBVV95cUxOOEFzV1pKRFZiRUhBTGYwM2NLcWtDeFpjejdrS013TjViNURfSVdoV2tzOXpST19BTGZyY0xDZUxMU2FHTlhJU0xqcWdfYnU4ZjFvaWY0MHNmOElwWTZIakZZN0tGNzlta0MzTThURVBwMFRMTVF0eVZpZkh5bmxMeW9tc0I1RjlWOUNLMmlmZGtHNk5Tc25yZm9CMjhKT2JOQm80WjdCRGtBSjhWUVlfOEQ2S2JnQ01hSEhuLWtHZmY1Ujh0dmtvMnpCbmtHYXFn?oc=5,"Wed, 29 Oct 2025 07:00:00 GMT",Reuters
2026-05-11 05:57:12,China export restriction battery,New CPA–Responsible Battery Coalition Report Warns China’s Dominance of Battery Processing is a Threat to U.S. National Security - Coalition For A Prosperous America,https://news.google.com/rss/articles/CBMi7gFBVV95cUxQaVBZbWVxaWdoaGxoRlF6ZTdLZkdkUm11RDREeTFXQXM3bHFGRmxDOWdHb3poMjVLd09MRXgtbFA2blhUc2hoUzNPaUFiaW5CZEtqdlZkcG1kMExVTXZaN3BiOVowcFllb213b1NETFlERGRINFF6cGxHSTdFTldLWFZJb2pFa2w3UnZtcXA0YXlqYjR3Rm82T1Q3SlN3cEs5Y0FYYmJBTF8yanh4TjRfemhDdzdjZjFxU09zdGZZWjh6MTg2ZE5aTU9ic1JrZXNFUnpiWDg3TjNGUkRpWnVldWcwVDJ4MkxteHMtXzVB?oc=5,"Mon, 23 Mar 2026 07:00:00 GMT",Coalition For A Prosperous America
2026-05-11 05:57:12,China export restriction battery,China Imposes Extraterritorial Export Control Measures Over Rare Earth Items - Jones Day,https://news.google.com/rss/articles/CBMivgFBVV95cUxOMnlGMl9WaDdBc2xzaWhjQUtMM1BuQnJRNW54dGtUTHAteVFBelhyM25GeUFyRV9oZzRiX3VCN3NJOV9WVXQxaEg5b0k0eGRrek5tQmxudjlLRlRaeDdnYnF6MkVZZG5wSm9ZMy0wSWNFcnYxeXZBbTlIaUVMVTdUWnl0TlZhXzAyZ2tqYlNxX3ZiQzUwYTVNel9wTXFJN1pRSGY2X21kZ3NyUWtXTzEyUEx2bzhmRFJhLVZZOEtn?oc=5,"Thu, 09 Oct 2025 07:00:00 GMT",Jones Day
2026-05-11 05:57:12,China export restriction battery,"China suspends implementation of certain export control measures involving rare earths, lithium batteries and other critical resources: MOFCOM - Global Times",https://news.google.com/rss/articles/CBMiYkFVX3lxTE5pTTdBeVRHV1NFSXRMcmpyQnNxLWJPSnp4VlpfY0JpX0xuSGRRajhjSE9PS3pjT0pINTdXMUR4MTZlX1pQbGhfaG5NSTJsazZxaVJxN3QxemkzV1dsT256dWtn?oc=5,"Fri, 07 Nov 2025 08:00:00 GMT",Global Times
2026-05-11 05:57:12,China export restriction battery,Annual Review of China's Export Controls in 2025 - Lexology,https://news.google.com/rss/articles/CBMiiwFBVV95cUxONlZxRGtsbkZXYzdaZmRNS29fb0VJT3F0emlyMXlVQ2Y1dVBMTE1ncDNUMDc0Wjl3SFV3MEhwMXAxZl9PZEN3amFmLXd2NDFIOE5wZ0NRUlllNEVBWkFxVkg0OWJWOFViS3dmRk5scG9hOGZnX19lV0dBUHFvd2h5V1M2WGI3anV1NlYw?oc=5,"Thu, 22 Jan 2026 08:00:00 GMT",Lexology
2026-05-11 05:57:12,China export restriction battery,China tightens export rules for crucial rare earths - BBC,https://news.google.com/rss/articles/CBMiWkFVX3lxTE1SSDR5RllsVWpMaG55S2NQYnA4bzF6NlF4XzdQUHJFOWpSZ2x4S2FWMHRaak9FTXhuSnhFMkxZNEFKbVA2MUdnQmZVNldmR190MTczekd3U3JaZw?oc=5,"Thu, 09 Oct 2025 07:00:00 GMT",BBC
2026-05-11 05:57:12,China export restriction battery,China Puts New Restrictions on E.V. Battery Manufacturing Technology - The New York Times,https://news.google.com/rss/articles/CBMimAFBVV95cUxNcDlKSndHYS1EQ1J0RkhCSFM2bDUxYkhjdE9WMnVMdkhydzduYXl3NThWZjRXWW80VEtid3UtM1F0Uk12Z25VQ2lRaGxvV2J1UzczUFUxdHUzWlVEdDBvYTdLelYwVjBTV2VROVV1T2x6eXVhMGlPbTRyZkpCSXBYa3MtMG1JcWNrTTZXZWliZW95a29FemNaMA?oc=5,"Tue, 15 Jul 2025 07:00:00 GMT",The New York Times
2026-05-11 05:57:12,China export restriction battery,China Adds Export Controls to Protect EV Battery Technology - WSJ,https://news.google.com/rss/articles/CBMilAFBVV95cUxPcDlPZFlaM3RiTDlpVHZYcWxrS2NzcEY2R2N6UUwyUnpoR0FaX2pQdlYzZjl5bE1nMGZnUlRxbGlUNkQ4akd1QVdpOVBuYUk3RC11Z1pXc0RyekpKWUVzRUpwR3JJVVVOSERBSVpjVExsUlRVdXpHenlwRGJ2NU9hWFU5dlhuaXZXZEQySnFxOFpoUHBZ?oc=5,"Tue, 15 Jul 2025 07:00:00 GMT",WSJ
2026-05-11 05:57:12,China export restriction battery,China imposes new export controls on lithium ion battery tech - pv magazine International,https://news.google.com/rss/articles/CBMiowFBVV95cUxQMXl1WXpHb1NWYm83SUY5VWRlaHkySmg3c2FrLWpfbjlZLTU4UV9abGdGQjQydjJWODVYaTd0emJEbUdfT1BIQ3JxbVE3MGdjUjczWGY0TWE1NlNJNkNWdmtSc0pFdWtfb090RHpWN3VkY0xJYlBpWjdSTG1salloaFhxYU9ob0hydXFseF9lMlJYcDlWMnluYVpTWW85TFRrT1Yw?oc=5,"Mon, 13 Oct 2025 07:00:00 GMT",pv magazine International
2026-05-11 05:57:12,China export restriction battery,China to ease import and export rules on certain lithium thionyl chloride batteries from 2026 - Reuters,https://news.google.com/rss/articles/CBMizgFBVV95cUxQUXM4b2VJMXpVejBzbi1EM3lVRDAzbXFuN01veGdxLXdRa0dDZzVKcWZxTUgyVE5sVVVRNnZPcW9Hejg0dy1UcXNzbFhMVUM3SllrTlc0cE5JNjdDa3VkV0x2ejVTY2pHdDR1bUdWWFRSaUg3OHVMMUhWUnBZNzIxTklvV3BrY09RcmlHc1NSSlAwdWZLSE5tUnppM19ULXIxTS1xcnNHRDFPM3FzRUs5c2ltUC1UQmU3WnNidTNES3V2dDRaZDBHS3RMUEp6Zw?oc=5,"Fri, 12 Dec 2025 08:00:00 GMT",Reuters
2026-05-11 05:57:12,China export restriction battery,"China gives U.S. a reprieve on rare earths, but not a rollback - Automotive News",https://news.google.com/rss/articles/CBMiiAFBVV95cUxNYnFfOEhyNTdoLTdHRU95c1FSMDhBbC1CekdsY1pWV3BSeXFiSTNMeW9ucUNDZ1pJTC1TYlVrcVE4bGpmTDVDSHhoRThIZ1pGWE5ad3dLUnp1QTVQWDQ2b3R6T2tFMTBxakh6eVNiY19yQXRQZDdZMkNNanNZUlNQV19WSzJfamY4?oc=5,"Thu, 30 Oct 2025 07:00:00 GMT",Automotive News
2026-05-11 05:57:12,China export restriction battery,"China announces export control measures on superhard materials, rare earths, battery-related items - The State Council Information Office",https://news.google.com/rss/articles/CBMiekFVX3lxTE5VOXFSQ1JKWGxIaDZvOTlEbzNtS0QySEQyaEkybXl6U1JsWXJlTW5aU2dqMGxGTFlUWE1UYldMTUw1bmRhcy1IMjdPYnZveXNjZm1LY1lqT1NlZVl1WXFTMTlyaXp1UUQwd0F1cHgwbnNlVzBfUWE4cV93?oc=5,"Thu, 09 Oct 2025 07:00:00 GMT",The State Council Information Office
2026-05-11 05:57:12,China export restriction battery,China imposes extraterritorial jurisdiction and a 50% Rule for export controls on rare earth elements and other items - White & Case LLP,https://news.google.com/rss/articles/CBMivwFBVV95cUxQVF9XaUt0aXQwSktpN3NqZFJncDM3dGEwNWFJRmJraF8wLThCZlZwdjJsTEF6LUVCb0Z0R0lGdGRCTHpDOEV0dnZCYW56RFVUeTV2VGwtMWJURnBPbzF1OG83Si1oSDVGcHhhNUxXSXJCbllOQXlLclJYMG5HVzN1MnFNOF9CZDI0LTVrd29YZUN6UVhOay1hczE0SEpjaGpyaTRxa2U0RUxLdDJvckxVODkzSmpoX0Y2aWhoaFRVQQ?oc=5,"Mon, 13 Oct 2025 07:00:00 GMT",White & Case LLP
2026-05-11 05:57:12,China export restriction battery,China Tightens Export Controls on Lithium Battery and Graphite Materials - Energetica India Magazine,https://news.google.com/rss/articles/CBMirwFBVV95cUxOTFRvdWJUOVF2cTU3N2V4Q0RmLURIMHV6NEVsbEozUmpwMjZWUnlQS2swT0wtVWtmU3FUUDBzVFIzSEFsT0ZMNFhxZEwzQTVzcEZNbEp4c0JOTDZieFpjSlcyZUtVMmh5eDdXQVJXWkdVTi1IUmhNQU9QcWpBb1RJbDV1ckhYODFFb2dmU1JYbThQYk05VXpNZFNmcENvV2tzR1ZpNjZyOGRNTXEtTWxN?oc=5,"Tue, 14 Oct 2025 07:00:00 GMT",Energetica India Magazine
2026-05-11 05:57:12,China export restriction battery,Chinese Adds EV Battery Tech to Export Restriction List - Supply Chain Brain,https://news.google.com/rss/articles/CBMipgFBVV95cUxOQ0ZoRUFIZGl5bXgwZzFkVFBDa2hKZGVKSzRkZEpyS0VxMU53b0F0WmEzRVNHVVNhNVd0bE83cFdhSnp0WmdXaVhpTXJtdmxRbVJFZzZNZ2JITWlsSFVCNEk2QWNiTHRENFJEMVpoeFBzQmtCYmdSbENzazBQRnFrYnRZVkhZWkZMaXM0UDl4WEswTnE3aVRxRjYwTTFpOG9HSzQyb29n?oc=5,"Wed, 16 Jul 2025 07:00:00 GMT",Supply Chain Brain
2026-05-11 05:57:12,China export restriction battery,China announces new export control measures - China Daily,https://news.google.com/rss/articles/CBMifkFVX3lxTFBPWDRSNFFRcDhxeHB6cldyRUh2R0JmQnRIODAzLWpBTlVGRGx2czRpZ3RQR2U2c2NpaG5jVS1pWjFMdi1waE5reDA1UUNTNUUtSWdKUlF6aU9fSmplMk1LU2k5U0lMaUdOdUxocFhOaGFQWE0yN2thdFBCdVRmUQ?oc=5,"Thu, 09 Oct 2025 07:00:00 GMT",China Daily
2026-05-11 05:57:12,China export restriction battery,Chinese restrictions threaten Europe’s hopes of absorbing battery tech - Mercator Institute for China Studies (MERICS),https://news.google.com/rss/articles/CBMinAFBVV95cUxQejl6ejZyWllfQ1BfbWJZQTl5RFZiMzJPdG1MUEU0RnVWajF5a2tzSzlsbjQ4ei1FRmxMeS14QXE5eUc2Z0FZaWl6ZHFudlNJanI5b3JNRUcwRXN5cTREbVlKWklhSlhjZ1k5RzdMZmpZc3JtVTI1QV9qSjg0MFFGNFd6enl2YTNMS01udlBQVWpHNEtWQVp1bm9IN1g?oc=5,"Thu, 02 Oct 2025 07:00:00 GMT",Mercator Institute for China Studies (MERICS)
2026-05-11 05:57:12,China export restriction battery,China’s new weapon in U.S. trade talks: Batteries - The Japan Times,https://news.google.com/rss/articles/CBMihgFBVV95cUxPdjhIdWE5d0g1aGFULWFpZ2NERmF3SXlfM2kyRVVLTmE0V2tzZktTNzhWRjNBa1ZNR0xNQ0JaT3dVZk5UQWprUzZOOXV1dktrcGM2bVlhd1BWbl9HR2UzOXJoWnpxemJWQnhMMF95LUstblZtallLS0VMSC0yRjFWWWtseGNKQQ?oc=5,"Mon, 13 Oct 2025 07:00:00 GMT",The Japan Times
2026-05-11 05:57:12,China export restriction battery,China puts export restrictions on 8 key EV battery technologies - Evertiq,https://news.google.com/rss/articles/CBMioAFBVV95cUxOamZjTS1HZTlQNjlTSW5YXzRwQnBBVTN0c0lTYjZCSjBEVjU1aGNjb2p2bWduZzdiWVBqbWNwV0d6TGFxRkNjS1YzTVhTdWNGUUNObzBQQ3FUUFctQ3V0RlR0NndRem5lc2NTcF9CT0prTzc1ejBiWjVwYVg1M0ZyTnQ3LXNOOHE1OXNNZWtRVmxwcUhhcXg1ME4tR1JQRm14?oc=5,"Fri, 18 Jul 2025 07:00:00 GMT",Evertiq
2026-05-11 05:57:12,China export restriction battery,G7 Scrambles As China Tightens Rare Earth Controls - Evrim Ağacı,https://news.google.com/rss/articles/CBMijAFBVV95cUxOenFwRWpGUlhzUzc0NWFaWHAwTEplN0ZRQ0RkTFU5X3JsZ2hTaUdldTFwY3dqSEF2MzVkaUhINzFmQ3VLMHRiYS1YVHl4NE5Yc3Vtc2tVNGphbGNRbDhnMjVUcFpWV3JvYVNyWkdrNmw1M3ZpTnllYlRndHdtVE9QS21UZTRDRzJIcUNnSw?oc=5,"Thu, 16 Oct 2025 07:00:00 GMT",Evrim Ağacı
2026-05-11 05:57:12,China export restriction battery,"China rolls out flurry of export controls, ‘major upgrade’ to rare earth curbs - South China Morning Post",https://news.google.com/rss/articles/CBMiuAFBVV95cUxPNmFRTzVLbG5DLXdGTkttTkN1Y1pST1JOS2FYZmZ2UmgxZzBkeUQxN1V3bE1FaFVmZHVQMHpxTk5zd2tPQkMyM2FFSkJiMWhoVG9nR0NIMHZXOFRyemktYnJpU29RWXhqcW9RZm4yMUYzWERLUHFGTkpxVXE2c2d3Yno3NzBrZ0FYZUo5NHljSFl0OG5NSU5kTnRxNU9fSkliLUhYQVJ5ck9OeWVMdVpvQkV3Yl90WW1G0gG4AUFVX3lxTE9jbk1QRWdJMlVJWnE0RFN2cFZfR2V1NEFmcFFhck9pQ1gyS0lUdk9ZV1RFMFhMdFNuTzRXN0ppWHczVUhPOXUtUFhXT243WUFaMWJmN1R4X1cxZFp5REZma1hsbWFqWWFYVkV0eVA5TDlIQXVISzlXUzFuSXNDUVhBekMtajFEeU5HeFhjRHUxMzd4M01sRkxrRzd0dmtHWTFJUkhyZ2dvaFhXeTJfclpvSGMwdmMtZ0c?oc=5,"Thu, 09 Oct 2025 07:00:00 GMT",South China Morning Post
2026-05-11 05:57:12,China export restriction battery,"China expands lithium battery export curbs, deepening global supply risks - digitimes",https://news.google.com/rss/articles/CBMirAFBVV95cUxQYkN6QzYtY0dTcmhGQzFyTGc3RGlnVHlNc0tCdC1aNzI3VW0wOS1xbUN2QzcxSVVIaDZ6RHpXbUhsYmRGaDFXZTQtdXpLWVk1NWRkV2dHZUVHTVNtVm8yLUtUa3EtRFp6MXRtNDhXU2RzcWROMkp3MmJISVNLdHY0OGV6MjJ5c1UtUVNMaXJBdTZtdUctUzRlamI1bXVRSTVZcXdxYzRzZEJaVE5z?oc=5,"Tue, 14 Oct 2025 07:00:00 GMT",digitimes
2026-05-11 05:57:12,China export restriction battery,Zimbabwe’s Lithium Export Ban: China’s Battery Supply Chain in an Era of Resource Nationalism - Modern Diplomacy,https://news.google.com/rss/articles/CBMiyAFBVV95cUxPcVFEU2F3TlltaHQ2RHBxbUMzMHBHNGNXUnJ5MUdIOHNxd0J6RUxlbzlNTWp1aUpzZEFoSlBKQlE5S0VqOFVsZVBncU5HUmlyM0lGU3c2RmxNZFppbXZHNzhjbW9DX0RwNDFrcjdiT3BLUmZ5ek9VNnAycWR2U2h1VkxnLWNjNWJhSk8zLXJpc0Y3ZVhERG1hZXg1WFQ2M2xhQ3llLXRTVl9rUkJ6elR1ellUUEhCaklpOEE4VTk0QjdyR2JqUkZGRg?oc=5,"Wed, 25 Mar 2026 07:00:00 GMT",Modern Diplomacy
2026-05-11 05:57:12,China export restriction battery,China Tightens Grip on Rare Earths and Battery Exports｜Daily News Digest｜2025-10-10｜web only - 天下雜誌,https://news.google.com/rss/articles/CBMiZ0FVX3lxTE9fR3JIUTZRZmNzMXpUcnhxVDg3bFlyX3hhY0lsVUdaeXgxUVJQbXZoUXA2djVaRW03WVhMMU1KdG5Yc1d0bXdCUngxRlRBNW1ZN1N3dTNZc1BWNGxWR0hkTFF1d0dnTW8?oc=5,"Fri, 10 Oct 2025 07:00:00 GMT",天下雜誌
2026-05-11 05:57:12,China export restriction battery,China announces export control measures on technologies related to rare earths - Global Times,https://news.google.com/rss/articles/CBMiYkFVX3lxTFBDbU1uYy1ZdVBVUmpqVVpwYnZyQjJJb3huUUVVQzBLNFFIdklNRGQzaWQ3dkY0cUtJUV9KS1ZWUlFGcWVuRnhjZ2JaQ1JxZ2dzOUxwYW1aeEVUTjE4UDRjVHl3?oc=5,"Thu, 09 Oct 2025 07:00:00 GMT",Global Times
2026-05-11 05:57:12,China export restriction battery,"China expands rare earths restrictions, targets defense and chips users - Reuters",https://news.google.com/rss/articles/CBMikwFBVV95cUxNSUR4SkVKUUltWllCZ0NWNXlzUk9UaEltRFNMUDhKUDJELTZNUXVveVJWX0s4YjdHQ2FmRHhXUTBvbU1MMmljdnB2U01jNXJRQUo3WlZxLVFZdk1hY1BTRHM0cjRqTVJvUG9JSllMcG42d041RWJVUHNwSkdiTzFYOGxoZDU3SktXY0xILXdtTzNfUFE?oc=5,"Wed, 08 Oct 2025 07:00:00 GMT",Reuters
2026-05-11 05:57:12,China export restriction battery,"China flexes clout over EV, battery supply-chain with new round of export curbs - Automotive News",https://news.google.com/rss/articles/CBMifEFVX3lxTE5QUzNBV0pYV0tkTmkwa1NKeDk3NGlZeDlhZ1JBVDBnRjN1QkpqSUVvLW5YXzNOUXZXTVItUm5OcEFuWlk3UTVySl93dFFfNjE2VjVUT24tai1ORWNvX0dOSUJNSWJTdXVtXzR1ZzdPSjdsVEMtQ18yMlRUbHI?oc=5,"Fri, 10 Oct 2025 07:00:00 GMT",Automotive News
2026-05-11 05:57:12,China export restriction battery,China implements export restrictions on cathode and lithium production technologies - Benchmark Mineral Intelligence,https://news.google.com/rss/articles/CBMixwFBVV95cUxQZEtIbE05cVZmYmkwVGROUDlyLVFfZHhMaFpTcmhreEhmU215X1hIUzNFWFN1c3I5ZHlLTFVUQWljOFU3Nmp2ZUw0dUVBMkxqdERRcS0zMVlDVjdzR3ZleFNrNmxZb2ZLU2ZocERSRHVpd2luRmJsNGlmcW45aFhCVzBDOVJoZzFGSmt1bWZrVHBTOGxCa3F3d0tIaVl2aDlFU1BfRUZ2MVJ1SDJhSHYtRmZrblowMkZuY0w4RzNLT2pTUEVVdkRF?oc=5,"Wed, 16 Jul 2025 13:43:57 GMT",Benchmark Mineral Intelligence
2026-05-11 05:57:12,China export restriction battery,Trade war over batteries: China's export restrictions force the West to act – and position NEO Battery Materials as a potential game changer for AeroVironment and DroneShield - Stockhouse,https://news.google.com/rss/articles/CBMiyAFBVV95cUxPSEVwbmJDTUtUVHRNbnBnbnI1WG1UdFFWY0N4TzlkZ04wQ0RBSjQtLUtRUzJTUlNRWGFmekVPWkhwNkhnT2FjMklsVnlKejY0SU9CckFEdldVbG9PdWM2OTNtUkZYSVFPQ04zc0Y1Z3JYRHZmNW1OVV9QbGF4cFlDZTNVVFJ3WTVLXzRvQ254WFBnRDNOLUxSUUVvUGUxWUpNb2lieVZqcG5heVlpRkdBaUY2QUF0ajZyZ3h4SkJfbDBTQ3JEYlJtSg?oc=5,"Wed, 07 Jan 2026 08:00:00 GMT",Stockhouse
2026-05-11 05:57:12,China export restriction battery,Auto industry raises the alarm as China tightens export rules for rare earths - CNBC,https://news.google.com/rss/articles/CBMipAFBVV95cUxNNDNDQ2tUWUZmM3d6TUF6a1pVdUxxVW5hMVlkQXg2Wm5hTTNSQTZCVVl2OTNJUWw0OFM0eWNTWk43UE8tVnJqV1cyZlZXczlOZm4xX19aRVJlbEp5bi0tLV9EYW5aaURycnZmYkt6MVdUaVpOQkdWRXRIU0xCLUZmekNnVnZUVHRLcmJDRGhGRVZ1Y2xBenVuZUJrN0EyS3JSc2J4YtIBqgFBVV95cUxQYVg2LWloNjBrV2VvZDVmdnZBLU5lcW1GMElmUDBia0JrTVBzZjNGcEVReE1qdDdZVnF5ckN3aE9BbDlCVDMwMl8zNEFKWl9RckpfTHZTdWVSeURMWUQzLXZIQ2dJNUFuSHNCT1owRVRPa2xFZjBnamUzOEZDdHhFR0dHTkNkZWZjMExDSTRvWEJzSUJuSE5Fc3FSZ2VmZFlXbk5TTS1rb3ozZw?oc=5,"Wed, 15 Oct 2025 07:00:00 GMT",CNBC
2026-05-11 05:57:12,China export restriction battery,"China announces export control measures on superhard materials, rare earths, battery-related items - Xinhua",https://news.google.com/rss/articles/CBMifEFVX3lxTE9KVXFhOC1EU1BTQ1podnNYN0V5WlJrSUZ1VGNPRF9CSHBiOUpWdUtMSVFYSlFCalZqb2pibXFReTlQc1pwLWMzNlZ0SWFZMy1CbjNPTmQxaE9jUFhNVzF4T0FyX1JOemVjS20xRW1IeGxNWFpRRlhRdFMtMmw?oc=5,"Thu, 09 Oct 2025 07:00:00 GMT",Xinhua
2026-05-11 05:57:12,China export restriction battery,Costs of EV battery material cobalt hydroxide jump on Congo export restrictions - Reuters,https://news.google.com/rss/articles/CBMivwFBVV95cUxOUU5WNk1McUZka3NCdmNfcnJiSGVyRE1zVWJWRWlEX21nUlEtTjBvc0lFX1g1bE1UYkhUTjJFbFpfc2NtZGp1Y1lQVE1YQ0hycjByRE9hdldpMnI0NS1iOVBrYWtYUXdnQmZKbC1XOV93bkt1YWFxUWYwTUNES2Zzd1lYcU9LRElseXk3RVJVY3FXMGlHYWJRNEJUc1BkUzI4N2hGUnhKUERtT05RMU5ibFJ6anJheTlCMjR1T1RtOA?oc=5,"Tue, 09 Dec 2025 08:00:00 GMT",Reuters
2026-05-11 05:57:12,China export restriction battery,"Rare earths, chips and batteries – what China can and cannot weaponise - South China Morning Post",https://news.google.com/rss/articles/CBMiygFBVV95cUxPNFJTellqRVZfYVhsRUZKNnpZbVF2RVZzd3dGY19kV2hJSDV2MUNmU05NNERRemYtQ1ItbWlJbl9Sd25XZG9DS0ZIMEVIci1QbFMteElqWkxFT3p2dTZGMUNGM1hoNmxpZTBHTnhsN3lMWkJtbjdobzNqSmROQ1JVQ01jYXVzQkNVRG5taVN5dVJMWGM5bGoyNGdPNTZyLWlKblJfd0huMmhMYTZqV3JGYWVZT1IzQUFmZ3pYZW1aVGo5YnVhSmRTOWln0gHKAUFVX3lxTE5wRTY2QVFLdHNiWEhXWm1sVkJ0RHFka2o2UHIxOUhHMXA2M1dXbWN6d2YtRU55M2hucy1UOTBTcDlIZXdtY3Y3c0RPLWtRMkpFSW9OOFpJUmNyeE41S091Uy1LaDRZOFVVd2x0YVVXdWNRQzhaaXc4WEdjdmRIZVRNYmtYckhlZ2xOUUhxblRsUmFRNG0yTDRfTEdGZG0takRwZlZZQ2tmWUdiQ2Q2UjNTNUJVNjhDQnphd1ZDNTBNMGN5MWZxbnVxQ3c?oc=5,"Wed, 12 Nov 2025 08:00:00 GMT",South China Morning Post
2026-05-11 05:57:12,China export restriction battery,"‘Tit-for-tat response’? Why China unleashed fresh sanction, export curb blitz - South China Morning Post",https://news.google.com/rss/articles/CBMixwFBVV95cUxQaGtuenRUVmRKb1pzZjAwSFhWSjE4RDVsZEdCX2xaTUNiWEtPQ0lwbVNRXzF5VUcwSGd3N2hKdG9RU2gwd0dIX0ZhTlVWcFI5Z01iNFJIaVF1Mi1RTzR2YkZDSnh1aVdEdUVXUUJrTlJyd0hhdEVfbXVfLWhyTmEwWVFNWFl4OWhYYTl3enRFVUoyNkhkYzFzU29ieEFNUWtWTm1XejJZVHlrUW1rWjZGSFNPRFV1SFpIemliQ1F6SjU2REtoRWFj0gHHAUFVX3lxTE1aX09acFJnc3hsd2xWY3FTOFVwNENtX1NOVTJtYXlYUENwQ0F3eFMwQ2JZSDZkQTFRSjZ0b3dSN3FhMVBuZFo0TlRzWE8xR2d3dDBXb0pCc1ZwcWYwS20weER5QnpXS1Q3RkduYVB5QVgwRkdGU3lGY19mYmY5N1Z3LTBLdDhHUjEzT0VlOGsxQU5uTW5kRU9rUVNENWdzemtRUm1vRmN6eGF0cHJyOHR6cE9Tb0NBN1c5aUp5bTRmTERNOWJrMTQ?oc=5,"Fri, 10 Oct 2025 07:00:00 GMT",South China Morning Post
2026-05-11 05:57:12,China export restriction battery,Battery makers sweat as antimony shortage hits after China's export curbs - Reuters,https://news.google.com/rss/articles/CBMi0AFBVV95cUxPZnA0b0ZlQWExTU13dmQydzBiY3lETW44VUdfSVA1US1lRzNjd1ZNeDhKc0p5ZUJMMEN5ZVN4cmcyNHBsWGNGa0VpTHFkeTNScFl3OEhnRzRQLW9YeXRwWWlJVlBmN2tYei04bjVibHZ3dHRGc05Hc1VuZ2c3YUJMZWZSVUV3QjZUVFprWVY1aWJMWXZpMG42bUJWYWdWNVd2MV84TkNTaDRocW81UEFybDZad2Z6bzhueGhldUJlSmhMSHhSOUpMYUVZRjU1NVBD?oc=5,"Tue, 17 Jun 2025 07:00:00 GMT",Reuters
2026-05-11 05:57:12,China export restriction battery,Why lithium-ion batteries could be the next friction point in China-US trade war - TRT World,https://news.google.com/rss/articles/CBMiWEFVX3lxTE5UUUN0VXVONEdOWTk1ajZkZFlPaEtvSmFwWU9MdUFyT0xicFZEVi1RNXhyeUdvVjZLTDFNMEpnU1Q1Q3JuX05aQmg5WHpIV1pyS2l5cFBmSzk?oc=5,"Tue, 16 Sep 2025 02:25:01 GMT",TRT World
2026-05-11 05:57:12,China export restriction battery,"China to Control Export of High-End Lithium Battery, Graphite Anode Materials from November - Autocar Professional",https://news.google.com/rss/articles/CBMixwFBVV95cUxPMkktRlJPZ05yQUhodERTWi01Rk5ZaFBzY1BNTTBOcEFxZnhBcHFId2xsSDhGdU8zV3Y0NW9nWXhadlh3Zm8tTUZTdkNlU3JKWnhjUWRaX3pnM0FEZDc4V05RWU9wQ1dvdmg0S3c4NUJ3QkRUc0tZQUFDR3dERS04eXlQOTN1THIxUjdINVhiTEFuMEhFYWNaV054ZFJDenU2LUZrdzlfaURSRm9hbGlIdWZDUVp5TndsYTV2anN3VGJSckdSdEhV0gHPAUFVX3lxTE9vMVF3eXRuVVV5YWNQMlRQUm5RQmZLdk85VVc4bHowZ3dIbHMzZDFPMW9hYzdva05XUVd4SzFTYzhrNkRtQ3lBLTg5WWtONlZ0M19PR203UFpmSDZYcXlPMUllUlN2Wnd4eDJOZml6RmFWMUpXMGdfblFzcnZXenM5ckxCRkZ3aVJVNnhfdTNoU3hzZ1dUSHlrUFRvN3hMT0tFbzk2ejV3OTFYX1FzZy1heFY1bnotV3pfYmhxUjg1R3h1NlVZY2JCTXNKMzhwUQ?oc=5,"Thu, 09 Oct 2025 07:00:00 GMT",Autocar Professional
2026-05-11 05:57:12,China export restriction battery,The ‘Age of Economic Warfare’ Comes for the Energy Transition - The Diplomat – Asia-Pacific,https://news.google.com/rss/articles/CBMilwFBVV95cUxQbG0yTDFkUlM2cmRKRGRjenh3UVVWQmM1QnY0S0Y3VkZ2YTBRUVVZMVNYZ19lS2lQUkE5aWNXdzZLTFk0ajdiVXdKd29XTUx2U3R5N0lKS1RIQi1xSlNIdzhnVlo4RTE1R3Mwd0hqT1V3b1VzYUlYYXJYNU5Selg4YVk4cmdLN1dYUWNfSl9nNWx2Y0g4UUFr?oc=5,"Mon, 04 Aug 2025 07:00:00 GMT",The Diplomat – Asia-Pacific
2026-05-11 05:57:12,China export restriction battery,China‘s New Restriction on Rare Earths: What They Cover and Why They Were Made？ - Geopolitechs,https://news.google.com/rss/articles/CBMid0FVX3lxTE5Rc1R4MExpUmFteFJmWlZfcW9ORVBfWTdZSXM1VnZsOWNYXzBpNXA1bFpqX1dtMGctWV9VWXRCNlBEWXdTbFE0ZVdlbmxlZTB5N0Yyd2NCSk9vSzJQaFo2ZE5wZVhVT1E0c1hJcl9LQnRHSFZtNThB?oc=5,"Sun, 12 Oct 2025 07:00:00 GMT",Geopolitechs
2026-05-11 05:57:12,China export restriction battery,Concerned carmakers race to beat China's rare earths deadline - Reuters,https://news.google.com/rss/articles/CBMiwAFBVV95cUxPSVMxVW1pLVU0TWhnZ09ubmJpLUpoWEdJZ3pXcTZpSkdsR1Y2NVlueVRlUjFPNGk5WWxMVjJHRlJKWF9PSXRIWmxpU2FISDlpZUtoRWYzVU5EN1Q4TXdjYkhJa3FzcmdVQkxpc19pWV9IWVQyb2Zwb3QxTXJDUUpLY2F6WTV4eGE4SkVIMXVjbFpnU1pnOF91R1o1anIyWVA5ME5PTUlCdkgxb3hwZjR2YmtEN1lsWFVYMUtYdS1xZWQ?oc=5,"Mon, 20 Oct 2025 07:00:00 GMT",Reuters
2026-05-11 05:57:12,China export restriction battery,What are China's curbs on lithium battery exports? Can it impact India? - WION,https://news.google.com/rss/articles/CBMiwgFBVV95cUxPUkFiWXBNalRMN2FKUHVNUncxYklkR2tRWFMzM2JxbG5uNm5HaVJqeklfRUdsNklscnJkZXFUeHcxc0tlcDNyUGc3cVBqdEtNMm01d0gyRDZHQzdnU0x1SXBrY2twVTRCR1gzZzJDeUNGQi1KWTE4eEtuYlRVcmoxMENNMlljU3FLZVYxNjFZNW1CaGFmdGIxUGNWZ2VmWmlFdlVkQnp2MW1KYlQ3MDBBdXB4aVg0b1l6WHFWYUdJV2phQdIBxwFBVV95cUxQSnF1b251cFBIa0FuRU9FTVdmS09qM00tbXhHcFE2TnBCSGdneTFuUkN2dGVaYXhoaU1yQVJPMUlZa05ncUt1U05XVXMzTE4xdnI4LTBfN2RuTF91S3NKeUtubzNMb1QxOExMUDFzSVNCckE3RTJvSElxZXVIcHBLeXhkdjVva2pJckVHSHZGS1VFVXc2UTdOVVlKOThXTW9OZl9BYVlONUtBWkdtUmw4c2l1NXdEYWpHeDFsaTZ1NTFkc2RsTm1F?oc=5,"Fri, 10 Oct 2025 07:00:00 GMT",WION
2026-05-11 05:57:12,China export restriction battery,"Battery Metals Surge as China Export Curbs Drive Up to 6,000% Price Spikes, Triggering $439 Million Government Response - Crux Investor",https://news.google.com/rss/articles/CBMi5gFBVV95cUxOSW9SdXlSZGIxeFJ0T0lsSkM3WXJzdmRHa1dSR1dhNVpXMl80WmNvQ2pzV0t5d0FRSXpqZDdEQzlPckpWX2hUUDNfeDVkMXdCT3lkOEZQUFlKX1BUT3J0YlFiM0hFbUpQSk5aRVpaOXhTMkh0RU42dGx6WHNMRnE2UHM5VzN6ZHVhSDVvdjQzbzZ0NTVsUkNwb3UtZmNqcWtGRWw1VVlXbDdLQTg1RUtLUXpwWVBpS3JZaW5HQUdoU1hPWUNsd19ZMFlDUEpLOUVKekdQa0pSc3RDbEpTbVRaRVo1dmJJQQ?oc=5,"Mon, 15 Sep 2025 03:40:30 GMT",Crux Investor
2026-05-11 05:57:12,China export restriction battery,"Congo tightens cobalt exports, exposing China’s heavy reliance on imported battery metals - Business Insider Africa",https://news.google.com/rss/articles/CBMiywFBVV95cUxQUUNnVW9QYTZGUk5sZVlKcjZsdk9RekFzWkhSZ2c0VTlQeDZSeTFnMEw2cWxoV0hDVW1PM05ZdzJuVW1aYVhSbVpzS0ZoVjVJZ2hDYnRFS3NBOFBUWVpfdzRlWUozdlFiZUdnSTFBdVpSVDlZX3NkOWo1cGY4N3lURU43SkxzQ09yZDd0N1haOE1NbkF0VjRWeEU0ZlE0REI3d1J4UUJTUjRIRnlQTjg0WkxFeDZKaTQweTJ1OTRUZnhFbUdaSG9qRVFTRQ?oc=5,"Thu, 26 Feb 2026 08:00:00 GMT",Business Insider Africa
2026-05-11 05:57:12,China export restriction battery,China Briefing 16 October 2025: New export controls; IEA China projections; Provincial ‘Doc 136’ progress - Carbon Brief,https://news.google.com/rss/articles/CBMiyAFBVV95cUxPUzdkN2tnV2szU0xrR0ZhemR3akRrWEtBR0VQS05WaEtKazUyZHZ4dTdqSlFQeDNETXo2UlJlRXR3ZFowc0JUdEVGMG85Y01ITHFZYmUyOHFSR18xV1Q2czVSQWNfY3BSTWtQRjZVZlVOQ1ZlMmhVWDZ4YmJWMmdZTDl2eTg3cExlRTdhTGIzLUNvMkdITXh1UnV0WkszZjlIcGlrVzktWm1keER1LTh0by1xdnBGV0dIT0tTWnhBX21xX05RZEE0aQ?oc=5,"Thu, 16 Oct 2025 07:00:00 GMT",Carbon Brief
2026-05-11 05:57:12,China export restriction battery,Greater Impact than on Rare Earths: China's Export Controls also Affect Graphite & Battery Materials - GOLDINVEST.de,https://news.google.com/rss/articles/CBMiwAFBVV95cUxOd2ZibW9nN0M5RHF0WFhMM0phSnphd1J6cVF3TFJlZ0ljZUNoYUdYOGxTcFJGWWsxVDBMVmQzaGNIbG92Y29SVjVBT1BwUVJHLWVVQXlwSzFXREFaQ3o2Ni1tRmEwUkhkUS14SllPd0JldmhZbVk2U1ZfTWxaazRkcGtVbnU5Wm5QMXc4S3FHSW8xYXFlYWVobnhrbkR0X1BjVHlxNjRldFdvcHhpWXgyYUoxd09DWHV0b0hEVFUzRXQ?oc=5,"Fri, 10 Oct 2025 07:00:00 GMT",GOLDINVEST.de
2026-05-11 05:57:12,China export restriction battery,"China tightens export controls on battery materials, rare earths and EV tech - CNBC TV18",https://news.google.com/rss/articles/CBMixgFBVV95cUxOQ21DYXIzMndiMlJRRm5GeEI4ZVEzVUI2ekdzczBfcjljNDhZWVM5WlB0SkwzQ0tDR25NY2NxX1NvM3VsazF0dm9HRVZybnZ2WEZyWXhsaUhWeDlqSGcxVDFTMF9UVUNfRzktVFM3d0xEZ2FCb2NMb2pKSXpNYmtVZTV0V1RmeHF4NkdDbUs1eWZRS1ptU0o2Sk9WbWM0Q3UtSE1fZVRkTXZRLVNXcVF4X0N6bW96MGZvOEh6alRidnk4cjFoUUHSAcsBQVVfeXFMTWxsLWg3UDZPTDZBMVBKMjVjSU5vMWlHa2dHN0kyVE9CTW9yRnpray1kQWFoVkJSbFp3M2NUejBJRWlhd0tTc0FXbFFpSDZwRWtLeUNvdERnbGFGOXh4a3FiQXN6NHJIWmpqMVc1cWd0aVIzb3cxbHU1SjNBVU40aXFWWXZjeEV5bERrbHdvdi1aal9ZQXdIS1ZTNk5nb1ZvbXZ3ZHpTYkdiTXJuMGVWN2JMTVZmMUdwLTAyN1BmZmd1NTBwVlpLLUZzcVU?oc=5,"Fri, 10 Oct 2025 07:00:00 GMT",CNBC TV18
2026-05-11 05:57:12,China export restriction battery,Urgent Need to Seek Alternative Supply Chain as China Intensifies Rare Earth Export Controls - Businesskorea,https://news.google.com/rss/articles/CBMidEFVX3lxTE9KX3VnbWhiVDNmUFAyUTZYUWNJYVRqeG92elRiWWNkcWpwNEEtcXd2RXZrbVVlZDRxVTJlb0I0U0NTMVhQMXVTZmVTTHBZUjJ5ZVR5ZFluTGM0TzVHTTc4UjRURVZXYUc1ZVEzbVE3SGtONzNt?oc=5,"Tue, 06 Jan 2026 08:00:00 GMT",Businesskorea
2026-05-11 05:57:12,China export restriction battery,"China controls over 80% of battery materials crucial to US defense equipment, unsettling report reveals - Fox News",https://news.google.com/rss/articles/CBMixwFBVV95cUxPTm9mdlViSWtuaWdVdFFmaXB1dnNJdEVPYVU4N281aFhRQnJOMXpLNGJCdGZ0dm90VkVnSmVWYzhpR3k4RVFMckg5MERVMUIxUS1yeE10SmZ4LUhCNEQ2MGQ3SmgtNHJRcXVqVVYwR25udXU4czVIN2lkMEthTGo3NVAtN05pREFFcHNmanpUR09NYWFvZ2hwZUZieS1ELWthb3BhSXdJRDVZdElQQll6RVZfczA1bGMyQjZMX0tuTGQtTWgySWRF0gHMAUFVX3lxTE9td1I2QkNKeFdTTDV0aEk5dHAzdndRWi13MHRrcm1sMERzRXBaNTBTWGFMQnhiNXNXQk8zSC1VNTRjb0pUY0ZldzBCN3ZEaU4xR0pYZTdIckYzQkF5d1NHM2txWHhCWGJLTW5XWk5zZURxTWFSSWtGcG9Ua0NYOFlGcTFSWDJFSV92a2lIckpZYWMwdms1ZFN2ZmJITEpWblMydmpwbXZqU19TbnNJSkhvTExrb2duV2NJYU11OTJSXzduMFhuTXdrRmNiMg?oc=5,"Wed, 23 Jul 2025 07:00:00 GMT",Fox News
2026-05-11 05:57:12,China export restriction battery,China Adds Electric Vehicle Battery Technologies to Export Restriction List - thedeepdive.ca,https://news.google.com/rss/articles/CBMioAFBVV95cUxObHpPRWRUTjJyeG5DcTlhLVNZYmVISDI4dUxwSy1iM09yRm5MNDB0UDc5ZlREY0hwXzlmSlZld0VkTHVQcWpOdjFvZTNaZkdmOERKZ1VSbDVwUlVOcFlucld4cW5KU2UyWTlQaENNMkZYOUVuR00yN2RZU3J4U0dmblo1R0JFTWNYNk9fWk9fVDVqcTdqTk54UXdzTkt4UlZl?oc=5,"Sun, 20 Jul 2025 07:00:00 GMT",thedeepdive.ca
2026-05-11 05:57:12,China export restriction battery,China dominates global trade of battery minerals - U.S. Energy Information Administration (EIA) (.gov),https://news.google.com/rss/articles/CBMiY0FVX3lxTE9MWmt1dExteGRsOHNuZlpORFlTbmI5TDVmX0tVb0p5QjA3WDkwSkhsYlJQalhXSzNFS3ZLX01aVFBfdU5jYl9sX2VGYTNEM1lwcmhfRkg2SG5GWExyUDh3eC1jbw?oc=5,"Wed, 21 May 2025 07:00:00 GMT",U.S. Energy Information Administration (EIA) (.gov)
2026-05-11 05:57:12,China export restriction battery,MOFCOM Tightens Export Controls on Gallium Extraction and Battery Cathode Material Technologies - Geopolitechs,https://news.google.com/rss/articles/CBMic0FVX3lxTE9MMDd0RGNCNElCSlZaOXNQSTZjSFp6emVYMXpYNmhVcWkwQXozNDhNY2hkc2NFV2xhSFpkejRyVkx3VkZfRmxjWWxtLUJVSUV4NWFQcmRHSFplY0F0c1NHSzdDeEd4alJSVE42TVU4ZEcxekU?oc=5,"Tue, 15 Jul 2025 07:00:00 GMT",Geopolitechs
2026-05-11 05:57:12,China export restriction battery,China tightens export curbs on rare earths and related technologies - Down To Earth,https://news.google.com/rss/articles/CBMiqAFBVV95cUxPeVFYbnZVdkh4dWpRdWNEY2g0S1NldUp2SF9DbXA5aU1tN2Q3ZVk0SFRyanVnVklQYjBxY0JHODNLQVFoTW1tV1N5SXN6NTI0SEJIUkYzdjRZSkZ3V1dQZmNqanBXeEh1eXIyZXZpSEZQWjBrXzlZcWlLb2ZnVzR3c19yeld0WnJRdW1hMFg4QXVCeUVjeFkyUG1VRmJDaXB6bTJEY25ja2TSAbYBQVVfeXFMUEhreUhjeVZYMlI0cDlPRG5XVnJwaTJuQkI3T0NwbTdHRjRZN2cxVkZTcVU0OHpnUXNXVE9CX3RCMVJqTlkyM1hqMWtWU1JhN3FKUkc0c3hEYU52SXRKS0FaVHlXLUNRM05XRXNabFN3YWhvcjNYaExmT3JwZERySkFlMVNyLU1PRGVjNUdlclFOOEttaGdDSm51YXRnNElSVGVjOWhMVktndURUT1Y5Tno1N0pqRFE?oc=5,"Fri, 10 Oct 2025 07:00:00 GMT",Down To Earth
2026-05-11 05:57:12,China export restriction battery,Will China's New Battery Component Export Curbs Hurt India? - Saur Energy,https://news.google.com/rss/articles/CBMisgFBVV95cUxQSVVzeGdsNExKUjR2bktvY2pSUE5VNFZ0RDh4UnJzNHNiamc5U0pWdlZFUmNYOXlWM1dHVDJfcUo3ZFoxZ3dBUXFSMFk5UlFXWnd2aWduN0pkbVRjSDRFcXJTVF8zSEl3Vjd4LURoai1vTGVZaUZMaUc4WldyMEJVM09tbk5mVGhhTlJONGc5TW54dkI1OGxRdFhhdmxmQlBicUpOeHFVbUQ2b2Y5Sy04VlNR?oc=5,"Mon, 13 Oct 2025 07:00:00 GMT",Saur Energy
2026-05-11 05:57:12,China export restriction battery,China’s Battery Material and Equipment Export Contorls – What it Means for India - EVreporter,https://news.google.com/rss/articles/CBMiowFBVV95cUxNQTlOSGVaclBoZWViQk9qeEZLOVZDc1E2WjdEU2I5WmlrV0cyQWNHWTFPek1NaVA5N1loaC1uVVdISFhSNktpNEktQjJ5R1BRazNVUWR5MFJNYUxWY1M2ZnRkcHh6NjUzbDhEV3A1QU5sY1ZIbnNEOFBQN0JicUQ5dGhHcUJ0ZzVURXpmUTZKSWRWa1FHU1FabVBVZWhlWHpjdWhF?oc=5,"Sat, 08 Nov 2025 08:00:00 GMT",EVreporter
2026-05-11 05:57:12,China export restriction battery,China Tightens Grip on EV Battery Tech with New Export Controls - Shanghai Metals Market,https://news.google.com/rss/articles/CBMirAFBVV95cUxOeHlwUkJGMTNReHl6cU0wMV94dEZYdHl3aG0yTmZYTWFtTnlLX2Ywcm9XOF9LZHRzSmhGbzI3YjlnaDduNWRqZWZadjlrcnVZTF9rOVJBM0NjWnJkSmYzUjJPdG5yMzBNZmhDeDZtZjVjcEVQOEkzTHBra1NwOFNPRnltejNodmVzaTlGNEp1Uk1JTWhqYTZXRFZsR2V5NnF2TDlPVU1MYjRvRTRr?oc=5,"Sun, 20 Jul 2025 07:00:00 GMT",Shanghai Metals Market
2026-05-11 05:57:12,China export restriction battery,"China's Battery Dominance Threatens US National Security, Economy - Battery Technology",https://news.google.com/rss/articles/CBMivwFBVV95cUxPNEVfWUIweWxHYmJPU2ZhVGo3eUZyUmpCNy1JZFZSbk5UbzJSSUtfd3ZrdHFaRlZHc2d2aWJFaGY4ekhudVVpazQ3YkdhXzgwQU9NOWZWQ3p0UVppd29KSl94WVJOdm4xU2JUY2syUmFEbEcwMXVTYmdaT1MzR2swWWFSSEVvNVdObzBOdEIzWTR3ZmJMVWRtR1NDSG05Q3Z4V3prRjdQX1d3TlBZM0gxZmxvZmxwRnRSdldjelc1cw?oc=5,"Wed, 23 Jul 2025 07:00:00 GMT",Battery Technology
2026-05-11 05:57:12,China export restriction battery,"China unveils sweeping new export rules on rare earths, batteries - Nikkei Asia",https://news.google.com/rss/articles/CBMisAFBVV95cUxObFByd1Q5UndLX05QTENqNW14TWg2VUdzd2s2WTNJejA0WU1NVThnaUpOZDhMTzEtQVNQcGhibE1idUpQYzBiNzFyZENjVmxJV2NJZ2pFVTc0UlBTX0xYSUF3N2hNQ3FRLVZZa2lTNFhfWlU4NldkRWtsN2lYNFJickZHRkFDR21WOGVIcl9WZ3ktZER2N1pBU1ljZ1VpR2MyUzBhTlVoMFJnVlR1R19LSw?oc=5,"Thu, 09 Oct 2025 07:00:00 GMT",Nikkei Asia
2026-05-11 05:57:12,China export restriction battery,China Imposes New Restrictions on EV Battery Tech to Strengthen Market Control - Yahoo Life UK,https://news.google.com/rss/articles/CBMihgFBVV95cUxNS1JDZ2tEY0g0RFlxczYtSjEzREJNazUzc05Db2pDYUZpVkh6RTBoNnAyRm50c09SYzRyOXJXZG50MmVNeWJWM3J6SEY0bUxScEVNeUkxODlIckJfUl9FejI2OWF3Ry16Wlpzdy1UMk14MkFHOW5ZUEFjYW00a2pNejd0bXV5UQ?oc=5,"Fri, 18 Jul 2025 07:00:00 GMT",Yahoo Life UK
2026-05-11 05:57:12,China export restriction battery,US–China Trade Tensions Heat Up Over Graphite and EV Battery Supply Chains - CarbonCredits.com,https://news.google.com/rss/articles/CBMiowFBVV95cUxOV1BMM1pWS2ptWHdRSXlTdlVaRGNabnVnMHhFaGR4ckJickZxOWhRb3haN3E4WS1CQWtZZ2RlTHd2V1VGWU1LUlhPSkJWajFOUHNhVGpLUXppMjBNTGxlbjFkLU5yYlVjZ2IxUWNFbkpwRmxwdEV3YnZtMmFhRFdtNzZRRXBfX0VaS19pYXBsWEl3NXBLTkJ6eTdVRExSajdsVjNR?oc=5,"Tue, 22 Jul 2025 07:00:00 GMT",CarbonCredits.com
2026-05-11 05:57:12,China export restriction battery,China Tightens Curbs on Export of Lithium-ion Battery Components - Mercomindia.com,https://news.google.com/rss/articles/CBMikgFBVV95cUxPNTBTUDRhR2FlOUVibHk1ZkdMQTY2UDRMZUdxZXZRSHkzMmFRYnNSVmlONUp2emhLWFh6elk2SVVhLVFGSnhENXc0a3FtdWhFLW1VdDlUMThkdGVvdDZwN2k5UUVZa24wNVNyZ24tWnhucGI4aWdXSDdQYXdfTzRGd3EwRkl6NUlYY2x4LTBJVEVNdw?oc=5,"Sun, 19 Oct 2025 23:52:54 GMT",Mercomindia.com
2026-05-11 05:57:12,China export restriction battery,"China Imposes Sweeping Export Control, 0.1% Rule On Global Rare Earths - thedeepdive.ca",https://news.google.com/rss/articles/CBMib0FVX3lxTE1QSkhrUmF0TjdZLVplLWd2dEFkWmVSOHNJVkdXSFQtR09RYnFXVVdlanFjOF9waC01cHhONTUySTBFNC1rbXNXZERCMUFvcktSYVE2UDctZGI0WXlKeUJwVUx6OVhoQ1RIRThHNUpNUQ?oc=5,"Thu, 09 Oct 2025 07:00:00 GMT",thedeepdive.ca
2026-05-11 05:57:12,China export restriction battery,China tightens export curbs on some battery technologies - The Straits Times,https://news.google.com/rss/articles/CBMiogFBVV95cUxOT1ZOdHFCMGNfbU8zcGNydUJqX2FSeUJwUU9CYTFTMEUwR05BeENjblRvY1dMVFR5TFZQeGJkcFZ2YS12YjhQZlZ3YnFCREI5UmJKbHVuMXZVUFo4S3lQM2E4b3VzQ3BzanJuOVNjRW9ubmp5Uk91UHRESFRQZzFqOG5LMmhiX2VBMUFDWkVWdV9KdWkzQUJkTWFFQ3ZrZjJ3N1E?oc=5,"Tue, 15 Jul 2025 13:08:36 GMT",The Straits Times
2026-05-11 05:57:12,China export restriction battery,China’s export restrictions on rare earths causes alarm for automotive industry - ING THINK economic and financial analysis | ING THINK,https://news.google.com/rss/articles/CBMimwFBVV95cUxQSngzQ3VKS24xclJuSGxlTFA2VlQ5ZnNkMlNqZVNiS25OTXJJMGprLW5ydGNjeHB4Q010bXgtUHZ4dDdodEI1YUxod1FfUlZTX2xCRU5lRWRZUGlfYVBBR0hWVUtLaHdiWW9jZ3NlTzhpc0NaXy0tWnVCQTVMbW50YnJiazhpWGk1QUhFbE5nSzJuTF9Dc0c0VUtSaw?oc=5,"Tue, 10 Jun 2025 07:00:00 GMT",ING THINK economic and financial analysis | ING THINK
2026-05-11 05:57:12,China export restriction battery,China revises catalog of technologies subject to export controls - The State Council Information Office,https://news.google.com/rss/articles/CBMifEFVX3lxTE1BdnZSZ3dJQjh5MVBlZm1BRzZkRFZURUtwN3BjTmRlcldjckQ3TUs4a3V2QmJzcVE5Y1BRRU5VcGI0SE1rNC12OWlnOUhBVlUxSW95ZDFGZzczTXA4Wnk2SHo1ZndxdTRPT09haVQ5Mnc2YW5CQWJkT1VBNGs?oc=5,"Wed, 16 Jul 2025 07:00:00 GMT",The State Council Information Office
2026-05-11 05:57:12,China export restriction battery,China's New Export Controls on Lithium-Ion Battery Tech - discoveryalert.com.au,https://news.google.com/rss/articles/CBMihAFBVV95cUxPOU9rbWM0dHJlMXhBTzlNZGFtaXhIcDNKSW9RblBqc1htZUx3ek4wZE9lZFRhTk9FWkhfcV9WUkh1eW9vUWltbmx4US1sYjR3RmxfS0pPUVJyZERJbW9UZTFTd0ptbHV5a3RUSWZaSEZSREdSdU4wQk9SZzV5bms0MnpveEo?oc=5,"Mon, 13 Oct 2025 07:00:00 GMT",discoveryalert.com.au
2026-05-11 05:57:12,China export restriction battery,CATL in the Crossfire: How US Rules Are Rewriting EV Supply Chains - orfonline.org,https://news.google.com/rss/articles/CBMipwFBVV95cUxObTd4NTh5eHVmSm5CNDdERlVDdEdjSGVucHI4VmdBZ2dKY2MxRlo0eTZhWjVuQmxjcVVpRHhBVXJWQ0dDS1VFM1BaWDJnaHF3N3NOTFlWREtlVGZyN0Fhb2NZelFhaGNjbWJTUTMzUUZQaGd5MWxQYUpIckpJYWNJR2pCUWMtSXhaOHdKblFCT2xCV3RwTlUzOTNYZU4wUE1Pa04ycExVSQ?oc=5,"Sat, 04 Oct 2025 07:00:00 GMT",orfonline.org
2026-05-11 05:57:12,China export restriction battery,2 Stocks to Watch as China Imposes Export Controls on Lithium Battery Materials - Equitymaster,https://news.google.com/rss/articles/CBMi4wFBVV95cUxOdWNna3FnZGRpT0RzWm9iX0FDYUJWc1JnRk5fc0xxUE9pcjVCcXBuY0daV1hmVlBpV3FmV1JvWkJFM1YzanprejBqRzF3cE8wNDdsVDE0Nk5kOFNuZDJvb2hySmRSZW9kYXk2MzZLazJwWE1wQjA3OGplOVhTOFVmRUh5MkpVTm9QandxVFpHb3JLbnp2UGpfRGFsYUxkR3B5ekw5bHA2U29wRHNkOXZySlZ6SWo2NzJSWEZBeDQ0bHdGSXpyekM1OVEteXJsZXk4c0tKWlhpV2JsRmR1YW1naVNPdw?oc=5,"Fri, 10 Oct 2025 07:00:00 GMT",Equitymaster
2026-05-11 05:57:12,China export restriction battery,"Exclusive: China expands export controls to 2,000 mineral items - 조선일보",https://news.google.com/rss/articles/CBMiiAFBVV95cUxNTzBKYmw2eUxyV0g4dmRZbExDVHVhNExiaGNibVp4eEFtX0JIRmhFZEM1bk9POXZ3S2FwZ1BTMlRBTXI5ejFVQjI4eE8zemtSTnNRRF8xbVhPMDVTSEw5eVZLTW9iR3o5WEFzam1PVzBnM2NuUmcwQUhDcWE1d0FORFhXRFg2T3I3?oc=5,"Tue, 15 Jul 2025 07:00:00 GMT",조선일보
2026-05-11 05:57:12,China export restriction battery,[Big read] Can ASEAN build its own battery future in a world powered by China? - ThinkChina,https://news.google.com/rss/articles/CBMiowFBVV95cUxQWmJhTmpVaFNxLVBoMUx0aHI2bmFrQ3ZsTHdhVUhpSFFWb0x0eFBzVUtULUVUaXB5RS1VQ0tUTWhPY3ZuNUZtY1pTZmotLWdhdnJ1M0h6eGo4RDZsaTNqbE5UVlNuRzBuaUtheDVNNXBvUUNVemxhZ2J3WVNzWENEZXNRcjNXWEhrZVF1UXYtNWx1OWFpQmhTVENhM3NPamdaTmlr?oc=5,"Wed, 29 Oct 2025 07:00:00 GMT",ThinkChina
2026-05-11 05:57:12,China export restriction battery,China restricts exports of electric vehicle battery technology - IDNFinancials,https://news.google.com/rss/articles/CBMipgFBVV95cUxObFMtcDVzY2pGRkFhYXhqdUtzU0xSX0ZlWVVxWGhycnRNbHZwczlMakxVTkNJT2ZoQ1pxdDloQzlVelc0TlJXdzVZMzJsTDJvSUU5ei1uUEdXMWNISVk1V2Ziemo3M0ctQmtpOW1PNmJpVDhsN0U3UVA2bTBDUXd5LWJTYU5QLUpETE5jQ2RidDZXY3hKVXRIR2NIcVdOWDRwbjJFWWtn?oc=5,"Sun, 20 Jul 2025 07:00:00 GMT",IDNFinancials
2026-05-11 05:57:12,China export restriction battery,"China proposes further export curbs on battery, critical minerals tech - Reuters",https://news.google.com/rss/articles/CBMiswFBVV95cUxQUzh6M1k1XzRXNkJaOVl4SURKVkFFbFhzaElsLVZRRFNGYmkzdjg3OHVLdFV0NmNhWC1feUp2aFFpWEFPMjZPOG5GZU5LNjJNZS1NczJYUTRfNGtHLVh5dWZXWkl6ZEJ1ZjhCNG1zZ2M3X3NTTEFqc0l5WjhySHU0LXdQaDNtNW9jMDZjZ0MxRDBILWtOXzdmVUVXRi1TWUEwbUgyTlY4RUlBRjgxV2FkQjhxUQ?oc=5,"Thu, 02 Jan 2025 08:00:00 GMT",Reuters
2026-05-11 05:57:12,China export restriction battery,China Restricts Export of LFP BESS Technology Now - Saur Energy,https://news.google.com/rss/articles/CBMiuAFBVV95cUxOYnpzVEg2cVE4ZUlMTzY4SGljSTVETmVHN1laYklOYTljQWI2Y1hJeDhIWGxCVVNLMjFMT2pVNXZSd0FoenM0a1dPV253TDdUVXR2RXhNNWE1ZGFRbkVKSUsxWnlUWTVNS29aQ3JXYkszTWthN0lTRXVkSjVQdVVicUtpa2RiT2pTVUctR0JRZE5SNUZ2SzN6bWY1RkRPWXRmd2RCNXVWalU4T2duUG83WVFSOHVPUnVi?oc=5,"Thu, 17 Jul 2025 07:00:00 GMT",Saur Energy
2026-05-11 05:57:12,Suez Canal blockage,“Fjord FSTR” docks in Gibraltar after the Suez Canal blockage - Puente de Mando,https://news.google.com/rss/articles/CBMiggFBVV95cUxPN1E5QnNlQjRMSUwyRU9IZmFVZW1pbGpKOWMydDFsaWFnM3JoWHdtOHRpcl9FWkhoR1Q5XzZxTkZQM2hWMTc3eWFzZk00SldwRGZWZ29xRzlRUmNjdFpjTk5XS3gtcWx0ZXRhX0dQRlg2d1R0bjNDcmd3ZExlaHhaU2xR?oc=5,"Thu, 07 May 2026 18:11:07 GMT",Puente de Mando
2026-05-11 05:57:12,Suez Canal blockage,When the world’s arteries close: From Suez’s 8-year shutdown to the shadow blockade of Hormuz - Gulf News,https://news.google.com/rss/articles/CBMizwFBVV95cUxQN3V4TFFuNFRfOE90NGRiblV3cW5kWkkxWEJraFhLTU1yR0FTZFlsRVNrck80amV5NFJtTUNhNGw2VGNQQlBJemtuU2V1YTNyLXJqaVR3Zm5KOGFja3BRZ2Zhd1o1eFFqQ01fNjN1R2VHVWF3cmhMN0pmUkVld09EWWoxYVFBXzIxamNDWU1vbEEtcFpLY0FJQzZVSHpidEdvTGhRTW5NZ2h1YVpwN0lrNEhGTlN4LWktc2doSzFQN1JITzdJLTAxbjBoempuaVXSAeIBQVVfeXFMTWh2bVZtR3F3dVRTT2F6ZTY3QVZfSFZMVnBZc0FjTzBFLUtydTQ0TWRlbGJOdU9qUVRjVUJTdFJEWEdxZ1hHdmJ0d3YzMjhNMVp3YVBmdkpnX3BEV3hfaEdneWlxeW14bzdHXzJiWllxLUYwMzZQdFktTEFmMU9rZXZSWEFzSmk4aTZIMTFCa25YMTBTM1g3N2NrT1RqNzNHNWtLRXV6Y2ZZYWRDUGNiZ2xucDFSUU5aSS1HLXVLQ3NfUU0zdWxxRE1xakVWVXhsV3RjTkFkUDAtY0R4anFQb2h5QQ?oc=5,"Mon, 30 Mar 2026 07:00:00 GMT",Gulf News
2026-05-11 05:57:12,Suez Canal blockage,The Ever Given and the last time the Suez was blocked - Korea JoongAng Daily,https://news.google.com/rss/articles/CBMizAFBVV95cUxQN1d2OTBBUDBWc1ZQUmhJOE8za1hWZXVvY3VvanV2QjJYazhveFJTN2RlM0N0a0lTTjRzdUxzUmdyUzJEOGtJeUhQOGtFR0U0cmJKTFBRN1JfbXYzNEZWWFV1TFlidk5EUWVDb1RhWTZVVl82WGc0Q0JDN2VpUVNXMzlmZm16Z1VQdkUxdzdVOFZ3V1ZCUzhUOWc3MWZ6SWlZbm4xaUZ5aTRld1h4TjNJeEstWkhuNVBwZTJmRG9fVVp3U2lfN1JKVXVOOEM?oc=5,"Mon, 23 Mar 2026 07:00:00 GMT",Korea JoongAng Daily
2026-05-11 05:57:12,Suez Canal blockage,Hormuz crisis more complex than 2021 Suez Canal blockade – Maritime Experts - Modern Ghana,https://news.google.com/rss/articles/CBMimAFBVV95cUxQY0lxeDYzakRESlNmNm9VOEFJQmdkOHlTZ1FHVUtfeWhtajBhWXBDcl9XVkJMaG9xc2tRdU82ZGZDSGN1S0gxNDBaeUY2bkplUUF2MXlOMjlxRFFXaFFTeWNybzZWUWJud1R0Sm4wU0VtRVhjRFpTVkZtcEIxOGZrVzFlMEhubWREOTFkbDRFaTNKdWtDYXdOMdIBlwFBVV95cUxNYnZYWVpWa0hocHRjbXlnOUJIRGxjRnNWeXptR2Q5UkNyb1l1R0NpWDF0eHNmTFZTWWMyTi1nNkVRSDZrVWpfNUZFbmNsUG9Vb1dZcU9XZHdpQVRRYkoyVVVmdHFxLUFwb2ppTnZmQURnQ3BQUmhuODdabVZJcXFMNlFxeFVhMHp2QjNNTFk4TjB2cjNyTlFv?oc=5,"Sat, 04 Apr 2026 07:00:00 GMT",Modern Ghana
2026-05-11 05:57:12,Suez Canal blockage,Suez Canal blocked after sanctioned tanker carrying Russian oil grounded in key waterway - Upstream Online,https://news.google.com/rss/articles/CBMi4AFBVV95cUxPcEs5cTF5ZEJTN0VmVVFMVUV2d24zR0gxaU00Z19qVTZZMGMwVXQ2Q1Riei1fWjd3MnJOQjBmWkdLb3piTFpRZ1FIeDJ5bGFwbXE3cFh1Z1pSaWdpUnBLRkdjNVhjT3RQRmJIVTdwa193UXFHVzh3Z2NLaEZmb2dta2FlX0VtRExoX2Z4M09DUWJSd1hLbmhLYjZYLThJR3lDSVVwZlV2Y08ySTVHTklhdkhWT0JtTGZRSndsUEZxWU81UnhsOWYybXo2VXFmd2ViTnFEc3NDQl9QS1NfYVhINA?oc=5,"Tue, 28 Oct 2025 07:00:00 GMT",Upstream Online
2026-05-11 05:57:12,Suez Canal blockage,The cost of the Suez Canal blockage - BBC,https://news.google.com/rss/articles/CBMiVEFVX3lxTFBDNVRTdVRIZVZnTWQ3emxCbGFjTmliSGZETFktUmxaaTdST0s2YUNvSXZrMVAzTGpKVGNIelpfTzltRFJUajJXc3NKTGs2VVhsOWtxLQ?oc=5,"Mon, 29 Mar 2021 07:00:00 GMT",BBC
2026-05-11 05:57:12,Suez Canal blockage,"The ship that blocked the Suez Canal may be free, but experts warn the supply chain impact could last months - CNBC",https://news.google.com/rss/articles/CBMipgFBVV95cUxOT1poNkJCVjNnVm5UNmxiZ2QxOUlkNkpSZGdBcEFyWmN3blVBZFFXaG5GckJ5OHVNQTFoT002Rm1YTnNyVURna2ltZ2dIeW04ME03STVzWGs5NVdYYllmTFNoR3dZNEptVFlfUTJmVTY0bTA1TDZLejdwZUJFNXpGRTZBUV9RQ1hTR1dEdWlYQTlSN0otYW4zVnNJUjlTTlRNYkZyRnFB0gGrAUFVX3lxTFBKUkdVcFZmMjlhdnBVTW1yVzA1TmQtN1R2bnBvVzh2bFJ4cjNzWU1WcW9SWk51clhhUFRuRXZVVTNBWTZWb3UyLWNrcVhEREVRMFZHR3pTOE14c2NfTlJvXy1uR0FvTEVZMEN5aHp4aUZuNGpTbkw0b3JNdEp1R1QxcXZjaV9xdnVtMXZzTktkSm0tTWx2QjJ0UTFxbmxjOTNfZEFWMWNzRHI0Yw?oc=5,"Mon, 29 Mar 2021 07:00:00 GMT",CNBC
2026-05-11 05:57:12,Suez Canal blockage,The Blocked Suez Canal Isn't the Only Waterway the World Should Be Worried About - Time Magazine,https://news.google.com/rss/articles/CBMiZ0FVX3lxTE9YRVlfRVd2bEVCMklqR181T3pYMzlXTmxqRG9KNHhYWnlXQTEwZDhDYkFYbExSc3pjb00xYkY4S2hoTGFpRDl4dV9EYUN6MjBGQnlkRkgwY3E1ZWg5YXl6M3FEbGg1eFk?oc=5,"Mon, 29 Mar 2021 07:00:00 GMT",Time Magazine
2026-05-11 05:57:12,Suez Canal blockage,Suez Canal Traffic Backlog Finally Cleared Following The Ever Given Saga - NPR,https://news.google.com/rss/articles/CBMiswFBVV95cUxPSW51UHBsWmIyOHpuR3Y1ZEZlcTJ4OFFOZDdvcGd4ekN0cTdScmFfQTA5NWxtRWFYRG1rd3VoNnFNUWpnZk4ydW8tY2tKb2FiNGF4UjN6QWRoVGFtd01BNjN1dl9WZkNOTXlPMHAwbk52NlRZUXBXaGhGaUV3MjhxNW5tWFR5RWhZNTJ4ckNDNGhSSjZzMUNsQmVHX1FwWVloV1RLTE1DcXNTdTNDSzEzdnZBVQ?oc=5,"Sat, 03 Apr 2021 07:00:00 GMT",NPR
2026-05-11 05:57:12,Suez Canal blockage,Blocked Suez Canal Is Latest Reminder Why Companies Need Crisis Plans - Forbes,https://news.google.com/rss/articles/CBMivwFBVV95cUxNSnRJVExPMDBhbkNmcmlfN1lHQm5LY3dzWHE5MlVmQmJSZU8xbW5UZG0yTV9rRTlYZFZTT0lrdXl2c2xiODVoeVRBaHpCSXFFcW53MFVNWDFfY1dKQU8tdUtsY1FfT3NGVjZWQUdKYUktWU9GMEJpX0tsSE9HdERqX3BnVV9aMmJOQ213eE9ZTDlIS3FWdlYtX3BlZjEwRFI4ajU1TVBMNVhzamh1RFJ4a2F2TkZydk8ySHFkTnJxbw?oc=5,"Sat, 27 Mar 2021 07:00:00 GMT",Forbes
2026-05-11 05:57:12,Suez Canal blockage,A Giant Container Ship Got Stuck in the Suez Canal (Published 2025) - The New York Times,https://news.google.com/rss/articles/CBMiekFVX3lxTFBpSFAtMkNVZVAwWTNodTU4OERoZ1cxa25la1VfLUFuUlEzRXlBd08xMlA1Ty1oRDctZkt0amVPVW0yZWNDcFg5OU5tQkVxNGVoQjk5OUItZWhfbnFSUEVLOEFDeDNUeGJVUEtPUFNUeG1RVGlfanpyRTBR?oc=5,"Wed, 12 Mar 2025 07:00:00 GMT",The New York Times
2026-05-11 05:57:12,Suez Canal blockage,Sharing insights elevates their impact - S&P Global,https://news.google.com/rss/articles/CBMizgFBVV95cUxNN2V2UnZSdGpzaXN0Y0F2UnItTm1FSXMzbmR2NGFGazZPOVpsUjlFVjR0eXBpTnZkUnFCSjhzREF6MU9WQ3BJVWl2QXYtTFpSMTAyV3A0UlpyTHVGRUNxclJLc3NYSnRRT09DdEFpcjczOHdILW1UakZjVGNETVN4TjM0ZnY5TUc0TTdXLWkyYnJGWjdzcVlWbWh2YmoxYm9FNXVJSGZrMEhOT2ctTTdhSXFjRVZITW1aQmJYdDlFR0YxNjlsTFBFMGIxYl9rQQ?oc=5,"Fri, 26 Mar 2021 07:00:00 GMT",S&P Global
2026-05-11 05:57:12,Suez Canal blockage,Business Interruption Lessons the Suez Canal Blockage Taught Us — and How Insurance Policies Need to Evolve as a Result - Risk & Insurance,https://news.google.com/rss/articles/CBMi4AFBVV95cUxQWVRGTE5CTHkySHRpX2F2d1A1V0Z3a3FzWW15Vk9NQWVKZGlkdlZVbFgtMkd5NFBGVkY4Z2Z0bXR5Y3lYM3lDRGNtOUNEb1pPMHMwXzh1dG9VVm05NEs4bFNiWm5ZdUI5NVZZc0JMZE91RkRUUXhEWERnODJNd3dnaV92ZVY1NDhCTThDSWdZYTZqaU1SRnNmX29zQU5KU2xoTHJlaEVSVDE0UlFSZk5JT3RJYzN2QUZyNjZvQVFMUTEyOFNzbUpWUjBoRTdiLUVscW9rWUxFN1dpMmhBUVgzUg?oc=5,"Thu, 03 Jun 2021 07:00:00 GMT",Risk & Insurance
2026-05-11 05:57:12,Suez Canal blockage,Suez Canal mishap puts battered supply chains under more pressure - The Washington Post,https://news.google.com/rss/articles/CBMie0FVX3lxTE1vVEFYb2tlVjVDaE9lVWxjUG9DMDZrdWhpck91dFhYaHdQb2sxT0xNa05lZ3FKREhBcWFCb2pacGZkYzhiNzBvR3EyV2JxTGI5blF3bzNEdVBRY3d4cUx5eEVwUkVvMWY5a196Z0kyT05KVjNiWExyQlJRUQ?oc=5,"Sat, 27 Mar 2021 07:00:00 GMT",The Washington Post
2026-05-11 05:57:12,Suez Canal blockage,Egypt's Suez Canal blocked by huge container ship - BBC,https://news.google.com/rss/articles/CBMiYEFVX3lxTE1vRmRvLUloOHA0RUtGNFFiOTctZFFBU1ZnTktFVlZYbC04VzY0T2F0UWpUa0JtTmRDeEtBWWRqZHNwVGZHQ1lXZUtyUXhFWDFfLVhBNWljZm5TbTZRZWI5aw?oc=5,"Wed, 24 Mar 2021 07:00:00 GMT",BBC
2026-05-11 05:57:12,Suez Canal blockage,Suez Canal blockage is delaying an estimated $400 million an hour in goods - CNBC,https://news.google.com/rss/articles/CBMirwFBVV95cUxNXzB2ZldGeXMxQlBXb0NYSUV2cmJJeS1kbFNScE43SkJLaF9YUktMTkdMWlFlbm9iTHpCSU9zemxJMkZMWlFyZlFMaDM4S3JjNFhUNzZtMl9mNzg0SzBwVUFqU2E3OWljQUhfZ09ibWRjYy1sT3ZmMnZpQ21EbkV2RXhhbFFjSGNHSkgxVUFyX0wwSTEyeGdYQ3p0Q0hpUW44YmlJcXBCcnI1UFV5dUFJ0gG0AUFVX3lxTE1nd1VzMmh0QXFEbGNxYjFEVVhsQnZMSTNBNXZTamZlaDZLYW5iQnR4VlZWeUFXaFF4U0JBZUVaa2RiUlMtSEpwSVowa2d2Tml5VnlXUFJQQkpDRjlDcWdaNHlXS0JyVkg2a1NMTTY4bkpOX0lzU2k3cHJvN0Y0Y2NnTTJPbE5STEtKT2pza29ZUzBvdHBUQWswbFRhZzNsQy1UQ0V6NUtSZGZONER1MkctUDZ2Wg?oc=5,"Thu, 25 Mar 2021 07:00:00 GMT",CNBC
2026-05-11 05:57:12,Suez Canal blockage,Suez Canal blockage could cause problems for the globe: Here's what you need to know - CNBC,https://news.google.com/rss/articles/CBMipAFBVV95cUxOc1lsVTNHcDZOMzY5Qm9lMWNhb3ViYVlYdEJCTUxrMGc5Um0tQ2JmdkJud2thbUxYMFlCSjFYY29EMm01dy1nZlRlUTZlY2lnVjFEQkZPRkRUdWRxbkFBQ3dyOXJyb3dFTEVCSV9NNjJiMTFLWVk1TnVJSjY3LUxUMmhfUEloa1NULVdWR0FuUmV5Zms5RnZhM3k1RThEbnRpdk5QdtIBqgFBVV95cUxQOWFvZF9wU2lDOEJzVnhCaXhuWVlIYUtMcS02aHZVLWUtaS1HSUZGU2EwTnZBS0RaQ0xFSW5vRnp6M0h2MFB1ZFFQMDB5VFFWbnVxdWppMGowZ0NDZmNVa2RRSnJTRXh6Zk5vaTg3VzBrRmtpUzkxV0pJVWNSOU1odjkyNHZwdC1jTHBEM0t3WjJQY0NBUXR0WDBEMVl4Ylc5MXRSMllDT3FhZw?oc=5,"Thu, 25 Mar 2021 07:00:00 GMT",CNBC
2026-05-11 05:57:12,Suez Canal blockage,Suez blockage is holding up $9.6bn of goods a day - BBC,https://news.google.com/rss/articles/CBMiVEFVX3lxTE1oN1MzSGF4bGdCa1ZIcWVWN0t6ODNLRkZtWUtqdXM5M3FUc0pNS2xZV1NMNG56REhQYVdmMWYtX0VNemZwODNxM0dXNkU0RFlBbmxwVA?oc=5,"Fri, 26 Mar 2021 07:00:00 GMT",BBC
2026-05-11 05:57:12,Suez Canal blockage,Suez Canal: How did they move the Ever Given? - BBC,https://news.google.com/rss/articles/CBMiSEFVX3lxTFA5VG9TV2dSQ1lkc0JBYlh4N3E0NVYtMFVXdnBFUE84Vk9yMFFrUl9tZ2Nvc2o0d0pLVVFEaFVnQk5TLS00WnBUTw?oc=5,"Mon, 29 Mar 2021 07:00:00 GMT",BBC
2026-05-11 05:57:12,Suez Canal blockage,Suez Canal blockage halts $9.6bn a day of ship traffic - Al Jazeera,https://news.google.com/rss/articles/CBMipwFBVV95cUxPbVRoLXA4M3VkLVdQOTRJSXc4MHVPN1FZR2hQUF94TjlibU9MaUZRTWU3QlVFYUZDbFB5aXh1dXBvXzRZZHlRbTRqTEdsWmt3UHRQb2VaaVViVVl4c2lZRVN4NDZleVpsQlBSeGxVenZ0SENkZVN5VVlnQ0RxRjk2RmxCdjRCYjloZHlnaHpUaFlOZDc0Z2xSV09xbS1iUk5ScXJkWHRTZ9IBrAFBVV95cUxPRWRGVG5EYWVSQzc2QlRRdGtNbm9SQ2VmOE9IU2lXZFBtM0NiZDFDcXZ6Qy0tbFdRNU54WWVYM2hXYkEydk4zY2JhcmNhZk1xMWZlQTRlZFh2dGtycEhtNGpXaEQxcEhSNUg2U04zd3ZmOE1GQjdFOHhrQ3ZXT09ybFlzLVFjSGFkUlo4aHg5MlBJRlRhVS1xb1NYaWViNkFvdW1TeU0zRzJ5ZXVm?oc=5,"Thu, 25 Mar 2021 07:00:00 GMT",Al Jazeera
2026-05-11 05:57:12,Suez Canal blockage,Ever Given: Ship that blocked Suez Canal sets sail after deal signed - BBC,https://news.google.com/rss/articles/CBMiYEFVX3lxTE9zUndxQ1NDNC1NM2gxNUp1UzcxdG5wT1A2aS01czlQRUdtRkJPejNob01xSXNiR0h2NXpIWEIyQWRMX19MeW5fdF9xcGFnRUpwOHJ2UnVKRThhck9TcDA5NA?oc=5,"Wed, 07 Jul 2021 07:00:00 GMT",BBC
2026-05-11 05:57:12,Suez Canal blockage,The Suez canal ship is not the only thing clogging global trade - Allianz.com,https://news.google.com/rss/articles/CBMiuAFBVV95cUxQMkdScFVfSnFHa3hDVVd3UFQ3bENsYWRkMkppSXR4VzJrSGR2RFVwWXlmcW95VGV0WDl6QUwzYjJVeGljV2xjb0lkbUdPcEFGT0NCeTlEalQ1XzJ6SFMtSFl1THJUekVhcXZ3clBmWlhKd1VLVExqSHlvQTNCMndDQmI2UzFyMHUzeFRxVDlkbW1Nc2V4N0hHTWQzajg5d25falE1S0U1TFZnbERjR3FsakkwamJNbUN2?oc=5,"Fri, 26 Mar 2021 07:00:00 GMT",Allianz.com
2026-05-11 05:57:12,Suez Canal blockage,Suez Canal Blockage Ripples Through Trucking Industry - Transport Topics,https://news.google.com/rss/articles/CBMijgFBVV95cUxOYThYc0dUMTE1MlF0T09iSjBFRzJhdVBmSl9BVko1Tms0bzhBelJJX25lM3VxbUZ3WFJzMXZHRTFzMmRmWG5xMnpFWGlKM1p5TGJ5SEFkbEE0djMycjZjcWUxTzhKQVZKdFpLSDlYZWZndUZZRVoxYjlRaWZuV005STE5dlp6OE9vaXNLQ0p3?oc=5,"Thu, 08 Apr 2021 07:00:00 GMT",Transport Topics
2026-05-11 05:57:12,Suez Canal blockage,"Cargo ship blocking the Suez is partially floated, says Suez Canal Authority - CNBC",https://news.google.com/rss/articles/CBMiogFBVV95cUxOU3ZhTUxzYktCcTc5OFlKM2libHd5aGtDTWxfb3lMdFdDU29fdzI4eWk2bkZGOFdQdTIxRU1TWnREVjhOZ1F4OHNPMVdFc0FKZ1U2NTlXVmh4TEJRajZ0Z0gxVWRReUs1T3I0cDN1SzZUSG14RC0wT19JazJBU1hQa3d6YXh3TXl4aXFvRzMzTGt4TFpNS0JCM204RUdPeDhGb1HSAacBQVVfeXFMUFEzeWRNbEFNZmVwOTlIVFJRVG85RE5uQ0MwOXk1R3FTQVBJZ2RRTUc2YnFjVERPRkppNTRMb0RGaGtOMThwYV8tVG54QkJNUm9YQjY4TjJoM0QxaHF5T2s5ZmNMTzdlVS1TODhtcUx0aUlRQURwdUhhenBtYmxVbWJVZHVDcjJKVENWTkNiRDloTnhWeGpKME5jSmlvWkhyaUFwZ0sxQW8?oc=5,"Sun, 28 Mar 2021 07:00:00 GMT",CNBC
2026-05-11 05:57:12,Suez Canal blockage,Top three take-away lessons from the Suez Canal blockage - The Conversation,https://news.google.com/rss/articles/CBMilgFBVV95cUxOM2ZjbGswSENKZU1SLWFaZDR3VzdUaHRKNktNT1pHUkhsVExyaUZLdE91a0NjQ096R3p6MFp1TTZsSWQ1RGZFUzI0bnhtNV9XSGNTNVR1N1dzTGNaMTNUZVdaLUx0dmNiazRuaHVVTUNzZ19lMGprZXRRUXhwQVFkbUlKeHQydmZ5amtYN2tjdU8yUGJtQ1E?oc=5,"Mon, 29 Mar 2021 07:00:00 GMT",The Conversation
2026-05-11 05:57:12,Suez Canal blockage,"Suez Canal blockage cost shipping company $89 million, study finds - Phys.org",https://news.google.com/rss/articles/CBMie0FVX3lxTE9id3owWmVEdDlza1lyNjJkVGZEblg5M01pT2podk40ZzVrdl9ZYXRYRW5DM2R2dzhxTF9qblRaN2thSEpOcW5JeVZUSjZXVmNvOHN0ZTVIeUg2WUozT1lHcjF0aXY1Y1o5SWVyd3dzdzJSZDBsc1BnWElFWQ?oc=5,"Wed, 22 Jan 2025 08:00:00 GMT",Phys.org
2026-05-11 05:57:12,Suez Canal blockage,Suez Canal blocked by massive container ship Ever Given: Live - Al Jazeera,https://news.google.com/rss/articles/CBMipwFBVV95cUxQR3UxREFwcVJkX0UwaTh1Mnh1c0Q5ZkRPNUswT01PVV9TTGEzalNlU0tzMEE4Y0loTU5nOHdQMTgxakhsV0d1Qnl6ODNaUUFSejk5OUtZV3pYYmtVOTd6WDlKc2hoV2k2ZXBZS0FwVmxVMnM0dE5NM3FYQ1dPM1dJS1JlZDd4aElud05OVzZZVEQ3UnRVWHJFU29TVGM0b2FEMkVnXzdtWdIBrAFBVV95cUxPQTZhbk02TjllQWxuV2tWeUZUa2EwTjlvazVPOTdiSlA2Qk5FZXF4djJDb2lDdVN1OEFKMmRJdllDaGRjbk13cGFsZ0ZjeVpKakR3QjZmdmRZZG10QUhNcER4cnh4NUthUTljZ2MzSHI5eEwwd3g1SjJZMW0tMG1ZaDhxSjhuWFpXdzBEVmpCd25NUTFZWXVRT3JUbUlpVlpCZFR5d0RUNnhOdzNk?oc=5,"Wed, 24 Mar 2021 07:00:00 GMT",Al Jazeera
2026-05-11 05:57:12,Suez Canal blockage,"Suez Canal blockage reportedly costing $400 million an hour, could last 'weeks' - The Week",https://news.google.com/rss/articles/CBMirwFBVV95cUxNQ1ZuNlZyRUx2cG5mVnJvU3RpNl9IekU5ZHItT2pfTFJUVldwYjktMjhiRzI2dFBuUUIwczMwajdMOG4yTFpsaDJTSkN6bl9ibC1iTUhjT251SlJkQnJnSkpyaGc4U3dELVAtcEFiaGVWSzNOdGpIeFBvcjNMOWlHbXY4dWdKd0w3WjJDM1N3cEdZX0VIYnVwWDBkMEdLQ2ZNUWtDejdGZldRZmtDaFFJ?oc=5,"Thu, 25 Mar 2021 07:00:00 GMT",The Week
2026-05-11 05:57:12,Suez Canal blockage,Managing Supply Chains’ Interconnectedness After the Suez Canal Blockage - Institute for Supply Management,https://news.google.com/rss/articles/CBMiqgJBVV95cUxPRVRkejdqV2IyWDVUT1dfQUU3V0RfVzE5UGRiRFoyTmtRaXJDalA0emQ2eG90eXRfX3FoVEx5b2lSTTVvY3BSaHRKa0tnTktmcEpOeU82SDFNejhCM1ZQSXdYckZDXy1ZbHkwQ2xjbHFoc05MaVhKU3BTalIzTWZTeHM5Ry1JTkFMNEo2N2NzUDBlRmhtdkxDOGRVMG1wUnhBVGZfczhmVHBFUnZfTVRBaUh0Si03S3ZqNEJKVGFQbUtwRHI5LTZiOTI4M3pTdlJEQjBvWFNtQk5vaUpJcDFTaHk2cXcwVUQxdDlTcHo4c2pXZURqdjE0N2lTaldFcXdER1JxZS1oU01FcTRtbWpDU29WMGd3VTZhZ243WV9NR2NRQVBFWnV2LTNB?oc=5,"Mon, 05 Apr 2021 07:00:00 GMT",Institute for Supply Management
2026-05-11 05:57:12,Suez Canal blockage,Six Days in Suez: The Inside Story of the Ship That Broke Global Trade - Bloomberg.com,https://news.google.com/rss/articles/CBMiwAFBVV95cUxQaUZnYlUtOUJ1TVh6QXdpZkVneXFtM2xNaVlOQml4OU1wSnd6ZFNGTWlIcUd4SEpvSmdsUjFvLTk0VU1YOUE5dDZLN04wS0VNNEU0dHBueGUxZGpoaUZJMXotSUh2LUJMYmpkTFVldTRUWl90N3lsaV92ZGxON1JqUmhvTDJTM29UNVF5WnhGM1hLbEtCVGs1Q0JlS0dReFlDNVVCekFDY2c0RlQtaGpvdjIyRzdvdzZXLTkzTkp1NEs?oc=5,"Wed, 23 Jun 2021 07:00:00 GMT",Bloomberg.com
2026-05-11 05:57:12,Suez Canal blockage,How One of the World’s Biggest Ships Jammed the Suez Canal (Published 2021) - The New York Times,https://news.google.com/rss/articles/CBMikwFBVV95cUxPQzk1blk0a3VNcmkyUU1BQWplakxiQXVmU3daZXJkZFdRT2E2N2tTMXVmTEpPemJyaFpjVER0UG9XOWNSWnFwWUdwUHZwLW92czc3VENPak94U3F6RWhxMUNsaTRfVDBaeTR5RHhqMkZ5RlR4aW9YcWk3OUxRNEFvQmVQTTNfVjBPRFRSSFZ2U3pYY0k?oc=5,"Mon, 19 Jul 2021 07:00:00 GMT",The New York Times
2026-05-11 05:57:12,Suez Canal blockage,Timeline: How the Suez Canal blockage unfolded across supply chains - Supply Chain Dive,https://news.google.com/rss/articles/CBMiqgFBVV95cUxONHhwdHNZSkJWR2l6Q2t3bUg3aTFUSnRTMUhtQnBwQUxIdnFqaHJ6YTlFSFpBRzdqOF9hQnlmdHVBdENld1haWU5HZVFJejA4RFZQckN1R2RBV2pBZFllLWVTSjM0V0pIU2puZUV3T0p4bEo3LXNrY0EzRFhrZC1ETjNjQzV0Uk05ZmJ6YTh2TXExSW9TenQ5SDZvN3pxQU91anZMQ2EwLUxTQQ?oc=5,"Tue, 06 Jul 2021 07:00:00 GMT",Supply Chain Dive
2026-05-11 05:57:12,Suez Canal blockage,Future-Proofing Supply Chains: Lessons from the Suez Canal Blockage - ARC Group,https://news.google.com/rss/articles/CBMickFVX3lxTE1pV25fU0ZHX3MxU3B1X18yZUdmdTladnlMNEl5RUd2a0lYZ0NiNEFKVkVNMDdBT1FEUExJNjdFREk1d0xMcnJJTldrTElOSzE5NTFqV1dETUxKeG9kRVpwMlF3VDlQX0JrZFphSXlWSC11QQ?oc=5,"Mon, 01 Jul 2024 07:00:00 GMT",ARC Group
2026-05-11 05:57:12,Suez Canal blockage,"With ship now freed, a probe into Suez Canal blockage begins - Fox Business",https://news.google.com/rss/articles/CBMimwFBVV95cUxPRk9uSGZ1RHZzc3RrdmhVQ0N5dnN2ckV6OFNuNjhXTE95WlNHeEM0NnloSzRwSnRRS3FOcVlQdXppWlpETHdvNUxybVFCdTRNTHN6ZWs4Y3BjRzJXLWUtMU1HVFZDV2pkQ0JGYkxoeW5IQU9lbXp3LVAwVEEtWmpmdGdfeFhVa0hrNkN1Skx3Q3dKVjh6VG9sTmlUVdIBoAFBVV95cUxPTmpIQmEybDE4eG9oTVRFa0hlLVEzUVYtdEx5bWJsdVBGUlNMc191bTVEY3JHLVQ3THhzSk1DSVpXQ1B6cDhBM3Yxdl9pbC1nUjBteXVleF8xeTJOS2NaMHd6Y21mTXJTR2FiXzg5REUxU3dxMzBVWG9VcHNOSmpBUEpNNzdtUFFpZzM4TnY1czZEYjF1cElOSlFPLWM1NWt6?oc=5,"Tue, 30 Mar 2021 07:00:00 GMT",Fox Business
2026-05-11 05:57:12,Suez Canal blockage,"The Suez Canal blockage may affect the global supply chain for months, the world's largest shipping company says - Business Insider",https://news.google.com/rss/articles/CBMipAFBVV95cUxQTGh5RmNBMy1nZHUzNlliZXl6dllENWQyTDVYRk5hR1VfbS10b1MyalJuOHI4MFZSNDVLMEhiZDh1bERaY3BzTjJxdEZIM2JmOHR4OXluV3FDVkREWmF3Z0QwVktOTzNwNlNFdjczYUo0amRremxNSE9ndmZPT2s2eVlvUWprc2x6SVpCQlpaZEdOV250OEo4T1VfdEwtbEZOMHdRUQ?oc=5,"Mon, 29 Mar 2021 07:00:00 GMT",Business Insider
2026-05-11 05:57:12,Suez Canal blockage,Massive ship blocking the Suez Canal brings billions of dollars in trade to a standstill - CNBC,https://news.google.com/rss/articles/CBMijwFBVV95cUxOYXpFU3k3STQxMlFtNHpwMmRuR2JfRFpSai1fSTR4Ui1wb1dTX1kzSDRxMEJ6enR1SVB1amE1dVoyTloxa0FtMUlZZ28yWkhGZ2Z4QTY4ZTVBVEJ0aER3MG92dFRSM3NZTmZFd3N1TEpGQU1xQ0NXajBHOVNtN0JhZm9WaENjMW9iZEJWS3FCTdIBlAFBVV95cUxNMjZ1RVpMS3Vwdml0UnZBTlFpVXFBRGJMS1d4MTRrajdXc2JmVGkwWW1RendwcG11VkpRWWlYQVUwTnJhMUQ3QXBOYnVmdG15TDdvaEpWbU9hYmRnUGZsRDZLQkpXS2hMMlcxSi1TcE55dlJMTUthbldsWjJUZDVkYXRtWjF6TXFLcEZHSDZGRXQ5TEph?oc=5,"Thu, 25 Mar 2021 07:00:00 GMT",CNBC
2026-05-11 05:57:12,Suez Canal blockage,How A Long Shutdown Of The Suez Canal Might Have Roiled The Global Economy - NPR,https://news.google.com/rss/articles/CBMitAFBVV95cUxQQ2E5QnRwUHFLZ2tISXJZQ0VzVEZFdzllMG9QbmR0dFhxcHgzOFFFUkpGOVVNSWJuZ2FCZmRvazRDbTZFLTUwcC1LajY3bGk4enBZekZ5dm1SQ21jbHF3eFp1RzVfSnFlUWhEVUlGYW8xaE9qbWJ1U1RtXzBZYVRxMzM0WmtYRVdibU13YkpCVHV5QzJULVN1Q3BUQkI3b0p5elB5cXh1RVBWSWhPdVNEdnVVWVg?oc=5,"Fri, 26 Mar 2021 07:00:00 GMT",NPR
2026-05-11 05:57:12,Suez Canal blockage,Suez Canal traffic jam caused by stuck ship Ever Given 'cleared' - BBC,https://news.google.com/rss/articles/CBMiYEFVX3lxTE5LeGJSOGx4ZmZuWHZ3dE9hNTdKVnc2Rmx4T29KN1ZPMERFMDlrRndwbmpGZnJ5VzR6SXNVRkpZMEJic3NGeVJORDZyaVBjQjN1bWNxTGstQjZlOS00OVFuVA?oc=5,"Sat, 03 Apr 2021 07:00:00 GMT",BBC
2026-05-11 05:57:12,Suez Canal blockage,What to Know About the Suez Canal and the Cargo Ship That Was Stuck There (Published 2021) - The New York Times,https://news.google.com/rss/articles/CBMiigFBVV95cUxNMElmT2ZHcGEybm9LT3FtUzJWTk10RTlveC1PeVNVOVVCa3ZxRml2RGx2c0xSR2h0Q0Z3clZvaVNNN0JMZTNiTzBGdjEzd1V4STFadHg5MmZlRHhfUzVDd1g5ZHF1c25HVWE1eFNNdXJ2SzA4OUMxV1pLV1Q0Y2JrNWdxTUtBeEtjRFE?oc=5,"Thu, 25 Mar 2021 07:00:00 GMT",The New York Times
2026-05-11 05:57:12,Suez Canal blockage,"It could take weeks to dislodge the ship stuck in the Suez Canal, straining a vital supply chain route - Business Insider",https://news.google.com/rss/articles/CBMioAFBVV95cUxNN0Z3M3h5TjFtMzlpanFwUFhNRmpfWkRsMnRERV9LdEZwVC1wX2Z2SU04aDFYaE8weG05OVB3NDBET3ItWGJaYjhjQ0VuUkVKWGRFNGREMFdmMXlCM2RaV09HenJfTHVZYjY4SzV6RnFxR2Npc3pySDRQc1RwTmlOZy02SHBYMkltWVhISWQ0RW1sZFBjdjNTUkJtUWNHVWs0?oc=5,"Thu, 25 Mar 2021 07:00:00 GMT",Business Insider
2026-05-11 05:57:12,Suez Canal blockage,Another attempt to clear ship blocking Suez Canal fails as economic impact mounts - CNBC,https://news.google.com/rss/articles/CBMipgFBVV95cUxQb1lRVVdVVHBRWVZOd253aVlqSVAtRk04RFV0aGhTSVpQUi0zOHJMTVBDQW9hOUt4QWpYek9lS2hZYWoxNHRpRk02M3doVUZsajJsZkN3WWdMSEo1WmZxTFUxX2ZKemVpbmNaMkFMVGNReEdvZjNGT1htS1RMbEZ0dW1KbFgwblRvNlVEaWNpOE5EVjdrMGMyNlRjaDg3WEdPNnNoZTNR0gGrAUFVX3lxTE9QazRoQ2p5UmQ1VGFBNEV4M2Z1dEUwa2RaekVaTTgtaUc5MnBnc2lHcHRSLTdXd2M0QldpbnVBS3VjcjZnQmpHYXRHTllhSDQ3amplbUJZRFA2aVVEcS16LTVwSEFRMEJ6NzdHazc0N005TFdwQUxJQUY5ZEo2SEhwWFNiRHI0RHpDVmh4a1Z4OXRuTlVPTUE1d2QxaDN2T0JjcEZqNWFET2M4MA?oc=5,"Fri, 26 Mar 2021 07:00:00 GMT",CNBC
2026-05-11 05:57:12,Suez Canal blockage,History professor a go-to expert for global media after Suez Canal blockage - Campbell University News,https://news.google.com/rss/articles/CBMisAFBVV95cUxNZUJaczVXSTZ4UHdabUxLZXZsZ3EteWpLenNFUWhDNTRGWmU4b2dfMzlHTndyQjNRSkV6MHA5U2NWSF9kUGI2UmVhTWtQcXQwM1BMNTZ2RU1YUzBQMEN1Q2dFejU4YUZiN0RDWmdUNWpEM1FhSE9UMHdiMTR5WUtNOEloLTM4WVdpcDFlQ0hQMHhzY0RlZFl4WTUtclZ3RTVMNEkzTmlSYlJ0YnlqUjR6SQ?oc=5,"Fri, 02 Apr 2021 07:00:00 GMT",Campbell University News
2026-05-11 05:57:12,Suez Canal blockage,"How Suez Canal blockage will influence energy prices, supply chain - Fox Business",https://news.google.com/rss/articles/CBMiowFBVV95cUxQMlBqcFNSUVdtY0thRkFvSlQ5Y0liTU9XVEhSOVV4NXkyclcwNXZlM3RJcGp6Ulk3bVVqSlNzdjZwTXZKTUNzZ2pwYnlhRFNfTWZiTC13NllIMnREd2p5Rm52RlcwSlRJcXBGWndCSEo1M2MxTFhsUl9BcURXYWNuRjVGY2E0c3B1NGZEWlBrOEMzYzllaGZScVRUOHY5WVFkbjU40gGoAUFVX3lxTE8wZzR1dWxzMElRRGtRa0ltNThhbDk5NzBfSHJ6Z2NFanlUajBDWkd6ZThlQ2dnM2w0cjhKT3RKdG1KcXk4V2JMN0VvMVNTOGNCYkcwUDJDMk1MTVdsWjZmWjFTMjhZYzVlZGo5TmN0NmhjTnJ3MkZkZDNfY001eGxHbDZqSEJLc1VnODNZSUVyb1pUbERXdGY4Nmwxc0ZiQmRNeG5vQi1zUA?oc=5,"Thu, 25 Mar 2021 07:00:00 GMT",Fox Business
2026-05-11 05:57:12,Suez Canal blockage,Suez Canal crisis: Here are the cargoes in the crossfire - FreightWaves,https://news.google.com/rss/articles/CBMikwFBVV95cUxOM0hIYUJMV2hnb2lKd3pwbFNQRUpXTlc1bHVDQzJiS0lwR3BmMGViTjktbDBwRXRSWlQxeUVHLUdIZU9DWmlJYmhCMVAwNWc4UHlqLURndUlKMnpmaUxlQWptWF9qQkUwNEdpSXRfaWRVUFI2a0o4WndnWUtVeGNkcDZMOWxkNHlXU1B1RkVuc1RUdzg?oc=5,"Fri, 26 Mar 2021 07:00:00 GMT",FreightWaves
2026-05-11 05:57:12,Suez Canal blockage,"With ship now freed, investigation into Suez Canal blockage begins - Los Angeles Times",https://news.google.com/rss/articles/CBMirwFBVV95cUxONEJLcjJKb3JVV1dCSVdQcmZ6dkwtVzRPREwxeVRYQnJFNkhfSWVDVHZtdlVRS2NibkhLa0daVkVSTmNvdE1BMF93eF9lYk5uQXJSVEVUNW5lRXpqcG1fZ3U0RHNVMUFzUGdhSDc5MEliQ09XVVdjQy1KUGRDeFpDbTd6ZDZPVjEySzFwcGNtRlY2QlUtbHNvQ01qVm02NVU3OVFlVGNUM1NVOVg0UHVV?oc=5,"Tue, 30 Mar 2021 07:00:00 GMT",Los Angeles Times
2026-05-11 05:57:12,Suez Canal blockage,Ever Given and the Suez Canal: A list of affected ships and what delays mean for shippers - Supply Chain Dive,https://news.google.com/rss/articles/CBMioAFBVV95cUxNSE1ONlg5dzRPYWxzblhRSnFBNFBOdkE2VjIySFFULXNpWnNPaUotQXNMVGVzZnFUTm1GNWZsdHBlZmYwZzY4NnA3LWdwbUJJakQ1WDRoQ25hSFFzRF9zRkgweVF2TE9pd3ZLN1ZFenpfM0EwVHpLWjB0NXRVYV9vb29VN3lPWU1ENnVvcjJmTXVWcndmRzFNVEYxMmdYNXRE?oc=5,"Thu, 25 Mar 2021 07:00:00 GMT",Supply Chain Dive
2026-05-11 05:57:12,Suez Canal blockage,"The canal is open again, but Suez saga could have lasting effects - NBC News",https://news.google.com/rss/articles/CBMiogFBVV95cUxQamw4elBmZ2tacEZfWlo0ZUxORExEMVp2UkZnNFRsRkFJWUZMWWRwNC11cFJsQ2lPZjZ1Zm1jMEJ5X2JXZUpvVmtURkVOMjhRYlRwZkZQeTZ6dlNvdDhmbWJ1Yk5KNjd4blhyeldOcjJKNUxKd3lwOURNajNFVkJkUjNqRnlETXhfWUZub3JBVmxCN21SbjM4NFRMaFc4VGN5MFE?oc=5,"Tue, 30 Mar 2021 07:00:00 GMT",NBC News
2026-05-11 05:57:12,Suez Canal blockage,"Suez Canal blockage: how cargo ships like Ever Given became so huge, and why they’re causing problems - The Conversation",https://news.google.com/rss/articles/CBMizgFBVV95cUxPMlFqSU5pUnlWbDMxaTVFZThLZU1FWlZYVUNscnBVelJEMnB1TGdJTDdrVU1VelZjVHVpbURaRnlFV0gzUVB6MjAwWVpyS3hjS2FPVGIwWVpqeFdBZnRIdjBRTktIWkstZk5XeVhITnVuOVpJTXEtbWtCOWc5WHRnVlJITS1rY3gtclVVeE1nSlJabHFxVXR5UkNDbzVTYnhfSVhWWHdFSFRPMEZHOVY3eFVnaVJ6VTlpRjFoOTMydTZtV0Q4UXo4UVhuOUhxUQ?oc=5,"Thu, 01 Apr 2021 07:00:00 GMT",The Conversation
2026-05-11 05:57:12,Suez Canal blockage,"'Anything you see in the stores' could be affected by Canal logjam, shipping experts say - NBC News",https://news.google.com/rss/articles/CBMiugFBVV95cUxPbVhTYVZvYTdkM1Qzc3kyX29OY3pRbElyNzh3TjFuSmVmckUxcXgwNzlYRUNPSUtoaERKakNqM1pEQ0VpYk52Z0VEdU5kd1kxN29ieG9zeDliVk1xVl8ydmFTUy1YX0tybHNxX0kwNG5qUzJGUERzSXMyNnU0LV9BWFpfQko5YlZabnZKOTFRRHdyd0ptR1BJR0h4dDJhTHlLREpkT1JqYTNjcHVBbWFQU0ZwaVg3ZXlJQ0E?oc=5,"Wed, 24 Mar 2021 07:00:00 GMT",NBC News
2026-05-11 05:57:12,Suez Canal blockage,Impact Of Suez Canal Crisis On Companies Around The World Could Last Weeks - Forbes,https://news.google.com/rss/articles/CBMixgFBVV95cUxNaEtDQXktNk5BSEhTOGVkVmQ5eUZoQXMwUGhoQV9VUnNCdmkwWU1pazdZaGFJTGdyZkJaRjUzekpCVXVhYXlHOExZOFhiZzFOQUdHYUhWcGtUcHJvWDRQMXF6NU9yQXRuNXhoN2F3TzVnN05aT25LSkVRcEp2dmF4cUNZaEQtV2I1NTl6MjlhSk1zWVlXN0RuVlFPQ1c4QVlWVmRmV19jUnBOMkxtSGtmUU5sRGhwMDdWbzVjb2NXQ0JJS2J2OXc?oc=5,"Wed, 31 Mar 2021 07:00:00 GMT",Forbes
2026-05-11 05:57:12,Suez Canal blockage,"Ship stuck in Suez Canal ""successfully refloated,"" Egyptian officials say - CBS News",https://news.google.com/rss/articles/CBMiekFVX3lxTE1VN3VqbExfNVYzMTJvV2NVc2I3b3pfWnhISlU1RkhWS1IzVEhPWVdiVGptNHo2ZVBXNHNFQWxwOFQ5U1FRY05nbm5IdmM1TVdfQTBwd0hJWFByQmNiWEt6aE5BaHZrWlB1Y0o2OXFJMVdXUzFEbzA3emZB0gF_QVVfeXFMUFlfMnR4U0I4cnRfR1d6dWFZUVdjd3B0YUFUYW9kUm9jVXFvVnZBSVoxeXF1ckF4NVZ1SVFMUkpCam5hMG9Bdjd1a1dwWW5UbHYtRWJTNUZwOHV6UTE0bC0xejA1cjV0WHRuc3dUM21mQkVXMFdmdVpnZnBwLXZFRQ?oc=5,"Mon, 29 Mar 2021 07:00:00 GMT",CBS News
2026-05-11 05:57:12,Suez Canal blockage,Suez Canal blockage adds strain to global supply chains - Reuters,https://news.google.com/rss/articles/CBMivAFBVV95cUxQMnZ0RDYyd1prX1ZJWlh5X2tLbEctdlFSWkI1VDBvQTgwaEFfbW5NZ2plVnhSU3FLd3diM2pwZ1ZrV0dCS0JxVkowaWtlbk5rSUhlTGVGYTgzbUJPQlJSSW9CQTEzNTBpOEJ0NGVyQXdzUlUya2M5NFlpUmxvcnVTNExTQ1RHWnNZOW9kMnF4SEVMSlpzczFzS2Zlc2kwS2xKNDZfY2lTcVhGSzBxUGFHOHh0S2poWllqelloVQ?oc=5,"Fri, 26 Mar 2021 07:00:00 GMT",Reuters
2026-05-11 05:57:12,Suez Canal blockage,Suez Canal Blocked After Giant Container Ship Gets Stuck (Published 2021) - The New York Times,https://news.google.com/rss/articles/CBMihwFBVV95cUxQODFXSnQyRDg3NjZHaWxUQWZNbVpfY3BQUUVmNWFoam1xWHhxLVJxXzVkRUFLU1QwSjVpOGM3d1poX2lIc2FXd3FBSUR0RUJwLUZkOVBUOHdNc1Y3NkZYZF82WXZER1VBM2Zyb29WQmxsUmVzbGRKLS03UVROZ2ZiS2hRYmU5bUk?oc=5,"Sat, 17 Jul 2021 07:00:00 GMT",The New York Times
2026-05-11 05:57:12,Suez Canal blockage,How a container ship blocked the Suez canal – visual guide - The Guardian,https://news.google.com/rss/articles/CBMipAFBVV95cUxPaWVmSjZCQTRMNzNDZXUxWTVsU1pUZHlHVVduWnplUW1YZ3FKVmJ4eHZKOFVkSXJKbEdfTHhaNGxWWEktb0t4empDb0NoX203N0gxdjUxbl9NWk0yQmJ0bUt1dU94cDRqd0E4cXFaTEdWa1VxeE1tYUg0VlFoUkR5MlQ4cVpZWGtJMk9ocEJMMXBjMEhOOUZBR2RiWEpFRFZoN3F6Wg?oc=5,"Wed, 24 Mar 2021 07:00:00 GMT",The Guardian
2026-05-11 05:57:12,Suez Canal blockage,"Ikea furniture, tea and French oak: goods held up by Suez canal blockage - The Guardian",https://news.google.com/rss/articles/CBMitwFBVV95cUxPWEpVYWt0M2VBQVhrWjRiZVVrWnZ4bU5ET05JeHJ0T2Z0R085R2RYN0M3Z2hydlh2NWF5Y1EtdzJsY2hxZG9Oamp1VmpKNGFXQ2pKTE9jaDlvYjJvM2thYm5uLTBvTzdJTnJTdWdYbWFaR0FtWmd2cXcxNE5nSWQwOGs3OGxGbXo0MTdjX2lrQXl1Vml6QlJQOFdtS294YzRUV3Bfd3ZseExHZGxDN1liNllxaUFxRzQ?oc=5,"Sun, 28 Mar 2021 07:00:00 GMT",The Guardian
2026-05-11 05:57:12,Suez Canal blockage,Factbox: Suez Canal blockage sends ripples through global commodity markets - S&P Global,https://news.google.com/rss/articles/CBMi3AFBVV95cUxNYnBFRDR2T0taYkFuXzNCOW9Uak93bzQ4aTZnUjhMVnJXcV9za08zdUh6X0VBYUphSVE5X2pjWG9mMVdyMjRXUlgwSU41dFdheWpvM1ZMUGNCT2hzdXFaeVB0QTNVNU1JSjl6WGE4b2prUXdtZC1vNmI5OXgxX1NEU3NfenhHNnpRcGxDWTFEY1VKREdCSk82c1VqNEJYUG5oY1Fsb0xSTG9GMHpFcE50ZU1PMGoyQTM2dFc2aU1UMXAwLXNyZXlLU19rZVA0RV9lVVhMSzlGZjVHWVpS?oc=5,"Wed, 24 Mar 2021 07:00:00 GMT",S&P Global
2026-05-11 05:57:12,Suez Canal blockage,Suez canal blockage: tell us your ideas for how the Ever Given can be refloated - The Guardian,https://news.google.com/rss/articles/CBMirgFBVV95cUxPak5xWGJ1QlREV0xrUDl1ajFuemN0dkRobGpZSVdhX1FtbEY5VTBCRnF6eUdOSGJETTBUakJObExseXJsZGZSZDV6V3FDeEJxZ0RvY2pPc2RmeU9HSElZWXNZOWNtQ2hQaUdXemk2QXFXdDZPSzJ6Y1c1QnNxeGZXSXdFSWt5dkpuekxPQkYtRERRcUtxUGJhV2NEN1NBVHY5QTVod2VzWFZvb2E1RUE?oc=5,"Fri, 26 Mar 2021 07:00:00 GMT",The Guardian
2026-05-11 05:57:12,Suez Canal blockage,How the Suez canal blockage can seriously dent world trade - The Guardian,https://news.google.com/rss/articles/CBMiqwFBVV95cUxQX1VSUUpqUGdkcUR1d2FCalhfYnRfNTRBUVJmOXJHcTc5cWtnSHA0bG9Xc2ZYcVdVajhsbm1YVElNYzdWakc0MG1Cb3p5R2VONGRHMFp1RDg5SU5qQ1FfTzh6eGQ4UERtWWFyLU0yWVBjTzFKUTEwQWhNTHRZcXJ3bkZpWWNDUnFlU2JBLXZhRURFSWUyVXc3cDRtS0ItUlA1WVF6QVl6alFUQ3M?oc=5,"Fri, 26 Mar 2021 07:00:00 GMT",The Guardian
2026-05-11 05:57:12,Suez Canal blockage,Satellite imagery shows work underway to free ship Ever Given in the Suez Canal - CNBC,https://news.google.com/rss/articles/CBMiqgFBVV95cUxNdWN1OTVFMVcwYlJnYWtUVVo5LWR0ZXY5LXJyd3FFOHR5YlhxMTFlQnI3eUV2cmRFdVdJNC02SjFxVnY5TzNoanhqQ2Q5Rk5iUkZtbFVFUDdWZy1UWUhuUFZSVVN0X3BVSEE1Q2NGTFhYQXhVZ0VodTFIbW9rckVrYUQ1ZDVZZ3JtQmFGSFl2Rm1pUUhPU0J4MUlVcTJUSnNCRHBnaDhLdFU4d9IBrwFBVV95cUxPeHdhZjJaeUlxNG5LU0NhazFjMVl5UVZuNkdBU2VQN255QnMyc3pnTGJUb0pJVFlQMmNhTENtV0xPSkloZXlrTHJjS2JwUFVRRG1USkxkSWJ3WUxCNVJwbXd0cVZZNDF4bUJlUm1UUTF3a0tJN1BUTFA0d0pNXzMtdTBFY3prNHJ1TjAtQVFhcGMwNExFcG9RaVV1R2ZRSU9tWmhtbkVsRkF4TEt5R3g0?oc=5,"Fri, 26 Mar 2021 07:00:00 GMT",CNBC
2026-05-11 05:57:12,Suez Canal blockage,Suez Canal blockage – lessons to be learned | AGCS - Allianz Commercial,https://news.google.com/rss/articles/CBMiowFBVV95cUxPMll2V1JBWDJMNVc3MkpwZEVQZ1ZJN0Z4cGFRd3U5UTFGSi1hYk5xV1B4cTVYaVkxUWxhQlRYREJnNkYwWEtRZHl2dENseVdDcHQ1STVXLVdYd3RGU0hoZW9RYTRHSExGUDRVekVpZjZ2clU1YUZYblltSUd6Wi1IZGNmUEZsSHVtYjhUS1hpQXZZU194VlNlVzlPWWJKV2lzdUFv?oc=5,"Wed, 31 Mar 2021 07:00:00 GMT",Allianz Commercial
2026-05-11 05:57:12,Suez Canal blockage,"After Pandemic And Suez Canal Blockage, American Businesses Will Likely ‘Rethink’ Their Supply Chains - Texas Standard",https://news.google.com/rss/articles/CBMi0wFBVV95cUxPTXNsMmZNdmhnUl9ZeVlKeFE1UV9paE5fN3Z1dFRWUG04dGloU2FCcVBCckg3cVlpRThjS19ndWYzZlJNcHlKU1pvaUZyWE1OWW1SeEZpMzlEVUl2azdRRE5EeTB4Q3gyMS1TY3NCOVgtVmhCUkRuUnhTVi1Bb0FLWGlnM0dMbWNyS1JCVFpFRHBwQk9sdVV5aGl4cnRUdmRyRm92Sy1udGUzMFQ5RzBuQTRQMUNRY3JoYUJzTDFDVWhXby1ockowUXRPRTg4aXljQ1Vv?oc=5,"Wed, 31 Mar 2021 07:00:00 GMT",Texas Standard
2026-05-11 05:57:12,Suez Canal blockage,What the 2021 Suez Canal Blockage Reveals About the History and Politics of Global Shipping - Common Dreams,https://news.google.com/rss/articles/CBMixAFBVV95cUxNRkpDVG0yaXFXaFFWTVkxbW55Yk1mSjdtaWhkMXdkVDFWWjFJNnkwV3VkNFBzc1ZTSEVEUXdVdHNvbGQxcG0tWWdFY2owR0VUM0w2R2o0aXlBZ3p4Vk8xX0tUSjFpaDdUUlZCN2piNU0yWE1fZE9RelNKdXJmdUYzdzF6MElpTFMxU2VQeDk0RGp6eDFfd2lQVzc0Z1ZhdVFwVVpHSmhGRHp5eDBqNG5iMm9lLVQ5VVp1Y2xIYmdURjdtb2hG?oc=5,"Sat, 27 Mar 2021 07:00:00 GMT",Common Dreams
2026-05-11 05:57:12,Suez Canal blockage,In pictures: Container ship blocking the Suez Canal finally on the move - BBC,https://news.google.com/rss/articles/CBMiYEFVX3lxTFAtVk5LVEZsTGNYbXdGUEFBR056V00xOXk5RkJjSmRyampVcXhySGEtdHdGVEhxYjBVRk9TMmNTN0hTNmZDTnBlQ3VPYUxuMzNKcFFqLUthaGxmSEotbUdsSQ?oc=5,"Mon, 29 Mar 2021 07:00:00 GMT",BBC
2026-05-11 05:57:12,Suez Canal blockage,"Suez Canal blockage could impact prices, shipping on range of products - NBC News",https://news.google.com/rss/articles/CBMitwFBVV95cUxPcUoyVFNkWkVkSjRnWXRyUV9MbDVXODFydmVmQzI2WnhzSzh2NEQwdEpCMXpfMF9BaS1uZzk4WkFCOXhJajhYbWM5VXFLcFVDcTg4WmgxMW5jbmF0X2gxVldISTBobUZtVUVfTmNBUzY4MmhlM3B5b0QwVU54QUlDaVNzN1AzdjRuc1JIVlU5bVR2ZFhpMmNSQUxmQnkzXzdyTkpnVURNODJ4akloR05sVkp5S0RJU1E?oc=5,"Fri, 26 Mar 2021 07:00:00 GMT",NBC News
2026-05-11 05:57:12,Suez Canal blockage,Suez Canal blockage – marine insurance claims | AGCS - Allianz Commercial,https://news.google.com/rss/articles/CBMirgFBVV95cUxNQ3Z3d052QlhOSUV0TGplWmEzY09hQ2ZGY3B3eTVGb1hKSmNxaWd6VHVZaWYzaUVnazljdXZTLWFCaVNwSnNCQjljTUpaQVM2b2FFQWFaMEs5RGlHdHBLUDFxQ3F0cXlkRkJLT1pPUG1qdDRiM3BqeXowMEExSWh4eGtWUmNLZVFEZGRfYXp5LVFuMmNXdkExcUhLWENveDNSRXE3RU9RRzBqby0yNkE?oc=5,"Mon, 29 Mar 2021 07:00:00 GMT",Allianz Commercial
2026-05-11 05:57:12,Suez Canal blockage,The Suez Canal has a contentious history and has been blocked and closed several times since opening - Business Insider,https://news.google.com/rss/articles/CBMiogFBVV95cUxPMEpRX3ZQR21yTnlKU2hzR2U3SE1ObVprYTFLc0F1YmJtUFh4dU91bEtTeEhzVGFvbUVXV2V1MnIwZjBBczc1OWxuZVoyRVBmRk5rSDl1dHpVVTN2NXVqOFJxSWtXUFVoVjFfRWs1SElibXd5T3JuMFRDZXV1S2hJSEZpcnhMMjZwU0wydmZ1WENYcldfbHVFMlJadzNUUkNTOGc?oc=5,"Sun, 28 Mar 2021 07:00:00 GMT",Business Insider
2026-05-11 05:57:12,Suez Canal blockage,Investigation under way into Suez Canal blockage - Al Jazeera,https://news.google.com/rss/articles/CBMiqgFBVV95cUxPTmsyYnFOam9ocW1CVGdTRURpdElSbWQtRHhIUFNjT0FEUVFsZE5uYU5Ob2tnaXdOMlNIczBfejk0UTRsUXZycXFVOGhIZnFraF9ITlJxVFBxUG0tQjdCWnhOSDVVVnRhdjBRYUd0ckJVUldTZE9CYVBteW52bXh4VjJLVVZrX1hyRW85ckJ2ellBNExZMVVYX3lqZUNxWExiVmZiUGR0UXhiZ9IBrwFBVV95cUxPSkVTSFc1TlQyUXRQRWtUQlJVMkthc1hFOXprNkkwNVUtY3ZmU2tnR0luelRNWGtHVFZDZExMRWpUSFhxWmxfS2R0NWhpRGg5cTh4eG9TeVNUdjdfYXk4RkNYRGdhdi1SVXQ3THlEaGRkZE9DT2NCdWs1TEtpQ0w4NllQTlVVc0FIT1ZudWR4SVoyV0MycE02ZTY3Z2M2bTlJblNjbUNpa1JNdWJhMjdn?oc=5,"Tue, 30 Mar 2021 07:00:00 GMT",Al Jazeera
2026-05-11 05:57:12,Suez Canal blockage,Suez Canal: One of the biggest trade chokepoints - DW.com,https://news.google.com/rss/articles/CBMikAFBVV95cUxPU2Q3dnRxbXduVUJsNG9Ga3pKZThrQmVVUDNpMFpPa2dWSHlldUlZSlBGNTBnTHlFVzBMYTUzWUVXSmVwazBWaHdUR1dha19mZDhpMlVvZFRSeTV0eTB6UVFYX3pDWWIxVFlBa01QZHdNR21ORXNsRndudjBhaUd0UUd4T0VWNEo1bXBIQ09CSnnSAZABQVVfeXFMT05fN21RQXl1TVFRQzk0eUNhdVVFcFdKRE9TRkNPbDI3S2RvMVUtSUEtS1pMbXJRbjgxZFhZemFaSEpYSUNZbXhqa3ByOGdOWHJ1S0lWQlpZLWl2TWJ0Z2p2S2Nub3RVOGtWd3VsYTBpQ0gtNkQ0el9vcFplbmNDRlNYMTJuS2hmRHFxMHBaRmlf?oc=5,"Sat, 27 Mar 2021 07:00:00 GMT",DW.com
2026-05-11 05:57:12,Suez Canal blockage,Cargo ship runs aground in Suez Canal but traffic not impacted - EL PAÍS English,https://news.google.com/rss/articles/CBMiuwFBVV95cUxQY1NBWTZneGZJQS12SWFFZ2ZjMzVybnRWZkZuRDViUW9RZTA2eE9IMFVwYkZpdGplbmVjQVExdzAyZnl2SnZLd2R0ZW1EXzFwTmJKQkpoNG94Y25MZHRfMmJmRTZHWXRzLWhrNE5tLXNxWEdBd1ZrZFkxaGp4MmV0bVE2THpSV3l0MGw2U2VRNVVEVjhiWnprNXJmckx1TTJselo3TGZlc0xfVkpMeC1RSWdoQnNHS0YtaVo40gHPAUFVX3lxTFB4SlVRVld5dmpURmx5c3pRYmxzaEgyaTRETm5vUnZCTjRxOEFBVDRIMGZNQmlYN3BlYXJweWxLTDdpSUFWSkFBSmI3SGdGTFp6cVZzMXNfWVU3WlZnblpETmlYS3c4aEs4Zy1KcjBjOVBBUExiRVFhNThsR2xSajVDeWxWSkh0NlFiMWpXbk53b084d29mczF1cktpdkhjUWEtVTMzSnJ3cFY5QW1sMU5BVGVzTVd5ZUdycUFBN0RHZFJZSVVRbFJ2UUtYX3VLZw?oc=5,"Sun, 05 Mar 2023 08:00:00 GMT",EL PAÍS English
2026-05-11 05:57:12,Suez Canal blockage,Suez Canal remains blocked despite efforts to refloat grounded Ever Given - Lloyd's List,https://news.google.com/rss/articles/CBMirwFBVV95cUxPYlowNktpWVpoMWNhamduTTZwb0UzUUprRng2RmlQczhWMm84d0h1QTFSbnpOcTNveGJDOF9iM3YxbnZMbTVkTGt6dlowTFZtQUpCZzlYUmpiWklRSnNqZVJXdXNVV3dibGlaZEhhNXRtYmt5bW5oQzZWQXVmRm4wdkNveWNkR0N2Mk5nZk5kZmg4S2dtbkxuSFlUdFJnZzEyeXFSV3dvTVdIVm82akww?oc=5,"Wed, 24 Mar 2021 07:00:00 GMT",Lloyd's List
2026-05-11 05:57:12,Suez Canal blockage,Suez Canal blockage could cost $6 bln to $10 bln in lost trade -Allianz - Reuters,https://news.google.com/rss/articles/CBMitwFBVV95cUxOVkxSYnVYNFg3Y1RJQzdNR0hXa25ka1p3NFk5bGw4dXZOZ0VjN0JQQndtTmxHS01oaWpBMUlxdXBHMG84V2IxVEFFZXVfMEhpSld1czRMSnY3Y3J2c0pEQTI5Si02U2JOeFcyNDU5OEE2X3hMcHI1V3JleEdJRDl6U1cyNzZXVnphMkFITlZQcHU5bnA5eVpRRzcxRjQxR3ZORTZkV3U3QjBIbnJtRHBwMmJ6azJIdk0?oc=5,"Fri, 26 Mar 2021 07:00:00 GMT",Reuters
2026-05-11 05:57:12,Suez Canal blockage,New compensation offer made over Suez Canal blockage - Reuters,https://news.google.com/rss/articles/CBMirAFBVV95cUxOVXZiWDI3OXBlSlkwWUZEcDBxVDBQbzRxeWFNc0JjYm1NQ2RjcnZ1OC1zNlZnXzZtWkhGRHowYjJqTWhSdHNtUkE1UzNJQmRIdkF3ZmQ4T25iMzItMS1neVNmOHdLdzBpSU43Nk1NeXRjRHNfRGdLMEJCaUxNTzgwSF93dkZKWUZxMEdVVnVJalZvTV9hVm5Gd2wwRXR6TzlBcDBNam5RQkdzU3FU?oc=5,"Sun, 20 Jun 2021 07:00:00 GMT",Reuters
2026-05-11 05:57:12,Suez Canal blockage,Suez Canal blocked by large container ship - photos - The Jerusalem Post,https://news.google.com/rss/articles/CBMilAFBVV95cUxPTGhnVjN3eFlBd25aYUc3eFlkd3JUV1NQQnJlaEpNNUM1X2tId2k4X081ZzdOMVJKRjNPalJ5NE9CZXczRnVfYjIydFQ1UEtpb2M1SXoyMS1sZmFBSnpPZzJYYVl4cTNfRWFrMEYyVjJOUkFpbldGVlZiaHlmSkxBbWNmYlFGTXpzOGEzZkp6c2JZd3B2?oc=5,"Wed, 24 Mar 2021 07:00:00 GMT",The Jerusalem Post
2026-05-11 05:57:12,Suez Canal blockage,Top three 'takeaway' lessons from the Suez Canal blockage - The Loadstar,https://news.google.com/rss/articles/CBMihwFBVV95cUxPTVpidmdfb2JxZjFVeTFEblpYRjkzejVsR1U2akR1blRGWEUyQUFrbnNlODI5MmI4c3hnME1yTEJOWlNHcXc2QXdpakpyVDFSclU1VWFVcDlTS05KQkVoaXVCWk5hUVpJTFB2SDU0VkxOa2RnaW1FdEt5Z3RuVWo0Rm9Zb0RqVDg?oc=5,"Tue, 30 Mar 2021 07:00:00 GMT",The Loadstar
2026-05-11 05:57:12,Suez Canal blockage,The Suez Canal blockage detoured ships through an area notorious for shipwrecks - National Geographic,https://news.google.com/rss/articles/CBMiwAFBVV95cUxQYjBGTHlDMlpHYk5nT1pzNnoxUXhhckVhOWozbFU5d1N3MGhKdDFLS2dVZVkzcjNIaVBPeC1PWDI5MW0zdVRUVFhZUTFzQ3U4MzJLb2NuQ1h6Qjd1d1djSWhEbUh2SUNKblBZeE42dnJQRGx3RHpkdlVMV3I1WUF1SW1Gamd0N2xEdkFoUzBPSWxTZFVtQkYyNDdlTUpNanV2d0lZMmpONUZJa050aHpoRTRHSnVxeEUzM0tIcDk4Q2s?oc=5,"Mon, 29 Mar 2021 07:00:00 GMT",National Geographic
2026-05-11 05:57:12,Suez Canal blockage,Settlement Is Reached Over Stuck Ship That Blocked Suez Canal in Egypt (Published 2021) - The New York Times,https://news.google.com/rss/articles/CBMikwFBVV95cUxQMDlxcURhSXdHZVNfcGdCZndUekFvNlR4blM2cEZXLW5hT2VmV2dFQnZrS19ra210c1dfRWdQR056aU5jNElPTWJqSk12czd5Y2hSaURJVXJuNlBWQ1JVbnFVQVkwd2l2azV5S0V5YXkwS3lhbkJWLWNJYldmd0lsYVJWNTgzUlhmaFlSQm9PN0d2Y2s?oc=5,"Sat, 17 Jul 2021 07:00:00 GMT",The New York Times
2026-05-11 05:57:12,Suez Canal blockage,Suez Canal blockage - Risk management perspective | AGCS - Allianz Commercial,https://news.google.com/rss/articles/CBMinAFBVV95cUxPb2pabGRuZ2MyclU2ZlJSeW1GRmlsVUZYQkY0LXhhcXptcTVic2hoZlQ5SGUwenRyRnBtR0hyRE1ub2FWbUlwYlktRmJVR2RmbDVNYWphY09uRk5nWFRwTlRFaGJFd01rT1hCVVh3ZzNxcjA0X3pfYkh1bGlLY1Vyd183SktRS0pyaEQ5U2ZLV09JVkJQYVFyR0s1WE0?oc=5,"Fri, 26 Mar 2021 07:00:00 GMT",Allianz Commercial
2026-05-11 05:57:12,Suez Canal blockage,Suez Canal Blockage to Cause ‘Large Loss’ for Lloyd’s of London - Barron's,https://news.google.com/rss/articles/CBMiqAFBVV95cUxNb3dyVkRjOWRJM3pmS2h4RkZFcWhyR1BHOG1jSm05clJ1d0NGN2tEcTFCMk43MEpBaVU1R3prSGFSYm5wZlgycmkxUkU2NXp3YnNRXzV0Qll3SkZkUGJDeV93NkdFcTgyQko5NTdubFNpX1VoOE1EWkFtR2Zoc01aV0JmS01KWXhLWUNSc0VwZEk0dHdERkhQa1BKWnB1Vm5aUkRPaFEyR1Q?oc=5,"Wed, 31 Mar 2021 07:00:00 GMT",Barron's
2026-05-11 05:57:12,Suez Canal blockage,"Suez Canal blockage: Coffee, other goods at risk of price hikes - Fox Business",https://news.google.com/rss/articles/CBMic0FVX3lxTE9QdWhXVEdpa2FUWG1oaS1CbmQ2QUp2dDdYZTlBbFd5UWo4bjZNSnJYNjI2NWFITTU3QWRBOHNMVmVPNml4OXhNM2hZSFNHQVJ3RkRobjF1SUkyOTBhZHRBb3F1eGZadVNDLTRPeXdTa01SVmvSAXhBVV95cUxNSnloaThJMXN2UmRpcmo5V25IM1FVckhsZnV5N3pna1EtblpmR1hGMi1oTHZwSk9Rbk5TS3hPZXdtWWt2UVVuakJJNXg5TGhVU09MZjhtNlpyZWZwRm1MV1dIZkZwOXV2UnkxWWk0ODF6UFB2NXFEckM?oc=5,"Fri, 26 Mar 2021 07:00:00 GMT",Fox Business
2026-05-11 05:57:12,Suez Canal blockage,"Walmart, H&M among retailers in US most exposed to Suez Canal disruptions - Supply Chain Dive",https://news.google.com/rss/articles/CBMiogFBVV95cUxOWlB4dUNmVlY2U3NHaDdKb0ZnLV80UDRsYnNCUDFRWUhNeUJ4dDBIRmkwWFhmeWlCMGZTejBvVThxdVNVNlFkeExxM0xFTlJaUWRack1NcHk0UF93M2dCam9YSGFKbDVCd2lPd1FTYUU0SmxPWjJBY2s2cjZ4Y2xwZnZsa0Nqbmg2S1UxQXlPeDRWcEwycmU0eXNCUjNpMzFnMlE?oc=5,"Wed, 31 Mar 2021 07:00:00 GMT",Supply Chain Dive
2026-05-11 05:57:12,Suez Canal blockage,Toilet Paper and Coffee Among Products Affected by Suez Canal Blockage - Business Insider,https://news.google.com/rss/articles/CBMipAFBVV95cUxOR0NtLUd3RjlzMmRPdFBRVElyWG9VNkdnZzlpdzkyc0tlNkRzWHpBaWQ1dU1tSlpHTUdwQWE5WUZkYkx6dzRiWjVKRWhRYUV5M2tMaEJFenV2a3gwWm5TbGF0WV9zOG9FcFhoZ0drVGpnZ2tCVnBiRXVZanBSMTlScWFrak1lTEpXcDNvMldqbFk2MFdyZFFObHh6aHlpYjFDaUY3aw?oc=5,"Fri, 26 Mar 2021 07:00:00 GMT",Business Insider
2026-05-11 05:57:12,Suez Canal blockage,Suez canal blockage: last of the stranded ships pass through waterway - The Guardian,https://news.google.com/rss/articles/CBMiqwFBVV95cUxQeWxEaW9hZkRoeUxnN0hOalVQSExoOGVkeUhVemN0cElsTE5LYWRxQVNQT0pIel9UNVowUkxpbXZOZDFFcm51al9hc0VjUDZibWxHeGYwQlQxOU1MVGJvdHV1Wmw3OVBHYjhmRW9ObDRGb1hDUWFzYmwxQ24xX2oyMzV5cjBKR0diN0FQTE0tS3lmM3prdGlwU2lDTWVTcDNNNU5yMWwwTFoxdVk?oc=5,"Sat, 03 Apr 2021 07:00:00 GMT",The Guardian
2026-05-11 05:57:12,Suez Canal blockage,Suez Canal suspends traffic as tug boats work to free ship: Live - Al Jazeera,https://news.google.com/rss/articles/CBMipAFBVV95cUxOaXNGMkhXaF9HaTRmZzBySGNKSGhuX2pKLV94Qm5lTkdvSVBraXU5TUtjZFNUQ2lScFgxUWVtX3ZMdm4ySmdLYkRsSDZkYW9KNlVWVmFFUFdxV2UxbTltTDhtbkpKcWY5a3FvakN5dnpodFBuWmlQc29xT1dPVE5JOWZibTFjeERXY2FoOTEwSnZsM1NMY0dFMzJqMVo1VV9XNVdWQtIBqgFBVV95cUxQelVHa1F3QWc3RERfZmdFWkR4UHVXZGVZNnFPQ0kxUUR1RHh1dzB2cUk3Y2tRa0lWR3hRQkVEY0ctSkdrVGNYeUxmRVc1UHc1Nk43YTZxcW9PMkRTS0UxTHZ6YVR6WDAyLWJENDZ3dXg2SWM0Q29sRV9uMnE3SWtxcFZlNmFldEw2VlhQeDk3bDFZejhZTi1MUHBiN0k1ck9ybmF1QWFtOFZsQQ?oc=5,"Thu, 25 Mar 2021 07:00:00 GMT",Al Jazeera
2026-05-11 05:57:12,Suez Canal blockage,Tug Boats Scramble to Move Massive Ship Blocking Suez Canal - Bloomberg.com,https://news.google.com/rss/articles/CBMitgFBVV95cUxQQ2MxdDhzLXd0cGtqdjlXNzVzbFNBR3M4cmU4eHZQQVI1SEJiWUhIX212ZzY1VkdGM1lydHJQTS1rOVVnSEtpV05CRkVaQmZBb1pQWkdpazhtUzVLQnZrOHJNQ3plU21MQ0gxUVhSV2dfNTFyMmU4RGdOMnFGWFBENENLS0V4TmdVY1JBdVU1bUtZV2NFTWRhMzNGbTJUX2xrbUZiRXJpaXIzazhJT0ZGbXdQUTRGdw?oc=5,"Wed, 24 Mar 2021 07:00:00 GMT",Bloomberg.com
2026-05-11 05:57:12,Suez Canal blockage,Settlement reached to release ship that blocked Suez Canal - Al Jazeera,https://news.google.com/rss/articles/CBMiswFBVV95cUxNbWd3WnZKRnA1VWtpMjB0SXhSSHFLTmFCM0FEbVl1MUZhaDVIM0FyR3BUa09PRjBzbVRkbk1OaXRsNTN1b3FscVlROHpGclMzVHFFZnZaVGltUlJUMk5STmlnOGduX0xldnRibi1zc3hCMmx2cG54am42LVFLaXg3c05BMVVBak9XU2FHdFQ2aEh5SklrNmVHVF9uQ3g0QjhlYzN3TWlIQzNrVEo2UWVsN3ZGSdIBuAFBVV95cUxPS1JkZWtVTHRLNEFUOXY0S3NjS2lRbGNhaEprOHFjczdVeE9lRDVMcks2bmx0T1ExdTVrdFdZU1R1TnNkMXdXeERFY2Y0TWhCYlFHZk9wRC0xUUs1SVNfaGx2cHRNM0tUcmpLQTM5cVRVaGRFTmN0V2I0ZGhSZVN6UGVXVGlzd3pKM29Wamk3RnhJd0ZzdENyN21jbjFkMWRZajBlV2dJWlpmNVMzdEczTFotbUVyaEZS?oc=5,"Mon, 05 Jul 2021 07:00:00 GMT",Al Jazeera
2026-05-11 05:57:12,Suez Canal blockage,Suez Canal blockage: Investigators analyzing Ever Given's black box that could hold key to costly grounding - USA Today,https://news.google.com/rss/articles/CBMixAFBVV95cUxObmR0T1Q5RWhPa2xQTXFOOGVhSXJvM29ySVBDNld0REVjTXhDVXZQVWpKUlg2UWd4Y3dXUUVjMy1nQmRTOFN6alJtaTEwNGtCS2NQQjZZNlVlZzJZdW5aSG1PR1hBNmFjTXRtRDI5NzAyV2h0U0hKdGlpVjRjV2p4Z1ZlY3ZmVjBDUm01X0JYYlRsZ0lEeTBobDdYZmwxX2R1c3FKZk40MzJ3bG5OODV5X1NMcDJxcmUtRV9KcmNCX3k1cTlK?oc=5,"Wed, 07 Apr 2021 07:00:00 GMT",USA Today
2026-05-11 05:57:12,Suez Canal blockage,The 2021 Suez Canal Obstruction Was a Masterclass in Climate Change’s Butterfly Effects. What Can We Learn from It? - Risk & Insurance,https://news.google.com/rss/articles/CBMi2gFBVV95cUxPMkwyUmE4c2x1blA4cDFSZ3pDUWoybUZXWTMyRlFEWFJ3MzZ6RzF0YVZhS0xoMFVfb2t5N1BHUFNueEx4TF8wWFhiMGlkaEx3Vk5EV0Q0RE1fNW1lX2lmRkMtaUNfREJDaGJMMWZRVkNKN3QxV3FUZ0d0VHpJazRQZzRiR0NOSnVqSEp6bkVzYThHSzlqUkdQRDdVY2lkOER4R3QzamMyb2Y1VDFfcFRseGtSVkhsZzVPbGVMRzRHdzNvamluTEt1aU9fNldtRXgzaWllak1xd0dvUQ?oc=5,"Mon, 05 Dec 2022 08:00:00 GMT",Risk & Insurance
2026-05-11 05:57:12,Suez Canal blockage,The three lessons we learnt from the Suez Canal nightmare - Supply Chain Digital Magazine,https://news.google.com/rss/articles/CBMijgFBVV95cUxQamVDSVoxVG1xLXIwVG50X0htaE5XU2dCRmZiQmVHRkF4WmU2Z1JieHp5S3l5eENtR3V2QjBmV256YjNJbEdJaVUxZ0QtRnlKLWVESW9xUGNmbk5IcGVEOHdCYzFJcVNKQnRKN3pkRFR1aHdDbVZGTGdTTVhSejBIRkFhSEtMYXlMTzRVdEFR?oc=5,"Sat, 17 Jul 2021 07:00:00 GMT",Supply Chain Digital Magazine
2026-05-11 05:57:12,Suez Canal blockage,"Eilat Port seeks US, Egyptian intervention as Houthi blockade hits Suez Canal trade - ynetnews",https://news.google.com/rss/articles/CBMiYkFVX3lxTE43a0F2bVJvQlhLVWR2dzhKMDQ5ckF5c1A3OGstcFFpbTcxYjFwUlJRbUdLOTVadm9HZTlMeHMwYWxSMlBFRHk0VWtfRS1ZbEJUeXFRZ0VOVWx5b2hXTEVQcGpB?oc=5,"Mon, 20 Oct 2025 07:00:00 GMT",ynetnews
2026-05-11 05:57:12,Suez Canal blockage,Egypt seizes ship that blocked Suez Canal over $900m compensation claim - BBC,https://news.google.com/rss/articles/CBMiYEFVX3lxTE1ONEJhYlM5eTFPd0Rhamo5Z1Z6WDdTdlExTDBqTzVsSjFrb1RJWjVNYllMbkRTTmppY2NtcmZFSUwwZERKOHdtNGhsV1phdzlaMV85Q3pDNjNDanVnLVgzNA?oc=5,"Wed, 14 Apr 2021 07:00:00 GMT",BBC
2026-05-11 05:57:12,Suez Canal blockage,"Ship Happens: Coffee, Livestock, Ikea Furniture Among The Objects Stuck At The Suez - NPR",https://news.google.com/rss/articles/CBMitwFBVV95cUxPbklTTV9RLWxOVm5TNHdPamtvNWhlaGsxX0hYZkphaHB2MXdYT3RnMFI2RE1IZzhqM3ozWjM5dDRQMXRiNzZjLXUybHY2S3lyM1U2TU9VaXVSRkRPVTlIWDBsUHNJWU1Ubm1feXptSGlWZVZsQkRfNEs0X1NwR21BQXZHanlqT2M4eFVpeG5qclZFc3JZbEJ4c0JqS01TNjZqU1NTQXI5QWEzaFJZbXdvSVh3bUhiMzA?oc=5,"Mon, 29 Mar 2021 07:00:00 GMT",NPR
2026-05-11 05:57:12,Suez Canal blockage,"U.S. Impact From Suez Blockage Will Be Minimal, Largely On East Coast - Forbes",https://news.google.com/rss/articles/CBMiugFBVV95cUxNMkQyS2tCRnRaNldSeV9ZTWd5RGJMaTkzTGhrWXJIdkhBd3AyQVlpUElZNUFMeUpTcEdyTWZmQzNfcWxoelRMWi1vT055SDJiRUZaV2ZIQW1JM01zcVNLeUpBNVdhZWJDb3Jnbld3dms2U2lJM0FSbS1ab2MzdThzaWszOTkxcFpVbThiWlJxZjRnQzJwYUdxb0o4LWhUYnk3ZDktRFljei1ia01na2lyOGFqUEUtTXhfanc?oc=5,"Sun, 28 Mar 2021 07:00:00 GMT",Forbes
2026-05-11 05:57:12,Suez Canal blockage,Suez blockage reveals globalization bottlenecks - DW.com,https://news.google.com/rss/articles/CBMimgFBVV95cUxQMlJXZDBtcXIwNEJGNGNta2czSWxqbHVVTVc4RndVSDB3U19RQ0ZzMUlQeWFPWENTUkgxeWZLSERsd09wdUg2MDlyLWgyelB5LU5hVGhMaUVQN3FmbTh2Rml1ZDFKSU1vZGpEWVMwTkFmNnFwSk45dXhPOFFKMjZpYlhURm9iV0o2M0ZmRERDYjl1YjFwUG0tU1R30gGaAUFVX3lxTE1WTGw2ZTZuY1BHMnRoNjFPX3ZNblJieXVLYkxWaDByaXdfcldnd0NjUlRmbmR5eWJ1aEkzc0VDQVBlVFVCOGNMNFl5bVY0cGRMVEljV0sya2FTN2RsVjN2b0hVRmR4Q3NOT0RkWXFSbW5xTmdyLVRqQXE1ZHlrQzhuT1F0VGhYMVNkMHRqSGgwSFRqUXFqYUVyWVE?oc=5,"Mon, 29 Mar 2021 07:00:00 GMT",DW.com
2026-05-11 05:57:12,Suez Canal blockage,Suez Canal blocked after massive container ship runs aground - Al Jazeera,https://news.google.com/rss/articles/CBMimAFBVV95cUxOcTRGR1dZamt4UGthOV9UUmVnamlJbkFrTzdVb2l3V1A1WmdqQ3JwV05uTnlESjJ2dU9UQV95bl8teWt3Z3ZFajk2QklkZ1dnOUdpRnpQbnp6d3JGZUpnUnN5eXk3eXJfSjVQR1l6bU4wRElmMENKRWhfVERsLTV0TzM1MzZCTVU2a2VwVnl0ZkY1d0JyaUUzbtIBngFBVV95cUxNdlEyMmFMUXZla29DZnVqZ3NlYlhONHgxTVVXVzQ3VmJ4QmxjbndleFFqc3lEdmZ1TEFJNE5KMUxHcWNTaXJKTWNDbGxtREtPa294bVlBN1h4M3VtTTBEdVpNbW4yTVFPdXE3UFI0Tmp5dGN4SXlmOUh0NmNMdnQ1OGVqM1hncTB4UzRDck1IY2Y1eExGMVk0YmxkN25qUQ?oc=5,"Wed, 24 Mar 2021 07:00:00 GMT",Al Jazeera
2026-05-11 05:57:12,Suez Canal blockage,The Suez Canal in numbers - The World Economic Forum,https://news.google.com/rss/articles/CBMidEFVX3lxTFBqaWtKeTJySnFSMmpCS0I4dmRnaHp6TDY3MzBDUnkzVTB2T05ObFdjR2x5WUkyY2todFlSb3h1a3dvN0I1MmQybms3T1BqWE9FS2RJcmRyTHZkZHNMSTFIVWQ1N1FabTNjT3BFdXpyWXl1TTNo?oc=5,"Thu, 25 Mar 2021 07:00:00 GMT",The World Economic Forum
2026-05-11 05:57:12,Suez Canal blockage,"The impact of the Suez Canal blockage will be felt for months to come, says maritime expert - CNBC",https://news.google.com/rss/articles/CBMixgFBVV95cUxPM1NaNk8zaHdPVThhYkdFd3MyT2RENmlXNWxjSHNxeUlXeHNvS0JTSW5ZNmxqcGxQZjRCdXlfb3VtdmZHaGZ4clRBVFFLdEFkaWdCdkVtLWRiRUtyWmx3a1NoNEhITWRUVXdmRmEweHJWS2pEd2hkWHFfU2VyeEEyV3FIVWJFcnVjSXhDazJ2U2pVeTJtTnBPeEpWa1pZdUt3OUl4TkJrbFVYZWRnXzIxeWJub1NxTFc4ZkIwNVA1dmVXRGlDekHSAcsBQVVfeXFMUDBNRjJQbkpFM1ZxXzhjTjlpM1FiUEF3NC0wYWk4TkZqcnBtcERsTHdiTWo5T0xFeXlLQy05dlBoUm9GUldSXzJNVVhsQ01WbWY4cmkxUTJiaHp4TE1Ra25ldkhMREFPUFMwT0Ywa1lhb2ZsWURmeXM5MjhxdGVPcHJhdFJ1bGdHeVZWazZDdkJVeWEzd054clBjMHlPdUJtdG1HLS10SzNkWDFnYV83MDBmOVREY2NuanZ2UlhyT3hTbGxYN1B4R1lQcjA?oc=5,"Mon, 29 Mar 2021 07:00:00 GMT",CNBC
2026-05-11 05:57:12,Suez Canal blockage,IKEA Says It Could Have Supply Chain Issues Because of the Suez Canal Blockage - Business Insider,https://news.google.com/rss/articles/CBMikgFBVV95cUxNOEI3cVRxUWRVSVhocUlJX0YwSlJvMXRHN21DcVVkeElodmVSUjBQN2NscGhDb296d0tCdlNaM0o4VkpLLUxXaGNhRmFiQUF4Qm96Z2laWlFpQ0lxRGdHMzFCMzgzd00tOXpLa3dXYkZBNWZIekhVQVJVNzgyeTJqUzBXdjctUUN0UUNJaEVheTNPZw?oc=5,"Sat, 27 Mar 2021 07:00:00 GMT",Business Insider
2026-05-11 05:57:12,Suez Canal blockage,"How did a cargo ship get stuck in the Suez Canal, and how are they going to un-stick it? - CBS News",https://news.google.com/rss/articles/CBMirgFBVV95cUxNTlhhV0dlWk85SGYzQVhjTGY3ZGg2dllqS2VXQWwyaV92Q09zaktxVFVzMUJaVlFKYTFvRGg1ZVhkdU85djlHZkI0SFlpR1N3Z2RqNVBzODJmM3l4Ukh2RTl5bGhkWXltNHg4WnlFRHYyZkdwWW1EeGV5M3FFZGZTV2E4X2NORThEN0FSZnEyZ1J3V25qUkJnazhiYUFBZGVESE80T0k4N3k4UGZXeUHSAbMBQVVfeXFMTlBERS1yY1k4aF96aU84bHdZX0FzRkljZnJmMkY1dEs0ZTNTeUFreGtSeGVaX1dwX3hQdDc1cGhtS3VlWEJMLVlrMHcyYlVieVJ6NGZKZzVRa1dpTkYteWpCX1pTcEVQLXhFTzFCbzRETnVYQ2p1TkNsWHFhczZzazg1LWs4Z182SkJwSnpYT1NmZWd6TEFvQkU3ZDlSUGRrbXhOM2s3dWdXV3g3RldaTW5KeUE?oc=5,"Fri, 26 Mar 2021 07:00:00 GMT",CBS News
2026-05-11 05:57:12,Suez Canal blockage,Egypt’s Suez Canal reports record revenue despite blockage crisis - Al Jazeera,https://news.google.com/rss/articles/CBMingFBVV95cUxPNGtMTWJ5VUtIdmUzblhLbHlGb0tyZ3lTdmllOFRaanc0YjVGUHNkcVF1M0VTREQ5aEw3OGdIaUtUbW5MS0MycUdQX1JiNGJSNDZFOEppdFBRVFJHaGRDcE5waGgxV0dlUlRIVG9tc3ZXb2gwY1J2aVNON0xlMlBFeWdVejRVVno2a2JGRFZJM3JwcElBOXk5d2F5QmR6Z9IBowFBVV95cUxPSDR0cWR2bXZFMkZJYVpRd1E5NkZCd1E5bXUtUW4xT2Z0VVY1WWJyOVNSdDJxSDh0aWdLOEt5U1VnOEpqZ2t2dFZtaUV6RVl6WktCQTAwcTJvTUhZeXp4eW4tQnFxelFldGdXSnU5RjN0YlBpTU0zNUp4RVlVY0J2cjYtSWdDd21VSVRoRzFmTjgtZjd1WWxGWU9qQi04VHRPNHRZ?oc=5,"Sun, 11 Jul 2021 07:00:00 GMT",Al Jazeera
2026-05-11 07:56:06,Toyota supply chain disruption,Toyota production cut highlights ASEAN supply chain vulnerability - Nikkei Asia,https://news.google.com/rss/articles/CBMirwFBVV95cUxQcjgtMkpvOG9RbnFpcXpmTmJJZ2Y2cjg5TFV6ejdjdG56WmtBY0dncHAwYldpRE1tR0l6QlRCbF9zMzF6OVZ0SEdwSlVVclpLVHNwam9Bb1hPQW00a1JiSUFpMDBXUnIyQUhRbFYtY2hKcHBXQUhXLWRaU28xOEVpcWRiemQtRk9NS3NRRnhzOXdma3JNWWRqblFJR1FCSVB6aV82Z25KYkNCcmRVUDJz?oc=5,"Fri, 20 Aug 2021 07:00:00 GMT",Nikkei Asia
2026-05-11 07:56:07,Bosch factory fire,Bosch adds two SLM 3D printers to boost AM production - Metal Additive Manufacturing magazine,https://news.google.com/rss/articles/CBMioAFBVV95cUxPc1FLSkdHSEdsbTlOYlVfNWUtYVRPYWpFcnUxdzJ3TGJCOGdJbUZtOUNod0xlQ0JCajNBNFNlcVB0SFJ3cWthMjNNaXVEX3FuZjdSbTFpY0Nsd1lhYmdFblBiMzhnaGVoUkd4RTVqeHhJLUtKclJMbnRqQzFuY3RJUGY2WWJPeVEtWjFlN0ZVYXpsamc4cXNBbnpVNXRzU3Vm?oc=5,"Wed, 03 Aug 2022 07:00:00 GMT",Metal Additive Manufacturing magazine
2026-05-11 07:56:07,Bosch factory fire,Dandenong South factory fire - CFA (Country Fire Authority),https://news.google.com/rss/articles/CBMibEFVX3lxTFAzbVlSdERMNjFHZ2wzMlpLTUJSWUhuNjIzY2s1aUxOZFRTWEVSMGNSZGxYeVVQSVZGdHVNbVgxTU9BeVZrb0JtakZkc1R6QnNicHlvY1NSQzhCb1ZvS0FDTTU4Q041dVNQWmd3Vw?oc=5,"Wed, 18 Sep 2024 21:52:09 GMT",CFA (Country Fire Authority)
2026-05-11 07:56:08,China export restriction battery,China’s investment in Indonesia is its global critical-minerals template - The Strategist | ASPI's analysis and commentary site,https://news.google.com/rss/articles/CBMiqgFBVV95cUxPaWd6TTlGSXpCZVg5SjFHN3QySEpCUG1FZVdFSFV4NXJHbFBwQzctRjF2TDZOZ2lFY3lVNWtoV3hVNXJFMGZWUFdxcUpoZmtLWmxGTGtrcjc2QURMUERhS05vUVpWeElNREhScW5Jenl2NlAxd3ZsOF94dGlTWFpFckc4dFQzSG1jRGZROWY2UGw5U0staGQybDM5Um1VbTUwTTl0eTB5TE55dw?oc=5,"Thu, 29 Jan 2026 08:00:00 GMT",The Strategist | ASPI's analysis and commentary site
2026-05-11 07:56:08,China export restriction battery,China’s Silver Export Restrictions Transform Global Supply Chains in 2026 - discoveryalert.com.au,https://news.google.com/rss/articles/CBMijAFBVV95cUxOLXBmS0wwU3p0N1hFRnkzUGZqQVpkRGwzYmJFZi1CcGg5dWxyS3NSZlotcWs5TGR3TVJmS0hjT1d4MmdVTVdRUEkyN2JYZUdHT3poZEVxWlZJOWtySVhLX3I5SzJFQUtzcExmeVY4RTlNRTdLQXB4MUN0Q09HUVJCbUsyWlJXY216VjNnUQ?oc=5,"Sun, 04 Jan 2026 08:00:00 GMT",discoveryalert.com.au
2026-05-11 07:56:08,China export restriction battery,China’s Critical Minerals Dominance Threatens Global Supply Chain Security - discoveryalert.com.au,https://news.google.com/rss/articles/CBMikwFBVV95cUxNUHZzR3ZQUnZhY29lb2Zhd3lDcVFNMmtkOHN4ZnozbDlscW1veXNqRUZzekx3TUxnUXRLOElFYjNlRVhmMndROHV1dFZQaEQzc2FwZlQzclpqQy1MZkM3OF9rQmc4TTdhTHVHVE00RFFkQkhOdXdPa0R3dWFNaTB0TE95WE9RWGc2V1Bzb3llLW1XMWs?oc=5,"Tue, 30 Dec 2025 08:00:00 GMT",discoveryalert.com.au
2026-05-11 07:56:08,China export restriction battery,Chinese battery shares go down after imposed export controls over supply chain - New York Post,https://news.google.com/rss/articles/CBMiugFBVV95cUxNU3lMYTJueGpzRDFhZ1J6WmZkSnF4Y0h2SmpMcF9LVTBWZmJ5QWFZT2dPakNEa3lKZXNpTmFkU045RlFZSXg1M3QtaDRudGFXcVNLLXRhSXJEOGlsMl83NmZvZ1E4OFVWMHMxakczS21uMlJuTml4SnRfX0JEZmlNTVhZS2ROa2hLYlZ0UzhsQmtHQ3lsaGZzeEtpNzVjY2lOYmp3QVQ1bXlvX1pSMlRxa0pMRGJONWJVcXc?oc=5,"Fri, 10 Oct 2025 07:00:00 GMT",New York Post
2026-05-11 07:56:08,China export restriction battery,China's automotive dominance: A global transformation - Automotive Manufacturing Solutions,https://news.google.com/rss/articles/CBMi0AFBVV95cUxPTHhHVTZsR2d6X20tc2ZnRU1mUHl0aUY4RDR6N25tcXQ3clphRlZwcnNJSnlfWmZiR2M2SlVKNlpTWnBjZk90NFFDVFUtWHZQUkVtTFo3NHpSeFFwVHp4bkNqZ1g5NnpvMVFtdnNZR0lmd2p1TVlKc1hvXzBoTnlaWUc2U2JpUnBmOHZsRVVCNHJHTUI2U25mS0YtcjZ1TXlld3BZMFA2VkVoOGMxYlJwMnRUWGJzNEpiT21KY2dvU21seXVndlFxUDYyTkNINW1j?oc=5,"Tue, 18 Nov 2025 08:00:00 GMT",Automotive Manufacturing Solutions
2026-05-11 07:56:08,China export restriction battery,China’s New Export Controls on Technologies Related to Lithium Battery and Gallium : What’s in Them and How Will They Impact the Market? - Geopolitechs,https://news.google.com/rss/articles/CBMifkFVX3lxTE1LTUhTcTBvZF9Mdk9iN0FxWnVtQTBaOWFMZFpzMkd2ZVJHcDRzX1VDUHRwVUpUMHJwUC10STgxS3dMVm1HVVJsbEQxLVBJX1ZxTkwxT2VuVnlBMm5ncnFWR3VLemQ5VW0weTBYdlZ0MXJ1Zl9fUWdiZVdDTXJPQQ?oc=5,"Sat, 04 Jan 2025 08:00:00 GMT",Geopolitechs
2026-05-11 07:56:08,China export restriction battery,How China's Export Restrictions Will Affect Battery Supplies - Procurement Magazine,https://news.google.com/rss/articles/CBMirAFBVV95cUxQdHZPQUVtQWRqZ0xpWjEyTnBPU2lRWUo3cFUxWnB0NkVLYUZJcEh0MzR4V0xMVmcwLUQ2dTdFS0lNWm14OVNUeWNESi1sUU1sX1hReG1UNU9lMHpPWlpscWNZb3JZdkNhQVg3enN6cHYyMWRndmRyaDdDRVhsMGI0QVJLRkFUX3NpMFdGaWNrLTJtT01INEdTRkp4S2kwSXpSVWRGVjRCclpFRXUt?oc=5,"Fri, 24 Jan 2025 08:00:00 GMT",Procurement Magazine
2026-05-11 07:56:08,China export restriction battery,Microvast (MVST) Soars to Fresh Record on China Lithium Battery Restrictions - Yahoo Finance,https://news.google.com/rss/articles/CBMihgFBVV95cUxQQlBWYW1jb3pZX2pRcXVYTmdLU2NhbGY2NDlHUzl2RllWSjdscl9CZWZMSl9mZnFoM293OENNYW1UYUNjbFBqQ0U1enhxVlJEWEJyT1NTaC1GNzR0Wnc1OWZVM19yWm1aZElXckMtYmp6SFpkRHhubzFNekJPTUJNaHdoVlQ3UQ?oc=5,"Thu, 16 Oct 2025 07:00:00 GMT",Yahoo Finance
2026-05-11 07:56:08,China export restriction battery,"China Plans Export Curbs on Battery Parts, Mineral Technology - Bloomberg",https://news.google.com/rss/articles/CBMisAFBVV95cUxONzBxMkRGcUZFUWhrem9nV1JPdEU3WFdha1JXMXVmZGs0cTVsS2hJb0hobnFlTVRWUnlOMEdqR09fMTB0ZzJKaUtNMUc5T3ZXVFBCQUFNTHNyRmJiZF9JX09aQTdSN2Y2d0VCT29UVVRUYXRJQ3lmLWM3cHpSNldDNDVXOEZXXzg5ZjhobW1BdTNWZmw3bUQ4cmFlUEJYR0pLN01LOWFNRklJZDZ3NEctdw?oc=5,"Fri, 03 Jan 2025 08:00:00 GMT",Bloomberg
2026-05-11 07:56:08,China export restriction battery,What Do China's Proposed Restrictions on Battery Tech Mean? - Sustainability Magazine,https://news.google.com/rss/articles/CBMipAFBVV95cUxPRXE1b2M1NmpOZnpQWDJNY281V2NEOWZwU2U3T0RtaWpaYjRpN01hdVNPMFBpVkY1RFVYSFdYUHZVVDdXbzZGUDAtdDhfZ2xhdFBxb2N4REV2dmtqS3ZwX3Etb0hRYmZiSTE2ZUc4ZzBMZUdQN1I2aXdDMGdXcldOYXZpU3NIV0IxNFBYODlNSnh6VnNodnpPaC1nQ1pjTVhCcS1Mbg?oc=5,"Thu, 23 Jan 2025 08:00:00 GMT",Sustainability Magazine
2026-05-11 07:56:08,China export restriction battery,China mulls blocking exports of EV battery tech - E&E News by POLITICO,https://news.google.com/rss/articles/CBMihwFBVV95cUxPVUZfejU4ZU9XZ0hhQXlKRWNpbWJfU3JpU2tlSi03Z1Etb2pDOVJJblFUQUQ2d1EzV28xUXVvUHRDNnhuV3BaY3prcFFxS05PSlQydzhiM0s2dm0wZXRuQWJfU0xnNFZaZzF4bnF0QWU3d2xLaGV6dUk5X09hSXJIZEN3dW53VTQ?oc=5,"Fri, 03 Jan 2025 08:00:00 GMT",E&E News by POLITICO
2026-05-11 07:56:08,China export restriction battery,U.S.-China trade deal lowers tariffs but leaves rare-earth details unclear - Automotive News,https://news.google.com/rss/articles/CBMijAFBVV95cUxQWXZvS3JJTUJoX0RmaEVxeEY1cnVDbXFYTGVNX2ltTFJOREZOYW9DdGRnMW1mTlVmYmxBcWdVM0RMWUdiVXBubzNZZlE3Sks4c05JLUZib1k0akRqc2pDS0ltWXZXbkJ6a0RRMTdOYUFWYlN0aDZNSWhka1RTOTkxX1l6OVd2ck1uSl9OMw?oc=5,"Mon, 10 Nov 2025 08:00:00 GMT",Automotive News
2026-05-11 07:56:08,China export restriction battery,"China, world's top graphite producer, tightens exports of key battery material - Reuters",https://news.google.com/rss/articles/CBMiqAFBVV95cUxNcWU1bEc1UUNSb2JvT2o4N1Z6YWpyQjJhNllZdDdCdGh1c3dNRUp3QTM0TGJqYmExU21LVjh2c2FTWFlRdGJkQmk3aHpUcEFQTGwwamhENjZKa0lnc0NqeTgzNlhfUlVRbWc0ZTkxZHVTRHpuelFzM2tBQm0yYXBCdzVvRFNoUXVPbU9sRml3cXRPQTFuanZKbWEzQ3plbTVZVDJfYlNGUjE?oc=5,"Thu, 19 Oct 2023 07:00:00 GMT",Reuters
2026-05-11 07:56:08,Suez Canal blockage,Six days in the Suez Canal: The inside story of a maritime catastrophe - The Telegraph,https://news.google.com/rss/articles/CBMigAFBVV95cUxQRllraDJHVkFQaWRET0xWNk40cFlTak9qUk92V2puRlc3NzhWZDdkbVBNUGdnV0VFNUFsUkhveFdFVndSVDRxNHZ2RFJhd2tkM2M1QWhqQWJfZGt4eDlqSnVabC03dE11N2ExU3VNa29nQkd4VVpJd24zZjZ0ZXNMZQ?oc=5,"Mon, 23 Mar 2026 07:00:00 GMT",The Telegraph
2026-05-11 07:56:08,Suez Canal blockage,Importing oil to Albania/ What happens if the Suez Canal is blocked? - cna.al,https://news.google.com/rss/articles/CBMitgFBVV95cUxNVEVUUTVkZXdaYUpKdnZiYnhJYlRsWEJERjdaUWFpLWZ6Z0pSc01SS3JfMkdwZ1RuTUM2UTU5ZHE2TkxSWXlGM2hsZnRtWk9oQktmLU5vcVFCTEh4NF9qSTdIejlxUGs5MERvU1lTQmVoejJPdkFnOWo1MkZQaXRBckZpLVlmNW5mV01oWkVoWlp1dFh1a2JuemZHSk1RcUd6M1BxdTlmWWxpNUtpeWVtVjNVS3Jjdw?oc=5,"Thu, 19 Mar 2026 07:00:00 GMT",cna.al
2026-05-11 07:56:08,Suez Canal blockage,Ships Getting Stuck in the Suez Canal and the Fallout of Blockages - Newsweek,https://news.google.com/rss/articles/CBMikwFBVV95cUxNYWp4N00tTUtESHZmTzBROUJ1NlNNeXlkRDFnQnd3bXJndWtDWHhjc0dNajZLOFMxZE1MSUZndEtObU01YjBFZFdxOU82Y1k1eWNNbXJRREpwc1VpdVZJb3ZzNDl6dlhwdmZPRUV1NXdobUNTVlZVb3FnZElEYWlMWUpzWHZjbUtpQVR1NVBFb3Jua1k?oc=5,"Fri, 10 Sep 2021 07:00:00 GMT",Newsweek
2026-05-11 07:56:08,Suez Canal blockage,Watch Suez Canal Blockage: What It Means for Global Trade - Bloomberg,https://news.google.com/rss/articles/CBMiqAFBVV95cUxNZmFmWTM1WUZFMzJyRjVKc0dTNlN6Rl9sRkEwRHVwU1hqVnNyLWJDeHg3Q2dOUUtxOGNJZVBwZVA0a2dqZ0dlYVItSlJQM09mYmNpZHFnODNPQW82Qy1lOW9JYUVOZmZqNVBOa243UGJqQXF0bUx0Njc0WTg1ZU9oUXFXT1pwYTMzeW5TU25kYUJzYzZCNHpESWtQcWk5NWF2a0xHQ3hLbFE?oc=5,"Wed, 24 Mar 2021 07:00:00 GMT",Bloomberg
2026-05-11 07:56:08,Suez Canal blockage,Suez Canal shipping backlog cleared - Al Jazeera,https://news.google.com/rss/articles/CBMijwFBVV95cUxPRi16QnlaMXJ1RFhXanlVdk1oaXZBbE1PVXMtUWRKaXhkaHdmd1NzT0JYMUppeUNLM0EyT0laSXhuLXNmRHdYSDJidzUyUlU4Tmd6R0FpX2IzTEpGZ284a0loSlBlTWVwWmYwclAyTHJSTldNb0NJVjVmS0pPM0pURFRNWjI4Ni1JVkRnMldURdIBlAFBVV95cUxOZWNGamxlcFA1QU5qU0FFbTB2SE5BM2FfTTh1UWg0ZURLZXJpakZKMUtLZW5VdnNGYTJuNHMtanl6bG9RSEF0cHE3UFd2NS0xbUJFUWgzem9OUlhlaWhTVHVEX0tXeTNFQlY1SDN3UGl5d3hESnY0Z1paZnY2Wmsyd21aQmNQLXAtYzdvVm9SeFpTTVd4?oc=5,"Sat, 03 Apr 2021 07:00:00 GMT",Al Jazeera
2026-05-11 07:56:08,Suez Canal blockage,Lead investigator in Suez Canal blockage probe boards ship - Al Jazeera,https://news.google.com/rss/articles/CBMinwFBVV95cUxQdWdkc3lSSkJMX0haMjJ4T2lOeW84eWgtNkJIRV9DSk1uNnlCY0dSWnJ2T0tOa3B4dmw1b3k0N0ZKSXFmZVEyY1R2d2taSXRnRGlSZTlPTzNrM0c3LURRNS1UeXRPM1J6MVkwWDBGS2lXYkdJUGFGaTY3QVlRVlFrSXNGOTJBNGl4WU1NV1hEOG1NV0RyLUFDRTN4WjQyZEXSAaQBQVVfeXFMT0dpdFU4SzRzNF9yOUtFcHlTajBhZjJvSVFMbHBtS2gzaDUzOVZmNzZBb2NqaEVRWTBDbDZCTjcySTBWREgtclJsNFRSaUtQMWdTQklNUlpFOTNDbVcwZGRFM3lQcDMzS2FrX3pUeENCN0FMbTVPMkRFSGtSUk1CNHZEdTk4V0pVdm0ycWRMelN1elZ6R1JKcGVMMUIzTkhwbHhqNnU?oc=5,"Wed, 31 Mar 2021 07:00:00 GMT",Al Jazeera
2026-05-11 07:56:08,Suez Canal blockage,"With ship now freed, a probe into Suez Canal blockage begins - 13newsnow.com",https://news.google.com/rss/articles/CBMizwFBVV95cUxPNEpMd2xJazRGOU5FQTRwbDhTWTFkOG42T2xMZTBsbVR0U3FGNHNHWEZ2YXA3UVJXSjBBUlhfLTdvWllBaG00U1A5cEYwUEJkQXgzVnpVaDh3ZVFjRnZhTTdWOVJYM1NJVGxJU0ZqXzBZcEhOUUYtS2lZTFBBcXdfcXFaX1FpNDBnWk1KQmdPczN6dE9UVTBzenB2UFFXUkNQbDhkZ2c2cHRCRDRjMjlUZUtjMV9PMm9jOXEzZDNzX1dPaVgwQXlnaWxHUFVKUlU?oc=5,"Tue, 30 Mar 2021 07:00:00 GMT",13newsnow.com
2026-05-11 07:56:08,Suez Canal blockage,Pentagon Said it Was Ready for Extended Suez Canal Blockage - USNI News,https://news.google.com/rss/articles/CBMilwFBVV95cUxQZDU2NVJUNkZxWjdSOXczWHRBVTF1Y3FkZUR3Xy0xRzNHd1lJQWl3eW44ZXBGeVdlbm9jRXFOZGVLRVFTdURWUmc1YmtCMFJaZVdMVnRUamVicDVTR1RBcDRqY3cwcGkwR2JXVUJWeG1mSlk0X19nODFiLW9pNW5mZ0FNeG1sRElxVlZmZkVXRW1YUUpTSUpJ?oc=5,"Mon, 29 Mar 2021 07:00:00 GMT",USNI News
2026-05-11 07:56:08,Suez Canal blockage,Suez Canal Blockage Affects Livestock Carriers - drovers.com,https://news.google.com/rss/articles/CBMijAFBVV95cUxQdDlCMXF1ZmV5YnAtcVBtY2xURGlNZTlyeDZXOXZoczFPVUxLbkFoTngzOG1KdVJXTmRzV1dlLWltdXR6OFVOQzdoeHpYSGlLakJmVFAzUVlZMDNqUlJPR2ZrSS1vWHNsRVoxTmttNFlyV1ktQVZ6SGdoRlNoMXJYVmwxOXdjN2lEczk3cw?oc=5,"Mon, 29 Mar 2021 07:00:00 GMT",drovers.com
2026-05-11 07:56:08,Suez Canal blockage,China container maker reaping rewards as Suez block adds to global shortage - South China Morning Post,https://news.google.com/rss/articles/CBMitwFBVV95cUxNN2JEQ3JFVmtGNnhqM0ZrMXBHR1Q1b1o4VklIVnpGVno4UzNTOVYzY2YwV1B1LWVJUW1rNEZOYVQyXzFxNXo1SGR3NGF0M00wYVZLUllScHY5ZHJBd3pVcnNyUFd3cS1mNjdCaFdnbFZLenlRQjlVWHFIOGtwMy15d0tKanozbVZYY3I5V1dkdVZQQkdYQlBIQnVQZVQwTUZKNlQ0T3FGckR2Y0g0MXZKdXRqUmFsYUnSAbcBQVVfeXFMUHdYVE9lXy1WbnFEVVQyanZxdFI4eU0yWmVJZ0h6SUxNMnBCSmE1ZG9IamhXbmlBSHpQRHowM1VLM1ZidmU1ZTFLUElFQWdsRGdEcEN6akVOb21yMWVoaUsxMjNiZ216bXAybVp6QUk0YVRoZkY1R3Y1dDdhWUhkQWRPaWtYLURnTmFoS3o0bWp3SWtpZmtzZGJPVndzdDRZY2xpT2F5bmdDUnZ3cHFldmZ4SmgyVU1V?oc=5,"Wed, 31 Mar 2021 07:00:00 GMT",South China Morning Post
2026-05-11 07:56:08,Suez Canal blockage,Suez Canal blockage: what it takes to unwedge a megaship - The Conversation,https://news.google.com/rss/articles/CBMilAFBVV95cUxPeWpNY2ZFNDlKVW5Iem1uRzBiX3kzUnZyU05USUUxVW5QaEgzYVdCWTJZQ3Uzdm5TVTNlQUxsd2FSX1lWUmdMOGl4bW85R1Z3a2Y2b1JSTE92Y21zTGJoU2tfbUYyMzd5UHNKenMwVGpSVzVHQTVSaF9ZSXdVMDZNVlp1dFlpc2FLWDk2WHV3TmlWb0Yx?oc=5,"Fri, 26 Mar 2021 07:00:00 GMT",The Conversation
2026-05-11 07:56:08,Suez Canal blockage,Egypt's Suez Canal still blocked as huge ship leaves global trade in a jam - NBC News,https://news.google.com/rss/articles/CBMiogFBVV95cUxPRDlDcTloQ1dsbWRPYmZqQmVGcFJxU0hBMWJRclNLRlRYcjZUX2ppbnpVQ0h4dFN5MWowNmRQdzJ2MnhuR052SWdIN3ZtZGt3Q3VxRkRTTzk1MXRFdk0zenc3dlJIcW5yWDBiSzVCQlNkSU1kSkRRTy14SUxGZGZDdDlUUFdxYUlESkp3N3BuQTVodDJlWWJkLXZPT1pXNEtVTkE?oc=5,"Thu, 25 Mar 2021 07:00:00 GMT",NBC News
2026-05-11 07:56:08,Suez Canal blockage,"Suez Canal blockage caused Maersk to face $89M loss, increased CO2 emissions - Offshore Energy",https://news.google.com/rss/articles/CBMiqwFBVV95cUxPa3JxcVhjT0dJVGFZVUl2SU01YzBZcldQUXNqalRoRmNWVklMN2VoRnZkaHhSQlIwMi13M1FMaExUODYtQ3pYc3daTjRwY1NXZ2pKNjB6cFRnWDRlUFFRcndqVE5FUnBiWjBrN3RtWjlweXBnWmUxV3VnMnVTVjlnSDBHd3F4SG5aTU1QSGFzci0zR2RYRmJkejYxS3hCN1VzR21KSlVMR2dlbDg?oc=5,"Thu, 23 Jan 2025 08:00:00 GMT",Offshore Energy
2026-05-11 07:56:08,Suez Canal blockage,Suez blockage due to Ever Given - Reuters,https://news.google.com/rss/articles/CBMidEFVX3lxTE1iWGRBUXprZnFNdlZOWFhrTXNnQ2xtYjIzMFJ3N0h1bWFaMWpMT3VTcDI0S0ZSZkpyR2xxNERTRWozT192MWJ6Ml9zODhkcG1kakNxcnRZX05LMURkWUotMC1BY0RnSEIwRXlhVzQzYzFGZGRr?oc=5,"Fri, 26 Mar 2021 07:00:00 GMT",Reuters
2026-05-11 07:56:08,Suez Canal blockage,Suez Canal blockage is delaying an estimated $400 million an hour in goods - NBC News,https://news.google.com/rss/articles/CBMisAFBVV95cUxQNF9za3FzdXZpYm5SNmdNOXZDRU80emUteXpuY2pNRmtrS1I4ZDBZaUU4bG1OQngwOHk0TlZ5dFhQY3JUZEUzYVNOamVzVTloRnAxaTBvQUZ1MHJINXcyVWNtRWpBWXM4WjFLY3BZZzlSSGc3WFozZGxKQzhORzdpQlJ6eDlBNU9SeHdxMFpNb2xqRmJjMDVfTjJkX0VGVXNlbENpMkF6YlZPSFFHVWN6MA?oc=5,"Fri, 26 Mar 2021 07:00:00 GMT",NBC News
2026-05-11 08:03:00,Bosch factory fire,Live updates on the Nexperia chip crisis impact on the auto industry - Automotive News,https://news.google.com/rss/articles/CBMihgFBVV95cUxNV2YtWXVfZnhUM0FOVzNpZjhqckxPeTRMbUtzZW5heFJPU0RHSlFaVXp4MWdueS1sY01QcWVGZWpYcmJuS01hNGw1cWpIMkNvN1JPUUFOeUl6T2xGdDFVODVwa25OVGVjbERVTEhYZGtobHBNVVIwU3lsUHJPcTNKZnM2enNBdw?oc=5,"Sun, 09 Nov 2025 08:00:00 GMT",Automotive News
2026-05-11 08:03:00,Bosch factory fire,Bosch equips IncarPalm cardboard factory in Ecuador | IFSJ - International Fire & Safety Journal,https://news.google.com/rss/articles/CBMioAFBVV95cUxQcDRlbm83NHFRN1R6ZW1ERzBPTUtnUWlBQ25xMXg3WGMzc1dCU1h2SU9JVTRjM0g4X1NPS1V5aS1BOWpGMXpPTnV0c0lTa25sSzhXM18tVUIyeEl2ZXlTY1NsRGVpSlZIMEd6bTNZWHNmbDlGTGIzbzZWaDFNMFJTS2RDZ1doTUw2RlZULU9ZRGdzRnRwbkxBdWxGa1pEOVhO?oc=5,"Thu, 15 Jul 2021 07:00:00 GMT",International Fire & Safety Journal
2026-05-11 08:03:00,Bosch factory fire,Amazon opening new facility at Broadview Bosch plant site - ABC7 Chicago,https://news.google.com/rss/articles/CBMigAFBVV95cUxQNHowM0JLeEYyVjFkU1BJNkpfX0taclNYQ0JRclVuNWMtQ2lNQ3RROVczLVNvNy1LZmJNTmc4OV9aZzFEMWZhaHBDV0l0ZVpXMS1ObzllcDBHLTZVeHFkWkNwYi1hY0w2a3pNMnVfNTNkZ2lCb2hidGJ0RGpTdzJZUtIBhgFBVV95cUxNa0JXclpoMkwycXBjV25Zci1FLUpwNVVaM0RxSWFtZ1otY3dGLXdHSzlPRVZ0NFhTOUtSVkdibV8wcExPWXQyUnFSVm11ZnhyNG1RNF8zbUZJZGh2RVhvOFJYNC1ZOW90ZlZ6S2JQX2sycy03N1Fub1A5cXZJOWhNOWdXbG9rZw?oc=5,"Sat, 16 Jan 2021 08:00:00 GMT",ABC7 Chicago
2026-05-11 08:03:00,Bosch factory fire,Bosch sells off its smart building product business ... - eeNews Europe,https://news.google.com/rss/articles/CBMijAFBVV95cUxQSWJLMUk5QVBmdm9NblBiUkpfcWh2ak5uR0M4MmhKaFVtSklkbHZEZHZQaUYwWGQ3czBuQ0l5RnNjeXo0M014ZGtmbktkdW5wWUxidE9OaWtlRDJ2ZXY2cTNqTnYwNkpmd0ZXTm0wRngxTl9GMlFZajJGOHJ1Yk81NWpQSXdCd093SS1zRA?oc=5,"Mon, 16 Dec 2024 08:00:00 GMT",eeNews Europe
2026-05-11 08:03:00,Bosch factory fire,"The solar house is on fire, but Dean Solon is rushing back in - Canary Media",https://news.google.com/rss/articles/CBMiiAFBVV95cUxQcU5CX2JEcGswRkZyR010bUZGMGdDR2R2bE15SF92ZHJXZ1Vnb3l4ZHZOREhacFpTTWhhbkVnNGlDRUxpNzZSVkhsempMNWYtblhmeW55QmkyZ05pVUk1Q1A3QWVRWDBmWEdlSjJpeTI4LXhBTHN0Ym1QWnFxWjg0R2xvdmtZS1Nz?oc=5,"Mon, 07 Jul 2025 07:00:00 GMT",Canary Media
2026-05-11 08:03:00,Bosch factory fire,Fire at Faurecia plant in Michigan briefly halts some production - Automotive News,https://news.google.com/rss/articles/CBMijwFBVV95cUxOakZyMWw4eWJza2tULTBrcWlvbXJTSXM3OURDQ0hTbWVXUENnTUo2d3ZJdnMtOHVTS2JzLW1HcXRfNEE4dVJDeEU2eXdKT0o1VENfU2l3V2d4dFJJMXkxem5rVFJYVE9XWUhRRTFpdlJDWnZLRVBPVVh1TTNTS2IxZmhlTWhCTldYV3ZIZGlqYw?oc=5,"Tue, 29 Jun 2021 07:00:00 GMT",Automotive News
2026-05-11 08:03:00,Bosch factory fire,The Eighth Air Force vs. The Luftwaffe - The National WWII Museum | New Orleans,https://news.google.com/rss/articles/CBMiggFBVV95cUxOQkc0RGxKcVVteUZkd3ZxV3c0ZEx2WGFTMkpaZEhJdmJsUzVjX3RFTEFUbnJIR3ZfOVlzTG9Zc0lpRHJ3MGlZVUNGUXBTNXNoVVdRRkUxcnlzeFFlT19CQlVpcUlMOEtTR1BabEp1UGpFTU5hX3F5R2h0UVdFUXpfbDZn?oc=5,"Wed, 18 Oct 2017 07:00:00 GMT",The National WWII Museum | New Orleans
2026-05-11 08:03:00,Bosch factory fire,History of the Bosch horn - Bosch Global,https://news.google.com/rss/articles/CBMiWEFVX3lxTE5JRHN3YVpkZHhoY3dnODhkLVpxN1o4aTVaSUtCTEFVX2NPLS0tdkxGX3lZYVM5b09sRjl4b2xPVVZwVDluZ3ZIbFo5dGRVUVJDQ0tmREpOM3k?oc=5,"Sat, 31 Jul 2021 01:17:19 GMT",Bosch Global
2026-05-11 08:03:00,Bosch factory fire,ST to build new 200 mm SiC fab in China - Electronics360,https://news.google.com/rss/articles/CBMilgFBVV95cUxPWGQ3YzZvd1l6d0swTWRyTGRJZ0RuQTBNV1hpTThCZ3I0MFFveC1KY3dRa0U3OWtYV3pMS0Z5TWY5dXRpazVqdzBqRDVKbE5WbU5NVWJGUzVjSHhjRzFKdXZ3MjUwQ2IzZDFXbmc4Wk52RGd1aVB5WVNrSXRjWFlMQXkyMktET1RvMk5NcGdDQ3JVY0RlalE?oc=5,"Thu, 08 Jun 2023 07:00:00 GMT",Electronics360
2026-05-11 08:03:00,Bosch factory fire,Elon Musk calls out two of the biggest automotive chip suppliers for impacting Tesla production - Mint,https://news.google.com/rss/articles/CBMi5AFBVV95cUxObkF1Q0dSUG1oTGx5S05vZEE5X0hVY21ydE5WczVoc2F5VUgtbkxBVWV1T2hIZUhiN3E2bnhmLU93N2xGNE0xWnZsUWd0d1BSdDNYdlR3SDF4ZGkzcXJPSzc4X3JqRjZEbUZhajRMUzJQMjY2Y0F0SjBoTGZCeWhBWHNqS1djS3lXREROb3VGRDRpUTM1UmpweUFkd2Q5dXhNOWUwbDg4bXh1Vmg5ZllwM05HSGFrc202b3kyTzFENG1mWFNUZGFVdFJ3ak5iT0pQeGU0YjV5Wm9YbmtSZDhXS1BXZ1PSAeoBQVVfeXFMTUdDV1ptYWdjZnRtQ2t4RW1lYmpkUTdObkFuZF9RVnNzRjU5MERtSlJfc3N0UDFsVG5lLXRvbzBwM3Z3bVA3bHA4WnpGVDVkOGN2MXd4eDdHRzc0enhxbndxczhSR3BMYlRrTjhuUlFiTTN3bVlKZmpHWGFtUW4wWERpN1NsR1J2QklEUFI4TFNrTWt6cFUxT0N0T0JtWDN5aEdyZTJzSzRUcHBxaFNtQ0lkTEFxWUw5b1FWWXpQVkZwdFJtclJVUF81UE5IbDVMRkoxUG5DU1IxMHpDcnlKSVhLOHA2MmNObkVB?oc=5,"Thu, 12 Aug 2021 07:00:00 GMT",Mint
2026-05-11 08:03:00,Bosch factory fire,Semiconductor chip shortage: how has car production been affected? - Carwow,https://news.google.com/rss/articles/CBMijAFBVV95cUxPZENFVkRQb0Z5eC1nY3gwcjhTNDJCWjNzTllFSmNRQUZzZVJvR3R0M1haemFNRkszSF9sNFh1aXFUSFh5LXNLX1RMaDhiMHJpdlJUOHNia2U5SGszYTNDeDNlMm44UXpac2NhXy1zM0RBSV90dEwzQXgzOEkxeDRqTGVxTmNfMHVmOWVuRg?oc=5,"Mon, 28 Feb 2022 08:00:00 GMT",Carwow
2026-05-11 08:03:00,Bosch factory fire,"Fire destroys 40 cars at Wernhout auto salvage yard, warehouse spared - NL Times",https://news.google.com/rss/articles/CBMimwFBVV95cUxOS0huaVFqbEd0OXZWc2x2NU1zNGNpZ3lVR1ljY3lIbHhYSzUtVS1GMXR6NkJJMXdFRjRSaWJDU2FpV0hUUHhXd045aElIR3ZhSE92OTRjVE1xMzFlRXFSaTN0Z1liZlRBUTRiNzNPNmhVWXZzN3R0bkYzY01CV2dvRHVhdHJnUFl5NEFfOXFzck12UEFzTmtKUzBBRQ?oc=5,"Sun, 10 Aug 2025 07:00:00 GMT",NL Times
2026-05-11 08:03:00,Bosch factory fire,Millions go up in flames at Cape Town cash and carry warehouse - Sowetan,https://news.google.com/rss/articles/CBMiqAFBVV95cUxOWUJ4WmRrLTdidFNWdDV4Y1dxYmVCdFdFRzREeDh6eHlCM3drZ0gwYmRYZTFNOFZMUWhfVFVGdllzSWJsZEY4bUZLT042dElLMHpQNGkyNEcyUHlYc0RwX0RVbld6T3lCVXVMelhaTUVoaVpJdElDUTBkYTZRMFZkSFVWSjUtUXRPM0lQbkJsY3RDd3RRQWVvVE9QdHlYVXJ3UjF6ZG9xeTA?oc=5,"Sat, 28 Oct 2017 07:00:00 GMT",Sowetan
2026-05-11 08:03:01,Taiwan earthquake semiconductor,Taiwan Quake Raises Concerns Over Chip Supply Chain - EE Times,https://news.google.com/rss/articles/CBMiggFBVV95cUxOSHlPTW9JcEpqT3Q4dkk3d1ZPY1hvRFZDZFhxaFdMOHV0VFFRcUIxRUxNUDEyVEtRTUZhODZuaWVxWkIyeTlhenRsT01jbGtXb3dkQUlIcGY1cjNZZGpsdkFpX2htT190RDdqS1BETWJMcTlqMU1Eam5KTk1QZF9SU2xR?oc=5,"Fri, 17 Jan 2025 09:35:40 GMT",EE Times
2026-05-11 08:03:01,Taiwan earthquake semiconductor,Taiwan Quake Jolts Production of World’s Most Advanced Chips - Bloomberg,https://news.google.com/rss/articles/CBMirAFBVV95cUxObVE0M2VRdmRXU3ZQZW5FWDUwSEwyTlNMZ2F5alVhS3hCZDdFRmxoaDlNYlQzUzVSWWpBSVF0ZDJ5WE1DaC1jMXl4Zi01RUJ0OXEyemZLYnJid0p4MkdKSGppQXdhenVwQnZvQ2FSM3VpMHdNQjB4dnBpbXdNOEh3aS10WnVTSlZ4em9neU1jdDZrNG5uQTBrdnk2bTdsMFFfamhDX0lKa2xKbkpT?oc=5,"Wed, 03 Apr 2024 07:00:00 GMT",Bloomberg
2026-05-11 09:42:46,Bosch factory fire,Interview. Bosch Rexroth Unveils New Battery Recycling Solution - DirectIndustry e-Magazine,https://news.google.com/rss/articles/CBMiqgFBVV95cUxPM1VzNlgtQjZMWC1ZUkpLRlRlZGpSSkZTWjJBb1NmNHdCMnZYY21nbFRBMHJLQnpOMU80dDIyckd2WjQyc1NwOUZkMnhSazdfNFdDMTVfbnNZZjNPSHlpRXluTmNnbkl1NU5xX3ZXVklmWl9vbHNqYkhHOHppc3o1R3VGNkRfSHEtdWY2QnZqZjZHTURmV2NIaXRzLWVxM0RmdG9pRFo0elV4UQ?oc=5,"Thu, 14 Dec 2023 08:00:00 GMT",DirectIndustry e-Magazine
2026-05-11 09:42:46,Bosch factory fire,Bosch's Aviotec 8000i IR: Cutting-Edge AI Fire And Smoke Detection | Fire news - Big Red Guide,https://news.google.com/rss/articles/CBMi5AFBVV95cUxOY3daMzN1czR6OU81ZUZuQUFmdGtaSUdHSmpCNHV6QldPMWVaM0xvMTc1SkZmbmtYMFE1VEVLdkt1ZU1jcnBoRURkWExXT1RzNWtiQ2dPYVlkQ3FjaS1hR3FVRXhobEdDS1VsbTN4OG5YRVJHSWhsTHdadFptTlE4T3lGWDQtUGpmV3NlMWhvYVg4UHFBcUh3QUFvVDI4UXdnNGVDMThYcFRRaUZaenAza1k0NUhEUDZJZHh1U0gzaGItRWt1Qkw3cFhqSjEyMndDTjNNYkFhdFllYlFoNm1uMmE1VnQ?oc=5,"Fri, 08 Dec 2023 08:00:00 GMT",Big Red Guide
2026-05-11 09:42:46,Bosch factory fire,Mondelez gives update after fire keeps Chirk factory partly closed - Border Counties Advertizer,https://news.google.com/rss/articles/CBMisgFBVV95cUxObVoxZjNRMzN3UlNHX1pELTlxUnlaSzdWQ2lYNU9RMGZna2pIWnRxSWpuVmFfeWZSbjBFS1g5Z0hXYUREbUlVYTdwOC1JWXVhbk9iYkkzUmdhbEJoNktKSjNITmxNb0dMemIxZFQxcGZ6Q0lXWUgtc1FSazNfLUdvaWFNaEROdGxydXBGQ2E4RkJBdnFnalpSell6RlFhS3BqcDZWS0VjZzkyU0lTSkMyNmlR?oc=5,"Mon, 15 Dec 2025 08:00:00 GMT",Border Counties Advertizer
2026-05-11 09:42:47,China export restriction battery,China's renewable energy expansion continues with 114 overseas facilities bypass trade restrictions - Wood Mackenzie,https://news.google.com/rss/articles/CBMibEFVX3lxTFAtLU5FNzB1RWRSRkkwVnlGTklNSmJpUGlVeW5kZ0UtSGluQ3hWXzBRblZtckhhcVpRZDZDeXk4dGlaMzJBMHZUdHc1NVg4MWxHSU5oaUlyZ3VyQWNINUFSQnB2LWxTRmYyaGRodA?oc=5,"Tue, 05 Aug 2025 07:00:00 GMT",Wood Mackenzie
2026-05-11 09:42:47,China export restriction battery,"After Disrupting Global Supply Chains With Rare Earth Curbs, China Tightens Export Restrictions On Critical EV Battery Technologies - Swarajyamag",https://news.google.com/rss/articles/CBMi-AFBVV95cUxQVkswOGRId3lIR2JqbzVzN0JtTkZRbjVfb0xLdmlBbTZuSVR1U3ZOSEVJQWRXSjVJNlc3QVdIcmdIbUZIcS1FcVF0aDNYN2twZTBfLVJSZnRDdllNWDlYVHRDRmNOTllZWk9IR0tKaFNNUUI4c1JWZnh3d1lqeFZtMTZOOVA2VUwtMklmMXdOc253SjhlTy1MYzVFdk1CNnBtWHYxQWRHakNuWUVMbFlUNTdpVTZzQV9GRXBobGNndFY2dEJPS3JPdWU0dktsQXk0cXk3MTg0NDFTNUVHc1JKemJvVTFlMVdBVW9lUXFXVTQ0ei1HTnUxTtIBiAJBVV95cUxON2ZOUXRVN0duWHZYSWdQMGIwODhUUVN6UjE0Wm5tcUtCZTBFYTVRbGVLTmRnelVVVzhmYlNKM1p1aFU4Zk1CcDhiczB2SG55bnllNDNzVzBwNkJWSHhER2o4TUI0T1lMMWNnTWtmbTlfVHRzdEtXRGxuWThhZ3ZsLXFpU2IwUHRfWjV2MlRNX05TWDkyZmVJdkRBc3FfVHU1dGpDMGlhc1dfbkcySlhpUmozMFhDSzh6b0pVMGRSWlBscGhkR0NZd1FMR1N6R0VRQTJ3M1lxSDlMOTNPNUxCTmdpclZDeVBaZGJyd3dhSHZuT29LQ1dGYzlYY2xUSGRlTGp3UGxzSUk?oc=5,"Thu, 17 Jul 2025 07:00:00 GMT",Swarajyamag
2026-05-11 09:42:47,China export restriction battery,U.S. Battery Makers Declare National Emergency After China's Antimony Ban - Crude Oil Prices Today | OilPrice.com,https://news.google.com/rss/articles/CBMixAFBVV95cUxNRUp3MFBzOXR4RU03NHpHQk9ndjVpMVZsNmM1M1ZZNDFsXzN6QVBUZzRJR1FTQ3dIc3NzOEY1OVFKbHBMV0ZzeWNtNTZUYzRpNmp5bnpYel83TVdZakNCM0NLWjNreDNCbkVJOXkzYUFrMENjQlQ1eHJZTHRvQzJsWjBlSXk2cjJ0cUVocG10Y2xKSGtNMnNtWmVQbGVubjNUeml1SjlzTUVwd3Z5cWVwMWdCZFRxNkFscnpVVVZNbjQzWHRW0gHKAUFVX3lxTFBiZzd1LTlqRDVqU2FKU0Y4TFRyTldHWTFkanljaFRKMUhmSUI2M0c5TXFmWW15NEtWalhsUDYxd1JzVFlLWWo0cWRFTkdPRGNETHpvYWRISUhBNjdTSERPdlJZLWFKVEhRZ3BrS3hQSXFJbl9VUGRUNHZMRzlaUERKODZKNDRBR2x3T1pYVks5WHVpM2l3R2VNTTY5eUNyR1BVbi1qZGw2UUw1T2puLVJvdDAxRl9hbld1cXMzcmk0dDA4TWJvUTU2aUE?oc=5,"Wed, 18 Jun 2025 07:00:00 GMT",Crude Oil Prices Today | OilPrice.com
2026-05-11 09:42:48,Suez Canal blockage,"The Suez Canal Crisis, an Opportunity for Tenerife - Puente de Mando",https://news.google.com/rss/articles/CBMif0FVX3lxTFBOdHFZUjJwNlZFbmJDbzRQLXB6WkhrUWFoVXhkTEdGS3VLM3h1aWNzUTdJM2d4V1Y5T2UwYkxFaWZOYmNRX3NFcElHSnExYkp2MVFnZDRiVGYzZ041aG1ac09PSU9kbEFpRGVRVUtFbEpDaEtvTE43Sk5NM3dsQUU?oc=5,"Thu, 07 May 2026 18:05:15 GMT",Puente de Mando
2026-05-11 09:42:48,Suez Canal blockage,A lifeline under threat: Why the Suez Canal’s security matters for the world - Atlantic Council,https://news.google.com/rss/articles/CBMi3gFBVV95cUxQakduR3Jsb0xrdmxTX25kd0dqRVh3cl84cVVkdGpuRnp1RXF5UW5oWjZQb2VJRmkxSGRSWTdqZlVMaExZeV9jMTRmbUFsZVFtal8tSEVWR0I4U184eUx3YnpWYXRUZkhDQ3pteUFLblk3Y3ljcXRVYmZtcnNGSW9qV3JnTUt3dEtWM1VaUWEzUXNuTmVLRDdUczBUeGtQdkVmZjVWT1drR3h3UGVtMkVLWGk4bkV6cVZSOHFaOUJndGROaDV5RlVqTTY3cTFkRUFSY0c0MkRaSHBSdGlPUEE?oc=5,"Thu, 20 Mar 2025 07:00:00 GMT",Atlantic Council
2026-05-11 09:42:48,Suez Canal blockage,Suez Canal reopens after giant stranded ship is freed - BBC,https://news.google.com/rss/articles/CBMiYEFVX3lxTFBDR3lwZ21iQ2h1WUh6eHNHd1MtYWJrTnlDZVNIb3IyczE1WVVMQ3RBbWx6NkQxclNvLXItTHBTTmFzd3ZILXFheGhtTXZhM09aSnE0TS1YRzVydHk1TXI0OQ?oc=5,"Mon, 29 Mar 2021 07:00:00 GMT",BBC
2026-05-11 09:42:48,Suez Canal blockage,Suez Canal at risk: What shippers should know to mitigate disruption - Supply Chain Dive,https://news.google.com/rss/articles/CBMiuwFBVV95cUxNa3JWaG1Bb1I3Yk5pX0EzbXFremwzUGlPd3NudUdXOXVPd1Rfcmt0OFBsM3VXM2Z0Q0RVeW9BdkFhX2l4YWNLd3NfOXFIU19qOEtvaTMyeS1kSGVmb1RsVUlnc2J1QW5YVkZENE5DSVd6emhmQ2FZdldCU2NWV2NYcjYtRFVlNjZ3QmY1RHR1dWlRbFlUNWpUNUo1SFZkbjhGc0hYZk1pbk05WkVQRnFhTjBUSmpZLTNocHRV?oc=5,"Fri, 22 Dec 2023 08:00:00 GMT",Supply Chain Dive
2026-05-11 09:42:48,Suez Canal blockage,Suez Canal Blockage Highlights Plight of Farm Animals at Sea - Animal Welfare Institute,https://news.google.com/rss/articles/CBMipAFBVV95cUxNTTRxNUg3ZTNjd2RBSFQ3X0FMdEJZOW1CcEk1YktfSld0NVJPc0gwRVYxOVNLQ19OZVVCaTlHVDFYUmVoOVlyZ2MxSmVqR1BNMTBXblo1RjFHUW14Q1ZWaWt1YWpFbEx5NWVXTnk5TWtUSVBiSHBqcEhTN01nYy1GLUpVLTFlUHNtVjBBcXZ0QXI1aU5jaFNHUVpqVWtxZFp4UmNwMA?oc=5,"Fri, 25 Jun 2021 02:15:23 GMT",Animal Welfare Institute
2026-05-11 09:42:48,Suez Canal blockage,Ever Given: Cargo ship returns through Suez Canal it blocked - BBC,https://news.google.com/rss/articles/CBMiYEFVX3lxTFBwLVNnR2FRTm80UHA4OU0tTEVwaTh3TnNrWFlib3BUejk1dUlEdFAzN1lKeFdoYUtOUXJEVmVwTDJsREU2WnBiUmE3NXY2NFVUcWZZWE5sLVpsbXlpN01JaA?oc=5,"Fri, 20 Aug 2021 07:00:00 GMT",BBC
2026-05-11 09:42:48,Suez Canal blockage,The winners and losers emerging from the Suez Canal crisis - AlphaSense,https://news.google.com/rss/articles/CBMioAFBVV95cUxQZkFDMWs3ZEpXa0hJMm5ScTlDV01aSGlScGJzbTBYM2UwMkJTbkltcEpkU3hLbXlXRVBvUkZMZXBJMFhzNkFhY2pBeVRva3M0UW0yV3BlaDFIeVJ1dGZPbGNLblBoRnctZ3h6SzJXU0J1eEtuazFLT0JGWWVtVS1aQXQtMXNYbnNiQkpRUzNPNUtxNUdkSzdVTnhoTDlFV1VK?oc=5,"Sat, 10 Dec 2022 04:31:26 GMT",AlphaSense
2026-05-11 09:42:48,Suez Canal blockage,Wind ... or worse: was pilot error to blame for the Suez blockage? - The Guardian,https://news.google.com/rss/articles/CBMisgFBVV95cUxPdF9aTF9feElCU2JVM0tBVDJOMFFDTDE3Y2NBX19HeGNIVms4dmpDVmExZlpuQ3lCLUNBdTJvb3V1Z0o1dl9vd0FWaGF1RFdHcE44cS1FVXNvQWJoN1BwWUdfbm5odlVVX3dfT21nb2tSaTUyNHRXNTBjakZhSnVPc0Y3YkNBMTEwQjJHallTUjJOajNfMlNhSVZJSklyUnVmTFVjbTJkQ0xYOTBDRmRZd3Jn?oc=5,"Sat, 03 Apr 2021 07:00:00 GMT",The Guardian
2026-05-11 09:42:48,Suez Canal blockage,Suez Canal: Ever Given container ship shifted from shoreline - BBC,https://news.google.com/rss/articles/CBMiYEFVX3lxTE56RV84dWZ1MFNfbi1DTnVZQkRaWFpCQnFyM2V6ZzB3OHJKT3FCVW1LVGFkMk50cGk5S3BvTG15ZUpuMDFjMlBxX2p2blViVkdBSUpOaDBKbzdjdUtfeEJ5OA?oc=5,"Mon, 29 Mar 2021 07:00:00 GMT",BBC
2026-05-11 09:42:48,Suez Canal blockage,Suez canal: Ever Given container ship freed after a week - The Guardian,https://news.google.com/rss/articles/CBMiqwFBVV95cUxNNWJod0pSbHFWNm1KbFh0WXFrYS1YeXpnNUU3TmZrY1dpWUVNbkRUSGx6V0QxajZad01zWXFQd05xUzk5ZmdWQWVZLWU5WV9QeUppdkJFS1VVTmY1elg5UGxabEJBdGt0OUl1TTlsMGtPZzBtTS1hak4zbzE1UkxwUjFqWk5mQ2RhR2ZQRk1TS1E3ejlINi1wcjVYcG9wTl85UG5vLTRUQnhBRkE?oc=5,"Sun, 28 Mar 2021 07:00:00 GMT",The Guardian
2026-05-11 09:42:48,Suez Canal blockage,Suez Canal: Ships stuck in 'traffic jam' as salvage efforts continue - BBC,https://news.google.com/rss/articles/CBMiYEFVX3lxTFA2V0VWS2JZanV3ZjBIUHVIeUtWYkNuSzROVU5vb1BUMzBnU3c1M0lWVUtzVzFncjE2X0dlT1psVXF5OTJaSklhMmFnQWl6bENvUG4xWDFCXzQxU2JEeTJpUQ?oc=5,"Fri, 26 Mar 2021 07:00:00 GMT",BBC
2026-05-11 15:57:10,Toyota supply chain disruption,Toyota resumes production in Japan after system malfunction - 9News,https://news.google.com/rss/articles/CBMiuwFBVV95cUxQUndnZEhhT050UWRaUkxUaFBWZVgxT1o2OGhDOW9fOFZ0SmFkNko4bmFodkR6WDg1XzFtU2hxOUpjb1U4Y3U1SVpWeDV4UFE5YW4zN3llX2UtQWJCQURCZW9VQkJSUGFsTFNZdkZPZUpMVWwtRjFtRXgwYm5HMkI1TXpJTnVxRVNuY1pzUnZyMjRSU2tucml5cVFOdHNFelFQc2hxcDRiZVV5VFE0RkYzRGpRT1NzQXNZZXln0gF4QVVfeXFMT2JJRGZOTm5yUVNxR1gwN0I0N2J2M3AwZzk0MmZwVUNsS0FZOTVGVzUtZHlyRzhkQU5KbzF1aVFyZGhNZUFJUGZ5eE9rcmVrY2VDZE1oYjloclJqd2VkUEZTSHNmWlp6ZG1HUHZ5MnQtR0VOYUlPWFFm?oc=5,"Wed, 30 Aug 2023 07:00:00 GMT",9News
2026-05-11 15:57:10,Bosch factory fire,Barn fire damages dryer at Vanden Bosch Elevators in Chesterville - FarmersForum.com,https://news.google.com/rss/articles/CBMilgFBVV95cUxOS3cxR0J4Mk9OaHhqaFhGS0xaUzZBTGdwUXUxc2pBYm5Sc2UyU0ZYbk5BdGJHSjVKNS03ZzJWcjR6RldfMHI1VzZoNFJFMnk2N2V6OEpzR0hzaGF6Y3dBVDNjd1lyc1E5MWJiUEMzQzZoZzgxaGxrNG9MNHV2eW1tQ3FtNl9OZUx5VHB6YXJPY3lWa0MzcHc?oc=5,"Mon, 28 Oct 2024 07:00:00 GMT",FarmersForum.com
2026-05-11 15:57:10,Bosch factory fire,Megamo Flame CRB: Spanish fire & Swabian thrust - BIKE - das Mountainbike Magazin,https://news.google.com/rss/articles/CBMimgFBVV95cUxPRkY1YkZrT3pUbjFxVHVpTjFuNlk0NkgxOGw0TFBjby1Ha0pVRzRhQ0xRbEdNUk1kckt6YUxTTU96X0NqUF9sUHJuZ2hYZU00TnVKWW83NkRTdFRQbnQ1aXRGS19OdTFMbS1yNHR2OF9sUmVfNjc4TlBBWEFrTWhJSVZTaW1oTHJjdE1WcS1vc255akI2bW5sblB3?oc=5,"Wed, 26 Mar 2025 07:00:00 GMT",BIKE - das Mountainbike Magazin
2026-05-11 15:57:11,China export restriction battery,How China’s reported sulphuric acid export ban could have global buyers reeling - South China Morning Post,https://news.google.com/rss/articles/CBMi1wFBVV95cUxOa0taNE1GbmFYdEEyWDd2RWh4XzVmZ3dNV3ZEby1adEJ3QnZEbG5TbG1teUdUYS1PUFJ3WkpLem92NTB6QjMtYXM3QmFEVDEyZVVoemFIaE1kQ2tDRUF3eFFWZU0wNHI4eTRyakxsc0t5SWJLVDVRYWZyb0pkQjJ6dFZ0dXJvM2ZQeGFoSU5WamRCdXR6SVRpbi0wQVhSbnlQUUR2d3BzaV9xUDZJVm5hcGhUbFF2QzFJTnRKYjVfZGlWX09KYXZDeG9TT1M5cWxWNXIxbjBJNNIB1wFBVV95cUxNYVdRWW82VEhndjJPV2VMNFpaNDQtSUNpYl80ZExieElrdU10ZXlsWjEwc0pUUms1NXVoQWZfUDhySnNDcHNpNGtMWE5hMUdndTFDYl95VTY4dnE5ZzRtTlhLbHBlZlo2SDhJV3QzR2VoWTRNOWxzQW5jNFAzZmwtcFBYeHpIeHF6cFNtalFuNTNvUXF2LWZPaWZVZC0yY3U0Y0otbEVrT0lyWkJ1TGRYLTJWOEF1bE9oZklCYmVuUTk4VVBVZFhNSzZVaXViLXlrYVAwZ1NyRQ?oc=5,"Wed, 29 Apr 2026 07:00:00 GMT",South China Morning Post
2026-05-11 15:57:11,China export restriction battery,Graphite Mining Disruption: China Tensions Transform Global Supply Chains - Discovery Alert,https://news.google.com/rss/articles/CBMikAFBVV95cUxNNFZLT0FnTDRFeWN5dWxnZlh5MDNhZERGMkZiTVhoV0ZmSUFlRUtjckZLYXRNVXdTbnVpRFJYM1d5VlVTM0x6ZzhoeFFnRHN4Sl84TTQ0REhxeGQxeGM0QTYzaWJaVHgweFgwSEpFel9nMThRN0FOcWR3WnlDeHp0dHRESF8wYU9xOTdLbmNENEM?oc=5,"Thu, 01 Jan 2026 08:00:00 GMT",Discovery Alert
2026-05-11 15:57:11,China export restriction battery,Resource Nationalism and the Resilience of Critical Mineral Supply Chains - Resources for the Future,https://news.google.com/rss/articles/CBMitgFBVV95cUxQanF1THRSVFZBQWxHMm5NRTNnQzZNRzNaOUN4ZlBaQ19OcTJmakM2MG9lMFdiUGdoWkMxbnRpN0w3djRJeThWRHNTNVdzaDdvWm5CTGdoaVJaTXpjT2x0UDZsOVZPWUJEQzJqZ0hwMC1xbHdDS1V5Zmpic2o3MGVpa181cTRJanNJVjc4UlpaMC1KWHlXd2dKaDJKcC0td2MxWmI4aXNuQ1hEb2o5WDZFNFBoQkt1Zw?oc=5,"Mon, 10 Nov 2025 08:00:00 GMT",Resources for the Future
2026-05-11 15:57:12,Suez Canal blockage,"Companies Consider Alternative Routes, Assess Costs as Suez Canal Blockage Continues - WSJ",https://news.google.com/rss/articles/CBMiwgFBVV95cUxOUUZNT3RhWmdjT2xkRzZqUno3WjVGVi1KV0tKT2tlWmxpLXB1ZER6UElETEJqX1c1UDZwai1pMzdlYmduaXZ6WHVZbUlLZW1RZks4ZWFWVW5GS180T01uMG1yTkhfM1gteVZZeEg3Y3pKc3k1UVNGUlctajBiMTd2RW1JZXpWZURhSnhDT2N0UVJpNC0wbTNEWEZBc2hBLVphZkV5N09OTE91M0ZQTXkxWFgzOTZtYi1sWUt3Vi1VZmdJdw?oc=5,"Thu, 25 Mar 2021 07:00:00 GMT",WSJ
2026-05-11 15:57:12,Suez Canal blockage,"With Suez Canal Blocked, Shippers Begin End Run Around a Trade Artery (Published 2021) - The New York Times",https://news.google.com/rss/articles/CBMifEFVX3lxTE1BaE5xamR2QXlmWm84TjlTZG1LREFuYmJZLThxdjA0aGlCN0JLcUk3dzJ2UzA3S19wcl85XzR6RlVtc242TS1oSnVQMDFULWhNS0hCLW1lakowbzlVVUY0b091akVPSWVBRkx4ZGdtQVczQ1plbm84cHpXdkQ?oc=5,"Mon, 29 Mar 2021 07:00:00 GMT",The New York Times
2026-05-11 18:00:08,China export restriction battery,EU to introduce export restrictions on rare earth magnet waste in early 2026 - Global Banking & Finance Review,https://news.google.com/rss/articles/CBMigAFBVV95cUxQNGtrblZXbFF3NVlueGZaXzIybFJjM0dmcDIwNC0zVFFBcWVWOXhUSVpRTkM0LWVYSExadFk4UGtWeVBGVmQ5dV9GTnpUSjFIRDhfcTF0SFVhY2YyVXNlTk5yb0h1cTdkMFdaUE1VblZqOUppWGJHUzhKM1ZVMGI2Tg?oc=5,"Wed, 03 Dec 2025 08:00:00 GMT",Global Banking & Finance Review
2026-05-11 18:00:08,China export restriction battery,China threatens to stop export of iron-based cathode technology - C&EN,https://news.google.com/rss/articles/CBMilgFBVV95cUxNLVdWUE5EOWhTMHdJM3JpaUZqSlc4Ri1tNEpWNWZkRmlDV1lSekpiQ3hEdzZoSFpqSnE4N0QxQlhYY01idlhYSVgzb19fNGY5Y3FTVGxqYzZ4NURMa3VpU2lOVjdjckhGZGhQQm1WemlHSFBmbGNPcWdWRDNwVnJTdjY4U0o3aFNWTHlxdmlRNW1pWm1BQVE?oc=5,"Fri, 10 Jan 2025 08:00:00 GMT",C&EN
2026-05-11 18:00:08,China export restriction battery,"China set to tighten export curbs on battery, chip material tech - Nikkei Asia",https://news.google.com/rss/articles/CBMiqAFBVV95cUxQSFA4ZGlDS1hUSWRXT3pHZVlFNXNLOFYydDZERndpWnJFeHJnX2xDdlJmQXhlckJ3dGJrVXZLNG5Ud2h0M2lHYXV1VlVrcDVnTi1Cc3UyT0hsOWU4YUtkWTVWbE1JUkhJVmdmMnFYQ19xYkJJb052Z2VfYWFGQjRKUHZob1NGeWRlWk1sY0Y1Snd0VDA3TFdIaFFlQnZXVlhBY01aYkxfak4?oc=5,"Tue, 18 Mar 2025 07:00:00 GMT",Nikkei Asia
2026-05-11 20:00:05,Bosch factory fire,Future of NXP’s Dutch factory remains uncertain - Techzine Global,https://news.google.com/rss/articles/CBMinwFBVV95cUxNZDZQU0FxckxhWXpZUU00VWFRLVpYU25VZ2huaGxxU0JHVjVyZk1tMVVobDJEWUNrSkNlRUFBRUh4d0ZHWVNqTkhydTBFV18wbGdSWDBycDdlRl80OHpYMkJ0TnAzbE12ZHBEWXduMlRGY0JaY1RiQjllaDlZOUlJRS1rc2laanRtbnZRSHJMWm1vRDB6N0JnNW54dHhfR3c?oc=5,"Thu, 22 May 2025 07:00:00 GMT",Techzine Global
2026-05-11 20:00:07,China export restriction battery,Securing Europe’s battery future: Why China’s LFP export ban must be a catalyst for action - ESS News,https://news.google.com/rss/articles/CBMiwgFBVV95cUxNcHFpM0x1S25wbGVmZGRkazktOWhfeHhDay0ybE1JZVdRZVNFU1pjaGZNX2Z5cVpyWWtpT2lQSTh3R1ROQURVRXV6U1ZlTU9PaDB3a2dhNVlwaUtrYVhac2pkNHVoU2U2RjJWUzF0MEkxTnpyTWFyZWItM2xheWg5U1I3ODc2amhkS0ltMXgxSnRIdzlHZ1dfdDZLWncxY1h4alNST1hVV254Y3p3bWtVU3BoQXF2Y0dLUFhfMGx5REExQQ?oc=5,"Tue, 02 Sep 2025 07:00:00 GMT",ESS News
